id,pillar,format,series,hook,body,cta,cta_fb,li_lead,image_prompt,image_style,aspect,platforms,tagset,caption_ig,caption_ig_notags,caption_fb,caption_li,date,time,status,ig_url,fb_url,li_url,pillar_label
TP-01,trade-pain,static,,"“It’s an easy fit, my brother-in-law said.”","“It’s an easy fit.”

Three words that have ended more window careers than any health and safety course.

The brother-in-law has never touched a reveal. The brother-in-law does not know the cavity is 40mm short of the frame. The brother-in-law has never had to scribe a 6mm wedge into a brick corner while a customer watches from a Velux.

Easiest job in the world. Ten out of ten.",,,,"Photorealistic wide shot of a large bay window in a messy Victorian UK living room, roller blind half raised, workbench and timber offcuts in the foreground, dust sheets, tools scattered, a single surprised looking workman in hi-vis standing back with a tape measure, flat daylight, the classic 'this is a big job' reveal Photorealistic candid documentary photograph of a UK tradesperson at work, hi-vis and worn workwear, tools and laser measure in frame, overcast British daylight, van or scaffold hinted in background, slightly chaotic and real, not staged. Muted natural palette, 35mm, shallow depth of field. Absolutely no text, no captions, no logos, no watermarks, no UI overlays.",photo-trades,,"IG,FB,LI",pain,"“It’s an easy fit, my brother-in-law said.”

“It’s an easy fit.”

Three words that have ended more window careers than any health and safety course.

The brother-in-law has never touched a reveal. The brother-in-law does not know the cavity is 40mm short of the frame. The brother-in-law has never had to scribe a 6mm wedge into a brick corner while a customer watches from a Velux.

Easiest job in the world. Ten out of ten.

🪟  fenora.pro  —  one record for the whole window job

#fitterslife #tradeslife #windowfittersofinstagram #uktrades #fenorapro #tradesmen #builderlife #skilledtrades #bluecollar #constructionuk #renovation #homeimprovement #diy #makestrends #fenestration #glazing #joinery #doubleglazing #windows","“It’s an easy fit, my brother-in-law said.”

“It’s an easy fit.”

Three words that have ended more window careers than any health and safety course.

The brother-in-law has never touched a reveal. The brother-in-law does not know the cavity is 40mm short of the frame. The brother-in-law has never had to scribe a 6mm wedge into a brick corner while a customer watches from a Velux.

Easiest job in the world. Ten out of ten.

🪟  fenora.pro  —  one record for the whole window job","“It’s an easy fit, my brother-in-law said.”

“It’s an easy fit.”

Three words that have ended more window careers than any health and safety course.

The brother-in-law has never touched a reveal. The brother-in-law does not know the cavity is 40mm short of the frame. The brother-in-law has never had to scribe a 6mm wedge into a brick corner while a customer watches from a Velux.

Easiest job in the world. Ten out of ten.

🪟  fenora.pro  —  one record for the whole window job","“It’s an easy fit, my brother-in-law said.”

Three words that have ended more window careers than any health and safety course.

The brother-in-law has never touched a reveal. The brother-in-law does not know the cavity is 40mm short of the frame. The brother-in-law has never had to scribe a 6mm wedge into a brick corner while a customer watches from a Velux.

Easiest job in the world. Ten out of ten.


— fenora.pro",,08:15,draft,,,,Trade Pain
TP-02,trade-pain,static,,“The wall is straight.” It is not.,"The reveal said 70mm.
The reveal measured 52mm.
The reveal is 70mm at the top and 52mm at the bottom and 61mm in the middle, because of course it is.

The client told me three times the wall was straight. The client was standing in front of the wall. The client could not see the wall.

The wall is a 1920s extension, built by a man who was very keen on doing things his own way.",,,,"Close-up photorealistic shot of a crooked, wonky UK brick window reveal, brickwork visibly sagging and uneven, a spirit level laid across the cill showing the bubble dead centre-left, tape measure hooked on a worn timber cill, grey overcast light, clinical and damning Photorealistic editorial photograph, UK domestic architecture, soft overcast British daylight, shot on 35mm, shallow depth of field, muted natural palette of slate grey, birch plywood, anthracite and warm oak. Documentary realism, not glossy advertising. Absolutely no text, no captions, no logos, no watermarks, no UI overlays.",photo-real,,"IG,FB,LI",pain,"“The wall is straight.” It is not.

The reveal said 70mm.
The reveal measured 52mm.
The reveal is 70mm at the top and 52mm at the bottom and 61mm in the middle, because of course it is.

The client told me three times the wall was straight. The client was standing in front of the wall. The client could not see the wall.

The wall is a 1920s extension, built by a man who was very keen on doing things his own way.

🪟  fenora.pro  —  one record for the whole window job

#fitterslife #tradeslife #windowfittersofinstagram #uktrades #fenorapro #builderlife #skilledtrades #bluecollar #constructionuk #renovation #homeimprovement #diy #makestrends #fenestration #glazing #joinery #doubleglazing #windows #fyp","“The wall is straight.” It is not.

The reveal said 70mm.
The reveal measured 52mm.
The reveal is 70mm at the top and 52mm at the bottom and 61mm in the middle, because of course it is.

The client told me three times the wall was straight. The client was standing in front of the wall. The client could not see the wall.

The wall is a 1920s extension, built by a man who was very keen on doing things his own way.

🪟  fenora.pro  —  one record for the whole window job","“The wall is straight.” It is not.

The reveal said 70mm.
The reveal measured 52mm.
The reveal is 70mm at the top and 52mm at the bottom and 61mm in the middle, because of course it is.

The client told me three times the wall was straight. The client was standing in front of the wall. The client could not see the wall.

The wall is a 1920s extension, built by a man who was very keen on doing things his own way.

🪟  fenora.pro  —  one record for the whole window job","“The wall is straight.” It is not.

The reveal said 70mm.
The reveal measured 52mm.
The reveal is 70mm at the top and 52mm at the bottom and 61mm in the middle, because of course it is.

The client told me three times the wall was straight. The client was standing in front of the wall. The client could not see the wall.

The wall is a 1920s extension, built by a man who was very keen on doing things his own way.


— fenora.pro",,08:15,draft,,,,Trade Pain
TP-03,trade-pain,static,,Size: 1200 × 1650. Reality: 1196 × 1652. Pride: gone.,"Quoted 1200 × 1650.
Surveyed 1196 × 1652.

Four millimetres of humbling. Four millimetres that turn a 20 minute install into a 4 hour one with scribing, packing, foam and prayer.

Every fitter alive has a number they check and pray is still there when they get to site. Mine was 1650. It was 1652.",,,,"Extreme close-up photorealistic photograph of a digital laser measure display reading 1652mm held against a white painted window reveal, a steel rule and a pencil in frame, shallow depth of field, cold grey window light, sense of quiet devastation Photorealistic candid documentary photograph of a UK tradesperson at work, hi-vis and worn workwear, tools and laser measure in frame, overcast British daylight, van or scaffold hinted in background, slightly chaotic and real, not staged. Muted natural palette, 35mm, shallow depth of field. Absolutely no text, no captions, no logos, no watermarks, no UI overlays.",photo-trades,,"IG,FB,LI",pain,"Size: 1200 × 1650. Reality: 1196 × 1652. Pride: gone.

Quoted 1200 × 1650.
Surveyed 1196 × 1652.

Four millimetres of humbling. Four millimetres that turn a 20 minute install into a 4 hour one with scribing, packing, foam and prayer.

Every fitter alive has a number they check and pray is still there when they get to site. Mine was 1650. It was 1652.

🪟  fenora.pro  —  one record for the whole window job

#fitterslife #tradeslife #windowfittersofinstagram #uktrades #fenorapro #skilledtrades #bluecollar #constructionuk #renovation #homeimprovement #diy #makestrends #fenestration #glazing #joinery #doubleglazing #windows #fyp #reels","Size: 1200 × 1650. Reality: 1196 × 1652. Pride: gone.

Quoted 1200 × 1650.
Surveyed 1196 × 1652.

Four millimetres of humbling. Four millimetres that turn a 20 minute install into a 4 hour one with scribing, packing, foam and prayer.

Every fitter alive has a number they check and pray is still there when they get to site. Mine was 1650. It was 1652.

🪟  fenora.pro  —  one record for the whole window job","Size: 1200 × 1650. Reality: 1196 × 1652. Pride: gone.

Quoted 1200 × 1650.
Surveyed 1196 × 1652.

Four millimetres of humbling. Four millimetres that turn a 20 minute install into a 4 hour one with scribing, packing, foam and prayer.

Every fitter alive has a number they check and pray is still there when they get to site. Mine was 1650. It was 1652.

🪟  fenora.pro  —  one record for the whole window job","Size: 1200 × 1650. Reality: 1196 × 1652. Pride: gone.

Quoted 1200 × 1650.
Surveyed 1196 × 1652.

Four millimetres of humbling. Four millimetres that turn a 20 minute install into a 4 hour one with scribing, packing, foam and prayer.

Every fitter alive has a number they check and pray is still there when they get to site. Mine was 1650. It was 1652.


— fenora.pro",,08:15,draft,,,,Trade Pain
TP-04,trade-pain,reel,,POV: the customer watched the whole job from the Velux,"POV: you’re on day 2 of a two day job and the customer has been watching you from the bathroom Velux for forty minutes.

You can feel it. You can feel the eyes. You are not being inspected, you are being watched, and there is a difference.",,,,"Photorealistic low-angle shot looking up from a garden at a very small bathroom roof window, a silhouette of a person with binoculars looking down through the glass, a tradesperson below carrying a frame, slightly menacing comedic framing, overcast UK sky Photorealistic editorial photograph, UK domestic architecture, soft overcast British daylight, shot on 35mm, shallow depth of field, muted natural palette of slate grey, birch plywood, anthracite and warm oak. Documentary realism, not glossy advertising. Absolutely no text, no captions, no logos, no watermarks, no UI overlays.",photo-real,,"IG,FB,LI",pain,"POV: the customer watched the whole job from the Velux

POV: you’re on day 2 of a two day job and the customer has been watching you from the bathroom Velux for forty minutes.

You can feel it. You can feel the eyes. You are not being inspected, you are being watched, and there is a difference.

🪟  fenora.pro  —  one record for the whole window job

#fitterslife #tradeslife #windowfittersofinstagram #uktrades #fenorapro #bluecollar #constructionuk #renovation #homeimprovement #diy #makestrends #fenestration #glazing #joinery #doubleglazing #windows #fyp #reels #viral","POV: the customer watched the whole job from the Velux

POV: you’re on day 2 of a two day job and the customer has been watching you from the bathroom Velux for forty minutes.

You can feel it. You can feel the eyes. You are not being inspected, you are being watched, and there is a difference.

🪟  fenora.pro  —  one record for the whole window job","POV: the customer watched the whole job from the Velux

POV: you’re on day 2 of a two day job and the customer has been watching you from the bathroom Velux for forty minutes.

You can feel it. You can feel the eyes. You are not being inspected, you are being watched, and there is a difference.

🪟  fenora.pro  —  one record for the whole window job","POV: the customer watched the whole job from the Velux

POV: you’re on day 2 of a two day job and the customer has been watching you from the bathroom Velux for forty minutes.

You can feel it. You can feel the eyes. You are not being inspected, you are being watched, and there is a difference.


— fenora.pro",,08:15,draft,,,,Trade Pain
TP-05,trade-pain,static,,“Just while you’re here…”,"“Just while you’re here…”

The six words that turned a £4,200 job into a £4,200 job that goes on for three more days.

The leak is now in the roof. The flue is now in the roof. The gate post is now rotten. The dog is now inside.",,,,"Photorealistic chaotic UK domestic hallway scene mid-renovation, a fitter in hi-vis holding a flat tool in a 'wait what' freeze-frame pose, a stepladder open behind him, a leaking ceiling stain, a lead-lined dog lead curling across the floorboards, half-installed internal door, hard comedic tension, overcast light Photorealistic candid documentary photograph of a UK tradesperson at work, hi-vis and worn workwear, tools and laser measure in frame, overcast British daylight, van or scaffold hinted in background, slightly chaotic and real, not staged. Muted natural palette, 35mm, shallow depth of field. Absolutely no text, no captions, no logos, no watermarks, no UI overlays.",photo-trades,,"IG,FB,LI",pain,"“Just while you’re here…”

“Just while you’re here…”

The six words that turned a £4,200 job into a £4,200 job that goes on for three more days.

The leak is now in the roof. The flue is now in the roof. The gate post is now rotten. The dog is now inside.

🪟  fenora.pro  —  one record for the whole window job

#fitterslife #tradeslife #windowfittersofinstagram #uktrades #fenorapro #constructionuk #renovation #homeimprovement #diy #makestrends #fenestration #glazing #joinery #doubleglazing #windows #fyp #reels #viral #trending","“Just while you’re here…”

“Just while you’re here…”

The six words that turned a £4,200 job into a £4,200 job that goes on for three more days.

The leak is now in the roof. The flue is now in the roof. The gate post is now rotten. The dog is now inside.

🪟  fenora.pro  —  one record for the whole window job","“Just while you’re here…”

“Just while you’re here…”

The six words that turned a £4,200 job into a £4,200 job that goes on for three more days.

The leak is now in the roof. The flue is now in the roof. The gate post is now rotten. The dog is now inside.

🪟  fenora.pro  —  one record for the whole window job","“Just while you’re here…”

The six words that turned a £4,200 job into a £4,200 job that goes on for three more days.

The leak is now in the roof. The flue is now in the roof. The gate post is now rotten. The dog is now inside.


— fenora.pro",,08:15,draft,,,,Trade Pain
TP-06,trade-pain,static,,The reveal is fine. The reveal is always fine. The problem is above it.,"Nobody looks up.

Customer looks at the wall. Fitter looks at the reveal. Surveyor looks at the reveal. Office looks at the spreadsheet. Everyone agrees the reveal is fine.

Meanwhile the lintel is 12mm out of level, the cavity is full of 1980s expanding foam, and there is a cast iron soil pipe sitting exactly where the frame needs to go.

The window was never the problem.",,,,"Photorealistic detail shot looking up into a UK window opening before fitting, exposed old timber lintel badly packed with yellowed expanding foam, a cast iron soil pipe running vertically through the opening, old bird nest debris, single work light, documentary and grim Photorealistic editorial photograph, UK domestic architecture, soft overcast British daylight, shot on 35mm, shallow depth of field, muted natural palette of slate grey, birch plywood, anthracite and warm oak. Documentary realism, not glossy advertising. Absolutely no text, no captions, no logos, no watermarks, no UI overlays.",photo-real,,"IG,FB,LI",pain,"The reveal is fine. The reveal is always fine. The problem is above it.

Nobody looks up.

Customer looks at the wall. Fitter looks at the reveal. Surveyor looks at the reveal. Office looks at the spreadsheet. Everyone agrees the reveal is fine.

Meanwhile the lintel is 12mm out of level, the cavity is full of 1980s expanding foam, and there is a cast iron soil pipe sitting exactly where the frame needs to go.

The window was never the problem.

🪟  fenora.pro  —  one record for the whole window job

#fitterslife #tradeslife #windowfittersofinstagram #uktrades #fenorapro #renovation #homeimprovement #diy #makestrends #fenestration #glazing #joinery #doubleglazing #windows #fyp #reels #viral #trending #explore","The reveal is fine. The reveal is always fine. The problem is above it.

Nobody looks up.

Customer looks at the wall. Fitter looks at the reveal. Surveyor looks at the reveal. Office looks at the spreadsheet. Everyone agrees the reveal is fine.

Meanwhile the lintel is 12mm out of level, the cavity is full of 1980s expanding foam, and there is a cast iron soil pipe sitting exactly where the frame needs to go.

The window was never the problem.

🪟  fenora.pro  —  one record for the whole window job","The reveal is fine. The reveal is always fine. The problem is above it.

Nobody looks up.

Customer looks at the wall. Fitter looks at the reveal. Surveyor looks at the reveal. Office looks at the spreadsheet. Everyone agrees the reveal is fine.

Meanwhile the lintel is 12mm out of level, the cavity is full of 1980s expanding foam, and there is a cast iron soil pipe sitting exactly where the frame needs to go.

The window was never the problem.

🪟  fenora.pro  —  one record for the whole window job","The reveal is fine. The reveal is always fine. The problem is above it.

Nobody looks up.

Customer looks at the wall. Fitter looks at the reveal. Surveyor looks at the reveal. Office looks at the spreadsheet. Everyone agrees the reveal is fine.

Meanwhile the lintel is 12mm out of level, the cavity is full of 1980s expanding foam, and there is a cast iron soil pipe sitting exactly where the frame needs to go.

The window was never the problem.


— fenora.pro",,08:15,draft,,,,Trade Pain
TP-07,trade-pain,static,,"47 frames. One vehicle. 2,180mm. Sorted.","Luton with a rack, ready for the big delivery.

11 windows. 2 doors. Longest frame 2,180mm. Estimated 742kg of a 1,100kg payload.

Then the customer said “can you get it all on one van” and my office went quiet.",,,,"Photorealistic wide shot of a fully loaded white Luton van with side rack raised at a UK workshop loading bay, huge timber and uPVC window frames strapped and stacked, straps, blankets, a driver in hi-vis checking a clipboard, industrial overcast light, satisfying and slightly terrifying Photorealistic candid documentary photograph of a UK tradesperson at work, hi-vis and worn workwear, tools and laser measure in frame, overcast British daylight, van or scaffold hinted in background, slightly chaotic and real, not staged. Muted natural palette, 35mm, shallow depth of field. Absolutely no text, no captions, no logos, no watermarks, no UI overlays.",photo-trades,,"IG,FB,LI",pain,"47 frames. One vehicle. 2,180mm. Sorted.

Luton with a rack, ready for the big delivery.

11 windows. 2 doors. Longest frame 2,180mm. Estimated 742kg of a 1,100kg payload.

Then the customer said “can you get it all on one van” and my office went quiet.

🪟  fenora.pro  —  one record for the whole window job

#fitterslife #tradeslife #windowfittersofinstagram #uktrades #fenorapro #homeimprovement #diy #makestrends #fenestration #glazing #joinery #doubleglazing #windows #fyp #reels #viral #trending #explore #reelsinstagram","47 frames. One vehicle. 2,180mm. Sorted.

Luton with a rack, ready for the big delivery.

11 windows. 2 doors. Longest frame 2,180mm. Estimated 742kg of a 1,100kg payload.

Then the customer said “can you get it all on one van” and my office went quiet.

🪟  fenora.pro  —  one record for the whole window job","47 frames. One vehicle. 2,180mm. Sorted.

Luton with a rack, ready for the big delivery.

11 windows. 2 doors. Longest frame 2,180mm. Estimated 742kg of a 1,100kg payload.

Then the customer said “can you get it all on one van” and my office went quiet.

🪟  fenora.pro  —  one record for the whole window job","47 frames. One vehicle. 2,180mm. Sorted.

Luton with a rack, ready for the big delivery.

11 windows. 2 doors. Longest frame 2,180mm. Estimated 742kg of a 1,100kg payload.

Then the customer said “can you get it all on one van” and my office went quiet.


— fenora.pro",,08:15,draft,,,,Trade Pain
TP-08,trade-pain,static,,“We’re just out of…” and then silence,"“We’re just out of white silicone.”

I say it. Every single fitter has said it. Somewhere in a van on the M4 there is a tube of white silicone and there will be until Thursday.

You look at the tube. You look at the bead. You look at the tube again. You squeeze. Nothing. You look at the date. 2019.

The job does not stop. You clear the joint, mask it, fit it, and hope.",,,,"Photorealistic close-up of a gloved tradesperson squeezing an old squeezed-out tube of white silicone onto a masking-taped window joint, a fine bead emerging, grim expression not visible, van interior background out of focus, cold morning light through a van door Photorealistic candid documentary photograph of a UK tradesperson at work, hi-vis and worn workwear, tools and laser measure in frame, overcast British daylight, van or scaffold hinted in background, slightly chaotic and real, not staged. Muted natural palette, 35mm, shallow depth of field. Absolutely no text, no captions, no logos, no watermarks, no UI overlays.",photo-trades,,"IG,FB,LI",pain,"“We’re just out of…” and then silence

“We’re just out of white silicone.”

I say it. Every single fitter has said it. Somewhere in a van on the M4 there is a tube of white silicone and there will be until Thursday.

You look at the tube. You look at the bead. You look at the tube again. You squeeze. Nothing. You look at the date. 2019.

The job does not stop. You clear the joint, mask it, fit it, and hope.

🪟  fenora.pro  —  one record for the whole window job

#fitterslife #tradeslife #windowfittersofinstagram #uktrades #fenorapro #diy #makestrends #fenestration #glazing #joinery #doubleglazing #windows #fyp #reels #viral #trending #explore #reelsinstagram #tradeslife","“We’re just out of…” and then silence

“We’re just out of white silicone.”

I say it. Every single fitter has said it. Somewhere in a van on the M4 there is a tube of white silicone and there will be until Thursday.

You look at the tube. You look at the bead. You look at the tube again. You squeeze. Nothing. You look at the date. 2019.

The job does not stop. You clear the joint, mask it, fit it, and hope.

🪟  fenora.pro  —  one record for the whole window job","“We’re just out of…” and then silence

“We’re just out of white silicone.”

I say it. Every single fitter has said it. Somewhere in a van on the M4 there is a tube of white silicone and there will be until Thursday.

You look at the tube. You look at the bead. You look at the tube again. You squeeze. Nothing. You look at the date. 2019.

The job does not stop. You clear the joint, mask it, fit it, and hope.

🪟  fenora.pro  —  one record for the whole window job","“We’re just out of…” and then silence

“We’re just out of white silicone.”

I say it. Every single fitter has said it. Somewhere in a van on the M4 there is a tube of white silicone and there will be until Thursday.

You look at the tube. You look at the bead. You look at the tube again. You squeeze. Nothing. You look at the date. 2019.

The job does not stop. You clear the joint, mask it, fit it, and hope.


— fenora.pro",,08:15,draft,,,,Trade Pain
TP-09,trade-pain,static,,"The variation landed in the office, the job left the workshop.","This is the one that keeps me up.

Survey says the opening is 4mm different. Surveyor photographs it, notes it, and flags the variation on his phone. Meanwhile the office has already released the job, the workshop has already cut, and the frame is on a van.

The photo was in a WhatsApp group. Nobody was in the WhatsApp group. The surveyor was in Fenora. The office was in a spreadsheet.

Same job. Two systems. One remake.",This is the problem Fenora exists to kill. Link in bio.,This is the problem Fenora exists to kill. Link in bio.,The most expensive line in window manufacturing is the remake. And the most common cause of a remake is not a bad frame. It is two systems that never met.,"Photorealistic melancholy split-implied scene: a workshop bench with a half-finished timber window frame and a cut list printout beside it, a mobile phone face-up on the bench showing a photo of a window opening, a label maker, silence and cold fluorescent light, sense of a mistake about to happen Photorealistic candid documentary photograph of a UK tradesperson at work, hi-vis and worn workwear, tools and laser measure in frame, overcast British daylight, van or scaffold hinted in background, slightly chaotic and real, not staged. Muted natural palette, 35mm, shallow depth of field. Absolutely no text, no captions, no logos, no watermarks, no UI overlays.",photo-trades,,"IG,FB,LI",pain,"The variation landed in the office, the job left the workshop.

This is the one that keeps me up.

Survey says the opening is 4mm different. Surveyor photographs it, notes it, and flags the variation on his phone. Meanwhile the office has already released the job, the workshop has already cut, and the frame is on a van.

The photo was in a WhatsApp group. Nobody was in the WhatsApp group. The surveyor was in Fenora. The office was in a spreadsheet.

Same job. Two systems. One remake.

This is the problem Fenora exists to kill. Link in bio.

🪟  fenora.pro  —  one record for the whole window job

#fitterslife #tradeslife #windowfittersofinstagram #uktrades #fenorapro #makestrends #fenestration #glazing #joinery #doubleglazing #windows #fyp #reels #viral #trending #explore #reelsinstagram #tradeslife #tradesmen","The variation landed in the office, the job left the workshop.

This is the one that keeps me up.

Survey says the opening is 4mm different. Surveyor photographs it, notes it, and flags the variation on his phone. Meanwhile the office has already released the job, the workshop has already cut, and the frame is on a van.

The photo was in a WhatsApp group. Nobody was in the WhatsApp group. The surveyor was in Fenora. The office was in a spreadsheet.

Same job. Two systems. One remake.

This is the problem Fenora exists to kill. Link in bio.

🪟  fenora.pro  —  one record for the whole window job","The variation landed in the office, the job left the workshop.

This is the one that keeps me up.

Survey says the opening is 4mm different. Surveyor photographs it, notes it, and flags the variation on his phone. Meanwhile the office has already released the job, the workshop has already cut, and the frame is on a van.

The photo was in a WhatsApp group. Nobody was in the WhatsApp group. The surveyor was in Fenora. The office was in a spreadsheet.

Same job. Two systems. One remake.

This is the problem Fenora exists to kill. Link in bio.

🪟  fenora.pro  —  one record for the whole window job","The most expensive line in window manufacturing is the remake. And the most common cause of a remake is not a bad frame. It is two systems that never met.

This is the one that keeps me up.

Survey says the opening is 4mm different. Surveyor photographs it, notes it, and flags the variation on his phone. Meanwhile the office has already released the job, the workshop has already cut, and the frame is on a van.

The photo was in a WhatsApp group. Nobody was in the WhatsApp group. The surveyor was in Fenora. The office was in a spreadsheet.

Same job. Two systems. One remake.

This is the problem Fenora exists to kill. Link in bio.


— fenora.pro",,08:15,draft,,,,Trade Pain
TP-10,trade-pain,reel,,Things a fitter knows that a customer never will,"Things a fitter knows that the customer never will:

1. That cill needs a 5mm fall and it will never have one
2. The trickle vent is 40mm from the head and the head is 40mm lower than the drawing
3. That wall is 8mm out of plumb and will stay that way forever
4. The old frame was packed with a rolled-up newspaper from 1994
5. The colour will look different in this light and there is nothing anyone can do about it

Nobody asked. Nobody ever asks. We just know.",,,,"Photorealistic portrait-orientation montage-friendly single image: a tradesperson in workwear standing in a half-installed UK room, gesturing at a window like an exasperated explainer, six tiny invisible detail areas, warm late afternoon light through the opening, cinematic 9:16 framing Photorealistic candid documentary photograph of a UK tradesperson at work, hi-vis and worn workwear, tools and laser measure in frame, overcast British daylight, van or scaffold hinted in background, slightly chaotic and real, not staged. Muted natural palette, 35mm, shallow depth of field. Absolutely no text, no captions, no logos, no watermarks, no UI overlays.",photo-trades,9:16,"IG,FB,LI",pain,"Things a fitter knows that a customer never will

Things a fitter knows that the customer never will:

1. That cill needs a 5mm fall and it will never have one
2. The trickle vent is 40mm from the head and the head is 40mm lower than the drawing
3. That wall is 8mm out of plumb and will stay that way forever
4. The old frame was packed with a rolled-up newspaper from 1994
5. The colour will look different in this light and there is nothing anyone can do about it

Nobody asked. Nobody ever asks. We just know.

🪟  fenora.pro  —  one record for the whole window job

#fitterslife #tradeslife #windowfittersofinstagram #uktrades #fenorapro #fenestration #glazing #joinery #doubleglazing #windows #fyp #reels #viral #trending #explore #reelsinstagram #tradeslife #tradesmen #builderlife","Things a fitter knows that a customer never will

Things a fitter knows that the customer never will:

1. That cill needs a 5mm fall and it will never have one
2. The trickle vent is 40mm from the head and the head is 40mm lower than the drawing
3. That wall is 8mm out of plumb and will stay that way forever
4. The old frame was packed with a rolled-up newspaper from 1994
5. The colour will look different in this light and there is nothing anyone can do about it

Nobody asked. Nobody ever asks. We just know.

🪟  fenora.pro  —  one record for the whole window job","Things a fitter knows that a customer never will

Things a fitter knows that the customer never will:

1. That cill needs a 5mm fall and it will never have one
2. The trickle vent is 40mm from the head and the head is 40mm lower than the drawing
3. That wall is 8mm out of plumb and will stay that way forever
4. The old frame was packed with a rolled-up newspaper from 1994
5. The colour will look different in this light and there is nothing anyone can do about it

Nobody asked. Nobody ever asks. We just know.

🪟  fenora.pro  —  one record for the whole window job","Things a fitter knows that a customer never will

Things a fitter knows that the customer never will:

1. That cill needs a 5mm fall and it will never have one
2. The trickle vent is 40mm from the head and the head is 40mm lower than the drawing
3. That wall is 8mm out of plumb and will stay that way forever
4. The old frame was packed with a rolled-up newspaper from 1994
5. The colour will look different in this light and there is nothing anyone can do about it

Nobody asked. Nobody ever asks. We just know.


— fenora.pro",,08:15,draft,,,,Trade Pain
TP-11,trade-pain,static,,My least favourite four words in the English language.,"“Is it meant to do that?”

You are 40 minutes into a fitting. The room is upside down. There is foam on the floor and a vacuum cleaner that stopped working in 2011.

“Will it stop doing that when the glass is in?”

No. It will stop doing that when I shim the bottom corner. Give me nine minutes.

“You’ve got nine minutes?”

I do not.",,,,"Photorealistic interior of a UK hallway mid-install, tools and vacuum cleaner on the floor, a sash sitting slightly proud on a workbench, a customer's hand pointing from a doorway in soft focus foreground, a tradesperson mid-shim in the background, tense comedic staging Photorealistic editorial photograph, UK domestic architecture, soft overcast British daylight, shot on 35mm, shallow depth of field, muted natural palette of slate grey, birch plywood, anthracite and warm oak. Documentary realism, not glossy advertising. Absolutely no text, no captions, no logos, no watermarks, no UI overlays.",photo-real,,"IG,FB,LI",pain,"My least favourite four words in the English language.

“Is it meant to do that?”

You are 40 minutes into a fitting. The room is upside down. There is foam on the floor and a vacuum cleaner that stopped working in 2011.

“Will it stop doing that when the glass is in?”

No. It will stop doing that when I shim the bottom corner. Give me nine minutes.

“You’ve got nine minutes?”

I do not.

🪟  fenora.pro  —  one record for the whole window job

#fitterslife #tradeslife #windowfittersofinstagram #uktrades #fenorapro #glazing #joinery #doubleglazing #windows #fyp #reels #viral #trending #explore #reelsinstagram #tradeslife #tradesmen #builderlife #skilledtrades","My least favourite four words in the English language.

“Is it meant to do that?”

You are 40 minutes into a fitting. The room is upside down. There is foam on the floor and a vacuum cleaner that stopped working in 2011.

“Will it stop doing that when the glass is in?”

No. It will stop doing that when I shim the bottom corner. Give me nine minutes.

“You’ve got nine minutes?”

I do not.

🪟  fenora.pro  —  one record for the whole window job","My least favourite four words in the English language.

“Is it meant to do that?”

You are 40 minutes into a fitting. The room is upside down. There is foam on the floor and a vacuum cleaner that stopped working in 2011.

“Will it stop doing that when the glass is in?”

No. It will stop doing that when I shim the bottom corner. Give me nine minutes.

“You’ve got nine minutes?”

I do not.

🪟  fenora.pro  —  one record for the whole window job","My least favourite four words in the English language.

“Is it meant to do that?”

You are 40 minutes into a fitting. The room is upside down. There is foam on the floor and a vacuum cleaner that stopped working in 2011.

“Will it stop doing that when the glass is in?”

No. It will stop doing that when I shim the bottom corner. Give me nine minutes.

“You’ve got nine minutes?”

I do not.


— fenora.pro",,08:15,draft,,,,Trade Pain
TP-12,trade-pain,static,,"4, 3, 2, 1… “what have you done to my room?”","Fitted at 9am. Done by 3pm. Swept up. Hoovered the customer’s carpet with my own vacuum because mine is broken.

“Wow — that was quick, wasn’t it.”

It was quick because I was there at 7:40 drinking a coffee you offered me while your neighbour watched through the window taking notes on how long we took.",,,,"Photorealistic tidy finished UK room with a brand new white uPVC casement, sunlight across a hoovered carpet, a workman in workwear putting his tools into a bag in the corner, a vacuum cleaner visible, a pair of muddy boots neatly by the door, calm domestic satisfaction Photorealistic candid documentary photograph of a UK tradesperson at work, hi-vis and worn workwear, tools and laser measure in frame, overcast British daylight, van or scaffold hinted in background, slightly chaotic and real, not staged. Muted natural palette, 35mm, shallow depth of field. Absolutely no text, no captions, no logos, no watermarks, no UI overlays.",photo-trades,,"IG,FB,LI",pain,"4, 3, 2, 1… “what have you done to my room?”

Fitted at 9am. Done by 3pm. Swept up. Hoovered the customer’s carpet with my own vacuum because mine is broken.

“Wow — that was quick, wasn’t it.”

It was quick because I was there at 7:40 drinking a coffee you offered me while your neighbour watched through the window taking notes on how long we took.

🪟  fenora.pro  —  one record for the whole window job

#fitterslife #tradeslife #windowfittersofinstagram #uktrades #fenorapro #joinery #doubleglazing #windows #fyp #reels #viral #trending #explore #reelsinstagram #tradeslife #tradesmen #builderlife #skilledtrades #bluecollar","4, 3, 2, 1… “what have you done to my room?”

Fitted at 9am. Done by 3pm. Swept up. Hoovered the customer’s carpet with my own vacuum because mine is broken.

“Wow — that was quick, wasn’t it.”

It was quick because I was there at 7:40 drinking a coffee you offered me while your neighbour watched through the window taking notes on how long we took.

🪟  fenora.pro  —  one record for the whole window job","4, 3, 2, 1… “what have you done to my room?”

Fitted at 9am. Done by 3pm. Swept up. Hoovered the customer’s carpet with my own vacuum because mine is broken.

“Wow — that was quick, wasn’t it.”

It was quick because I was there at 7:40 drinking a coffee you offered me while your neighbour watched through the window taking notes on how long we took.

🪟  fenora.pro  —  one record for the whole window job","4, 3, 2, 1… “what have you done to my room?”

Fitted at 9am. Done by 3pm. Swept up. Hoovered the customer’s carpet with my own vacuum because mine is broken.

“Wow — that was quick, wasn’t it.”

It was quick because I was there at 7:40 drinking a coffee you offered me while your neighbour watched through the window taking notes on how long we took.


— fenora.pro",,08:15,draft,,,,Trade Pain
TP-13,trade-pain,static,,Priced 14. Yesterday I said 11. Today I say 13.,"Scope it yourself and you can move the price all day long.

Monday: £11,000.
Tuesday: £14,000 — “we forgot the french doors.”
Wednesday: £9,500 — “it’s an easy fit.”
Thursday: £13,000 — “I’ve had a cheaper one.”
Friday: £10,000 — “that first quote was a mistake, make it 11.”

Monday: £10,000.

Nobody in this trade believes a number until three people have quoted a different one.",,,,"Photorealistic overhead flat lay of a kitchen table covered in crumpled window quotes with different figures circled, a biro, a calculator, a cold mug of tea, a phone face-up showing a text conversation, warm domestic overhead light, quiet chaos Photorealistic editorial photograph, UK domestic architecture, soft overcast British daylight, shot on 35mm, shallow depth of field, muted natural palette of slate grey, birch plywood, anthracite and warm oak. Documentary realism, not glossy advertising. Absolutely no text, no captions, no logos, no watermarks, no UI overlays.",photo-real,,"IG,FB,LI",pain,"Priced 14. Yesterday I said 11. Today I say 13.

Scope it yourself and you can move the price all day long.

Monday: £11,000.
Tuesday: £14,000 — “we forgot the french doors.”
Wednesday: £9,500 — “it’s an easy fit.”
Thursday: £13,000 — “I’ve had a cheaper one.”
Friday: £10,000 — “that first quote was a mistake, make it 11.”

Monday: £10,000.

Nobody in this trade believes a number until three people have quoted a different one.

🪟  fenora.pro  —  one record for the whole window job

#fitterslife #tradeslife #windowfittersofinstagram #uktrades #fenorapro #doubleglazing #windows #fyp #reels #viral #trending #explore #reelsinstagram #tradeslife #tradesmen #builderlife #skilledtrades #bluecollar #constructionuk","Priced 14. Yesterday I said 11. Today I say 13.

Scope it yourself and you can move the price all day long.

Monday: £11,000.
Tuesday: £14,000 — “we forgot the french doors.”
Wednesday: £9,500 — “it’s an easy fit.”
Thursday: £13,000 — “I’ve had a cheaper one.”
Friday: £10,000 — “that first quote was a mistake, make it 11.”

Monday: £10,000.

Nobody in this trade believes a number until three people have quoted a different one.

🪟  fenora.pro  —  one record for the whole window job","Priced 14. Yesterday I said 11. Today I say 13.

Scope it yourself and you can move the price all day long.

Monday: £11,000.
Tuesday: £14,000 — “we forgot the french doors.”
Wednesday: £9,500 — “it’s an easy fit.”
Thursday: £13,000 — “I’ve had a cheaper one.”
Friday: £10,000 — “that first quote was a mistake, make it 11.”

Monday: £10,000.

Nobody in this trade believes a number until three people have quoted a different one.

🪟  fenora.pro  —  one record for the whole window job","Priced 14. Yesterday I said 11. Today I say 13.

Scope it yourself and you can move the price all day long.

Monday: £11,000.
Tuesday: £14,000 — “we forgot the french doors.”
Wednesday: £9,500 — “it’s an easy fit.”
Thursday: £13,000 — “I’ve had a cheaper one.”
Friday: £10,000 — “that first quote was a mistake, make it 11.”

Monday: £10,000.

Nobody in this trade believes a number until three people have quoted a different one.


— fenora.pro",,08:15,draft,,,,Trade Pain
TP-14,trade-pain,static,,“I’ve watched a video.”,"Customer has watched eleven videos.

Customer now knows that the industry standard is to fit with 8mm of closed-cell foam behind the frame. Customer believes the frame should be screwed into the brick. Customer has opinions about the gap.

Customer is not wrong about the foam. Customer is about to be very wrong about the brick.

There is no coming back from “I’ve watched a video.”",,,,"Photorealistic scene: a customer sitting in a plush armchair holding a tablet showing a blurry DIY video, wearing a dressing gown, gesturing towards the window, a fitter standing nearby with a slowly closing smile and a foam gun over his shoulder, warm lamp light, comedic Photorealistic candid documentary photograph of a UK tradesperson at work, hi-vis and worn workwear, tools and laser measure in frame, overcast British daylight, van or scaffold hinted in background, slightly chaotic and real, not staged. Muted natural palette, 35mm, shallow depth of field. Absolutely no text, no captions, no logos, no watermarks, no UI overlays.",photo-trades,,"IG,FB,LI",pain,"“I’ve watched a video.”

Customer has watched eleven videos.

Customer now knows that the industry standard is to fit with 8mm of closed-cell foam behind the frame. Customer believes the frame should be screwed into the brick. Customer has opinions about the gap.

Customer is not wrong about the foam. Customer is about to be very wrong about the brick.

There is no coming back from “I’ve watched a video.”

🪟  fenora.pro  —  one record for the whole window job

#fitterslife #tradeslife #windowfittersofinstagram #uktrades #fenorapro #windows #fyp #reels #viral #trending #explore #reelsinstagram #tradeslife #tradesmen #builderlife #skilledtrades #bluecollar #constructionuk #renovation","“I’ve watched a video.”

Customer has watched eleven videos.

Customer now knows that the industry standard is to fit with 8mm of closed-cell foam behind the frame. Customer believes the frame should be screwed into the brick. Customer has opinions about the gap.

Customer is not wrong about the foam. Customer is about to be very wrong about the brick.

There is no coming back from “I’ve watched a video.”

🪟  fenora.pro  —  one record for the whole window job","“I’ve watched a video.”

Customer has watched eleven videos.

Customer now knows that the industry standard is to fit with 8mm of closed-cell foam behind the frame. Customer believes the frame should be screwed into the brick. Customer has opinions about the gap.

Customer is not wrong about the foam. Customer is about to be very wrong about the brick.

There is no coming back from “I’ve watched a video.”

🪟  fenora.pro  —  one record for the whole window job","“I’ve watched a video.”

Customer has watched eleven videos.

Customer now knows that the industry standard is to fit with 8mm of closed-cell foam behind the frame. Customer believes the frame should be screwed into the brick. Customer has opinions about the gap.

Customer is not wrong about the foam. Customer is about to be very wrong about the brick.

There is no coming back from “I’ve watched a video.”


— fenora.pro",,08:15,draft,,,,Trade Pain
TP-15,trade-pain,reel,,"Every job ever, ranked by how long the customer said it would take","How long they said: two days.
How long the job is: eleven weeks of drip-by-drip decisions.

Day 1 they choose the glass.
Day 4 they change the glass.
Day 9 they change the colour.
Day 12 they want the colour to match the door, not the door to match the window.
Day 30 they ask if it can be in eggshell.

It cannot be in eggshell.",,,,"Photorealistic 9:16 shot of a paint swatch fan deck held open in front of a partly installed white uPVC window, dozens of near-identical white and cream paint cards, a fitter's head tipped back with eyes closed, resigned energy, overcast light Photorealistic editorial photograph, UK domestic architecture, soft overcast British daylight, shot on 35mm, shallow depth of field, muted natural palette of slate grey, birch plywood, anthracite and warm oak. Documentary realism, not glossy advertising. Absolutely no text, no captions, no logos, no watermarks, no UI overlays.",photo-real,9:16,"IG,FB,LI",pain,"Every job ever, ranked by how long the customer said it would take

How long they said: two days.
How long the job is: eleven weeks of drip-by-drip decisions.

Day 1 they choose the glass.
Day 4 they change the glass.
Day 9 they change the colour.
Day 12 they want the colour to match the door, not the door to match the window.
Day 30 they ask if it can be in eggshell.

It cannot be in eggshell.

🪟  fenora.pro  —  one record for the whole window job

#fitterslife #tradeslife #windowfittersofinstagram #uktrades #fenorapro #fyp #reels #viral #trending #explore #reelsinstagram #tradeslife #tradesmen #builderlife #skilledtrades #bluecollar #constructionuk #renovation #homeimprovement","Every job ever, ranked by how long the customer said it would take

How long they said: two days.
How long the job is: eleven weeks of drip-by-drip decisions.

Day 1 they choose the glass.
Day 4 they change the glass.
Day 9 they change the colour.
Day 12 they want the colour to match the door, not the door to match the window.
Day 30 they ask if it can be in eggshell.

It cannot be in eggshell.

🪟  fenora.pro  —  one record for the whole window job","Every job ever, ranked by how long the customer said it would take

How long they said: two days.
How long the job is: eleven weeks of drip-by-drip decisions.

Day 1 they choose the glass.
Day 4 they change the glass.
Day 9 they change the colour.
Day 12 they want the colour to match the door, not the door to match the window.
Day 30 they ask if it can be in eggshell.

It cannot be in eggshell.

🪟  fenora.pro  —  one record for the whole window job","Every job ever, ranked by how long the customer said it would take

How long they said: two days.
How long the job is: eleven weeks of drip-by-drip decisions.

Day 1 they choose the glass.
Day 4 they change the glass.
Day 9 they change the colour.
Day 12 they want the colour to match the door, not the door to match the window.
Day 30 they ask if it can be in eggshell.

It cannot be in eggshell.


— fenora.pro",,08:15,draft,,,,Trade Pain
TP-16,trade-pain,static,,Old frames come out. The hole is worse than you thought.,"The best bit of every window job is the moment the old frame comes out and the hole is just a rectangular hole in a wall.

For about nine seconds, the job is easy.

Then you see the sill, the lintel, the reveals, the three different DPCs laid by three different builders, and a length of lead pipe that goes nowhere.",,,,"Photorealistic shot of a rectangular hole left in a UK brick wall where an old window frame was removed, crumbling plaster, old DPC sheeting curling, a spirit level and crowbar in the opening, daylight and a large shadow pouring through, slightly triumphant and slightly ominous Photorealistic editorial photograph, UK domestic architecture, soft overcast British daylight, shot on 35mm, shallow depth of field, muted natural palette of slate grey, birch plywood, anthracite and warm oak. Documentary realism, not glossy advertising. Absolutely no text, no captions, no logos, no watermarks, no UI overlays.",photo-real,,"IG,FB,LI",pain,"Old frames come out. The hole is worse than you thought.

The best bit of every window job is the moment the old frame comes out and the hole is just a rectangular hole in a wall.

For about nine seconds, the job is easy.

Then you see the sill, the lintel, the reveals, the three different DPCs laid by three different builders, and a length of lead pipe that goes nowhere.

🪟  fenora.pro  —  one record for the whole window job

#fitterslife #tradeslife #windowfittersofinstagram #uktrades #fenorapro #reels #viral #trending #explore #reelsinstagram #tradeslife #tradesmen #builderlife #skilledtrades #bluecollar #constructionuk #renovation #homeimprovement #diy","Old frames come out. The hole is worse than you thought.

The best bit of every window job is the moment the old frame comes out and the hole is just a rectangular hole in a wall.

For about nine seconds, the job is easy.

Then you see the sill, the lintel, the reveals, the three different DPCs laid by three different builders, and a length of lead pipe that goes nowhere.

🪟  fenora.pro  —  one record for the whole window job","Old frames come out. The hole is worse than you thought.

The best bit of every window job is the moment the old frame comes out and the hole is just a rectangular hole in a wall.

For about nine seconds, the job is easy.

Then you see the sill, the lintel, the reveals, the three different DPCs laid by three different builders, and a length of lead pipe that goes nowhere.

🪟  fenora.pro  —  one record for the whole window job","Old frames come out. The hole is worse than you thought.

The best bit of every window job is the moment the old frame comes out and the hole is just a rectangular hole in a wall.

For about nine seconds, the job is easy.

Then you see the sill, the lintel, the reveals, the three different DPCs laid by three different builders, and a length of lead pipe that goes nowhere.


— fenora.pro",,08:15,draft,,,,Trade Pain
TP-17,trade-pain,static,,There is always a dog.,"There is always a dog.

And there is always a moment — usually ten minutes in — when the dog decides this is now their job.

The dog has a name. The dog is friendly. The dog is standing in the exact spot you need to be for the next forty minutes.

You cannot move a Labrador. You have tried. Everyone has tried.",,,,"Photorealistic photograph of a friendly yellow Labrador standing squarely in the middle of a UK hallway work area, directly in front of a stack of window frames, a tradesperson in hi-vis frozen mid-step looking down at the dog, tools on the floor, comedic, warm indoor light Photorealistic candid documentary photograph of a UK tradesperson at work, hi-vis and worn workwear, tools and laser measure in frame, overcast British daylight, van or scaffold hinted in background, slightly chaotic and real, not staged. Muted natural palette, 35mm, shallow depth of field. Absolutely no text, no captions, no logos, no watermarks, no UI overlays.",photo-trades,,"IG,FB,LI",pain,"There is always a dog.

There is always a dog.

And there is always a moment — usually ten minutes in — when the dog decides this is now their job.

The dog has a name. The dog is friendly. The dog is standing in the exact spot you need to be for the next forty minutes.

You cannot move a Labrador. You have tried. Everyone has tried.

🪟  fenora.pro  —  one record for the whole window job

#fitterslife #tradeslife #windowfittersofinstagram #uktrades #fenorapro #viral #trending #explore #reelsinstagram #tradeslife #tradesmen #builderlife #skilledtrades #bluecollar #constructionuk #renovation #homeimprovement #diy #makestrends","There is always a dog.

There is always a dog.

And there is always a moment — usually ten minutes in — when the dog decides this is now their job.

The dog has a name. The dog is friendly. The dog is standing in the exact spot you need to be for the next forty minutes.

You cannot move a Labrador. You have tried. Everyone has tried.

🪟  fenora.pro  —  one record for the whole window job","There is always a dog.

There is always a dog.

And there is always a moment — usually ten minutes in — when the dog decides this is now their job.

The dog has a name. The dog is friendly. The dog is standing in the exact spot you need to be for the next forty minutes.

You cannot move a Labrador. You have tried. Everyone has tried.

🪟  fenora.pro  —  one record for the whole window job","There is always a dog.

And there is always a moment — usually ten minutes in — when the dog decides this is now their job.

The dog has a name. The dog is friendly. The dog is standing in the exact spot you need to be for the next forty minutes.

You cannot move a Labrador. You have tried. Everyone has tried.


— fenora.pro",,08:15,draft,,,,Trade Pain
TP-18,trade-pain,static,,It’s not level. I told you it wasn’t level.,"Hour 4, the bottom corner is 6mm proud.

“I told you it wasn’t level.”

You did tell me. You told me in the first ten minutes. I wrote it down. I photographed it. I put it on the survey. I told the office. The office told the workshop. The workshop made it to the survey.

And then the survey got lost, because it was in a different system, and nobody checked.

So: it’s not level. You told me. Now can you help me shim it?",,,,"Photorealistic close-up of a shimming operation: a hand wedging a tapered hardwood packer into the bottom corner of a white window frame, a steel rule across, a spirit level wedged alongside, tiny chips of timber everywhere, intense focus, cold daylight Photorealistic candid documentary photograph of a UK tradesperson at work, hi-vis and worn workwear, tools and laser measure in frame, overcast British daylight, van or scaffold hinted in background, slightly chaotic and real, not staged. Muted natural palette, 35mm, shallow depth of field. Absolutely no text, no captions, no logos, no watermarks, no UI overlays.",photo-trades,,"IG,FB,LI",pain,"It’s not level. I told you it wasn’t level.

Hour 4, the bottom corner is 6mm proud.

“I told you it wasn’t level.”

You did tell me. You told me in the first ten minutes. I wrote it down. I photographed it. I put it on the survey. I told the office. The office told the workshop. The workshop made it to the survey.

And then the survey got lost, because it was in a different system, and nobody checked.

So: it’s not level. You told me. Now can you help me shim it?

🪟  fenora.pro  —  one record for the whole window job

#fitterslife #tradeslife #windowfittersofinstagram #uktrades #fenorapro #trending #explore #reelsinstagram #tradeslife #tradesmen #builderlife #skilledtrades #bluecollar #constructionuk #renovation #homeimprovement #diy #makestrends #fenestration","It’s not level. I told you it wasn’t level.

Hour 4, the bottom corner is 6mm proud.

“I told you it wasn’t level.”

You did tell me. You told me in the first ten minutes. I wrote it down. I photographed it. I put it on the survey. I told the office. The office told the workshop. The workshop made it to the survey.

And then the survey got lost, because it was in a different system, and nobody checked.

So: it’s not level. You told me. Now can you help me shim it?

🪟  fenora.pro  —  one record for the whole window job","It’s not level. I told you it wasn’t level.

Hour 4, the bottom corner is 6mm proud.

“I told you it wasn’t level.”

You did tell me. You told me in the first ten minutes. I wrote it down. I photographed it. I put it on the survey. I told the office. The office told the workshop. The workshop made it to the survey.

And then the survey got lost, because it was in a different system, and nobody checked.

So: it’s not level. You told me. Now can you help me shim it?

🪟  fenora.pro  —  one record for the whole window job","It’s not level. I told you it wasn’t level.

Hour 4, the bottom corner is 6mm proud.

“I told you it wasn’t level.”

You did tell me. You told me in the first ten minutes. I wrote it down. I photographed it. I put it on the survey. I told the office. The office told the workshop. The workshop made it to the survey.

And then the survey got lost, because it was in a different system, and nobody checked.

So: it’s not level. You told me. Now can you help me shim it?


— fenora.pro",,08:15,draft,,,,Trade Pain
TP-19,trade-pain,static,,“Is it scratch or is it crack?” is not a customer question. It is a philosophy.,"“There’s a mark on the glass.”

There is always a mark on the glass.

Sometimes it’s a scratch. Sometimes it’s a reflection of the sky. Sometimes it’s a bug that got in during the last rain and is now fused to the pane. Sometimes it’s the neighbour’s security light. Sometimes it’s been there since the day it was fitted and the customer is just now, at 9pm, noticing it for the first time in two years.",,,,"Photorealistic extreme close-up of a scratched glass window pane catching a reflection, a fingertip pointing at the scratch, condensation and grime around the edge, hard raking light to show the mark, forensic and funny Photorealistic editorial photograph, UK domestic architecture, soft overcast British daylight, shot on 35mm, shallow depth of field, muted natural palette of slate grey, birch plywood, anthracite and warm oak. Documentary realism, not glossy advertising. Absolutely no text, no captions, no logos, no watermarks, no UI overlays.",photo-real,,"IG,FB,LI",pain,"“Is it scratch or is it crack?” is not a customer question. It is a philosophy.

“There’s a mark on the glass.”

There is always a mark on the glass.

Sometimes it’s a scratch. Sometimes it’s a reflection of the sky. Sometimes it’s a bug that got in during the last rain and is now fused to the pane. Sometimes it’s the neighbour’s security light. Sometimes it’s been there since the day it was fitted and the customer is just now, at 9pm, noticing it for the first time in two years.

🪟  fenora.pro  —  one record for the whole window job

#fitterslife #tradeslife #windowfittersofinstagram #uktrades #fenorapro #explore #reelsinstagram #tradeslife #tradesmen #builderlife #skilledtrades #bluecollar #constructionuk #renovation #homeimprovement #diy #makestrends #fenestration #glazing","“Is it scratch or is it crack?” is not a customer question. It is a philosophy.

“There’s a mark on the glass.”

There is always a mark on the glass.

Sometimes it’s a scratch. Sometimes it’s a reflection of the sky. Sometimes it’s a bug that got in during the last rain and is now fused to the pane. Sometimes it’s the neighbour’s security light. Sometimes it’s been there since the day it was fitted and the customer is just now, at 9pm, noticing it for the first time in two years.

🪟  fenora.pro  —  one record for the whole window job","“Is it scratch or is it crack?” is not a customer question. It is a philosophy.

“There’s a mark on the glass.”

There is always a mark on the glass.

Sometimes it’s a scratch. Sometimes it’s a reflection of the sky. Sometimes it’s a bug that got in during the last rain and is now fused to the pane. Sometimes it’s the neighbour’s security light. Sometimes it’s been there since the day it was fitted and the customer is just now, at 9pm, noticing it for the first time in two years.

🪟  fenora.pro  —  one record for the whole window job","“Is it scratch or is it crack?” is not a customer question. It is a philosophy.

“There’s a mark on the glass.”

There is always a mark on the glass.

Sometimes it’s a scratch. Sometimes it’s a reflection of the sky. Sometimes it’s a bug that got in during the last rain and is now fused to the pane. Sometimes it’s the neighbour’s security light. Sometimes it’s been there since the day it was fitted and the customer is just now, at 9pm, noticing it for the first time in two years.


— fenora.pro",,08:15,draft,,,,Trade Pain
TP-20,trade-pain,static,,Rain on the day. Every time.,"Survey in the rain. Fit on the day it pours. The one time you need it to be dry, it is 47mm of it and the render is soaking.

You fit wet. You foam wet. You seal wet. You know sealing wet is wrong. You do it anyway because the customer is going on holiday Friday and you have a good job doing.

In ten years that seal will fail and it will be entirely your fault and entirely the rain’s fault and entirely the client’s fault for booking it in November.",,,,"Photorealistic photograph of two tradespeople in waterproofs fitting a large window in heavy UK rain, sheets of rain visibly streaking the air, half-tiled roof, a roll of polythene, both squinting, mud everywhere, dramatic grey light, cinematic and miserable Photorealistic candid documentary photograph of a UK tradesperson at work, hi-vis and worn workwear, tools and laser measure in frame, overcast British daylight, van or scaffold hinted in background, slightly chaotic and real, not staged. Muted natural palette, 35mm, shallow depth of field. Absolutely no text, no captions, no logos, no watermarks, no UI overlays.",photo-trades,,"IG,FB,LI",pain,"Rain on the day. Every time.

Survey in the rain. Fit on the day it pours. The one time you need it to be dry, it is 47mm of it and the render is soaking.

You fit wet. You foam wet. You seal wet. You know sealing wet is wrong. You do it anyway because the customer is going on holiday Friday and you have a good job doing.

In ten years that seal will fail and it will be entirely your fault and entirely the rain’s fault and entirely the client’s fault for booking it in November.

🪟  fenora.pro  —  one record for the whole window job

#fitterslife #tradeslife #windowfittersofinstagram #uktrades #fenorapro #reelsinstagram #tradeslife #tradesmen #builderlife #skilledtrades #bluecollar #constructionuk #renovation #homeimprovement #diy #makestrends #fenestration #glazing #joinery","Rain on the day. Every time.

Survey in the rain. Fit on the day it pours. The one time you need it to be dry, it is 47mm of it and the render is soaking.

You fit wet. You foam wet. You seal wet. You know sealing wet is wrong. You do it anyway because the customer is going on holiday Friday and you have a good job doing.

In ten years that seal will fail and it will be entirely your fault and entirely the rain’s fault and entirely the client’s fault for booking it in November.

🪟  fenora.pro  —  one record for the whole window job","Rain on the day. Every time.

Survey in the rain. Fit on the day it pours. The one time you need it to be dry, it is 47mm of it and the render is soaking.

You fit wet. You foam wet. You seal wet. You know sealing wet is wrong. You do it anyway because the customer is going on holiday Friday and you have a good job doing.

In ten years that seal will fail and it will be entirely your fault and entirely the rain’s fault and entirely the client’s fault for booking it in November.

🪟  fenora.pro  —  one record for the whole window job","Rain on the day. Every time.

Survey in the rain. Fit on the day it pours. The one time you need it to be dry, it is 47mm of it and the render is soaking.

You fit wet. You foam wet. You seal wet. You know sealing wet is wrong. You do it anyway because the customer is going on holiday Friday and you have a good job doing.

In ten years that seal will fail and it will be entirely your fault and entirely the rain’s fault and entirely the client’s fault for booking it in November.


— fenora.pro",,08:15,draft,,,,Trade Pain
TP-21,trade-pain,static,,The payment. The actual hardest part of the job.,"The job took nine days.
The job went brilliantly.
The customer was delighted. The customer sent a lovely message. The customer recommended us to two neighbours.

“It’ll go on the invoice.”

“It did go on the invoice.”

“When will it be paid.”

“I’ll check with the office.”

The office will check with the customer. The customer will check with the accountant. The accountant will check with the bank. The bank will send a notification that will not be read until 6pm on a Friday.",,,,"Photorealistic scene of a UK tradesperson in a van at dusk, phone in hand, looking at an unpaid invoice email, headlights on, rain on the windscreen, reflective moody blue hour light, sense of quiet betrayal by finance Photorealistic candid documentary photograph of a UK tradesperson at work, hi-vis and worn workwear, tools and laser measure in frame, overcast British daylight, van or scaffold hinted in background, slightly chaotic and real, not staged. Muted natural palette, 35mm, shallow depth of field. Absolutely no text, no captions, no logos, no watermarks, no UI overlays.",photo-trades,,"IG,FB,LI",pain,"The payment. The actual hardest part of the job.

The job took nine days.
The job went brilliantly.
The customer was delighted. The customer sent a lovely message. The customer recommended us to two neighbours.

“It’ll go on the invoice.”

“It did go on the invoice.”

“When will it be paid.”

“I’ll check with the office.”

The office will check with the customer. The customer will check with the accountant. The accountant will check with the bank. The bank will send a notification that will not be read until 6pm on a Friday.

🪟  fenora.pro  —  one record for the whole window job

#fitterslife #tradeslife #windowfittersofinstagram #uktrades #fenorapro #tradeslife #tradesmen #builderlife #skilledtrades #bluecollar #constructionuk #renovation #homeimprovement #diy #makestrends #fenestration #glazing #joinery #doubleglazing","The payment. The actual hardest part of the job.

The job took nine days.
The job went brilliantly.
The customer was delighted. The customer sent a lovely message. The customer recommended us to two neighbours.

“It’ll go on the invoice.”

“It did go on the invoice.”

“When will it be paid.”

“I’ll check with the office.”

The office will check with the customer. The customer will check with the accountant. The accountant will check with the bank. The bank will send a notification that will not be read until 6pm on a Friday.

🪟  fenora.pro  —  one record for the whole window job","The payment. The actual hardest part of the job.

The job took nine days.
The job went brilliantly.
The customer was delighted. The customer sent a lovely message. The customer recommended us to two neighbours.

“It’ll go on the invoice.”

“It did go on the invoice.”

“When will it be paid.”

“I’ll check with the office.”

The office will check with the customer. The customer will check with the accountant. The accountant will check with the bank. The bank will send a notification that will not be read until 6pm on a Friday.

🪟  fenora.pro  —  one record for the whole window job","The payment. The actual hardest part of the job.

The job took nine days.
The job went brilliantly.
The customer was delighted. The customer sent a lovely message. The customer recommended us to two neighbours.

“It’ll go on the invoice.”

“It did go on the invoice.”

“When will it be paid.”

“I’ll check with the office.”

The office will check with the customer. The customer will check with the accountant. The accountant will check with the bank. The bank will send a notification that will not be read until 6pm on a Friday.


— fenora.pro",,08:15,draft,,,,Trade Pain
TP-22,trade-pain,static,,The apprentice says the thing you told him not to say.,"“You’ve told him the job was two days, hasn’t you.”

I have. I always do. I always say it takes longer.

“Say it takes three to four days, if it’s not raining.”

Halfway through day one he is on the phone: “Yeah no, he says three to four days.”

Day four at 4pm: “He says it’s definitely done by six.”

Day six. The apprentice has moved on to a different job. I have not.",,,,"Photorealistic candid shot of a young apprentice tradesperson on a phone call in a UK street, looking slightly guilty, an older tradesperson in the background of the doorway glaring, a van with the roller door up, humorous body language, daylight Photorealistic candid documentary photograph of a UK tradesperson at work, hi-vis and worn workwear, tools and laser measure in frame, overcast British daylight, van or scaffold hinted in background, slightly chaotic and real, not staged. Muted natural palette, 35mm, shallow depth of field. Absolutely no text, no captions, no logos, no watermarks, no UI overlays.",photo-trades,,"IG,FB,LI",pain,"The apprentice says the thing you told him not to say.

“You’ve told him the job was two days, hasn’t you.”

I have. I always do. I always say it takes longer.

“Say it takes three to four days, if it’s not raining.”

Halfway through day one he is on the phone: “Yeah no, he says three to four days.”

Day four at 4pm: “He says it’s definitely done by six.”

Day six. The apprentice has moved on to a different job. I have not.

🪟  fenora.pro  —  one record for the whole window job

#fitterslife #tradeslife #windowfittersofinstagram #uktrades #fenorapro #tradesmen #builderlife #skilledtrades #bluecollar #constructionuk #renovation #homeimprovement #diy #makestrends #fenestration #glazing #joinery #doubleglazing #windows","The apprentice says the thing you told him not to say.

“You’ve told him the job was two days, hasn’t you.”

I have. I always do. I always say it takes longer.

“Say it takes three to four days, if it’s not raining.”

Halfway through day one he is on the phone: “Yeah no, he says three to four days.”

Day four at 4pm: “He says it’s definitely done by six.”

Day six. The apprentice has moved on to a different job. I have not.

🪟  fenora.pro  —  one record for the whole window job","The apprentice says the thing you told him not to say.

“You’ve told him the job was two days, hasn’t you.”

I have. I always do. I always say it takes longer.

“Say it takes three to four days, if it’s not raining.”

Halfway through day one he is on the phone: “Yeah no, he says three to four days.”

Day four at 4pm: “He says it’s definitely done by six.”

Day six. The apprentice has moved on to a different job. I have not.

🪟  fenora.pro  —  one record for the whole window job","The apprentice says the thing you told him not to say.

“You’ve told him the job was two days, hasn’t you.”

I have. I always do. I always say it takes longer.

“Say it takes three to four days, if it’s not raining.”

Halfway through day one he is on the phone: “Yeah no, he says three to four days.”

Day four at 4pm: “He says it’s definitely done by six.”

Day six. The apprentice has moved on to a different job. I have not.


— fenora.pro",,08:15,draft,,,,Trade Pain
TP-23,trade-pain,static,,Sash windows. The sashes will drop.,"Nobody mentions this at handover.

The sashes were fine for eleven years. The sashes were fine for twelve years. Then the ropes finally gave, the weights came down, and now it takes both hands and a good deal of swearing to get the top one up.

It was not going to last forever. You knew it was not going to last forever. You bought the house anyway. You paid for the house anyway.

That is what happens when you do not specify it. That is what happens when nobody asked what the cords are made of.",,,,"Photorealistic interior shot of a traditional vertical sliding sash window with the lower sash barely open, a hand straining to lift it, visible old sash cords, peeling paint, a feather duster on the sill, nostalgic and slightly tragic, warm interior light Photorealistic editorial photograph, UK domestic architecture, soft overcast British daylight, shot on 35mm, shallow depth of field, muted natural palette of slate grey, birch plywood, anthracite and warm oak. Documentary realism, not glossy advertising. Absolutely no text, no captions, no logos, no watermarks, no UI overlays.",photo-real,,"IG,FB,LI",pain,"Sash windows. The sashes will drop.

Nobody mentions this at handover.

The sashes were fine for eleven years. The sashes were fine for twelve years. Then the ropes finally gave, the weights came down, and now it takes both hands and a good deal of swearing to get the top one up.

It was not going to last forever. You knew it was not going to last forever. You bought the house anyway. You paid for the house anyway.

That is what happens when you do not specify it. That is what happens when nobody asked what the cords are made of.

🪟  fenora.pro  —  one record for the whole window job

#fitterslife #tradeslife #windowfittersofinstagram #uktrades #fenorapro #builderlife #skilledtrades #bluecollar #constructionuk #renovation #homeimprovement #diy #makestrends #fenestration #glazing #joinery #doubleglazing #windows #fyp","Sash windows. The sashes will drop.

Nobody mentions this at handover.

The sashes were fine for eleven years. The sashes were fine for twelve years. Then the ropes finally gave, the weights came down, and now it takes both hands and a good deal of swearing to get the top one up.

It was not going to last forever. You knew it was not going to last forever. You bought the house anyway. You paid for the house anyway.

That is what happens when you do not specify it. That is what happens when nobody asked what the cords are made of.

🪟  fenora.pro  —  one record for the whole window job","Sash windows. The sashes will drop.

Nobody mentions this at handover.

The sashes were fine for eleven years. The sashes were fine for twelve years. Then the ropes finally gave, the weights came down, and now it takes both hands and a good deal of swearing to get the top one up.

It was not going to last forever. You knew it was not going to last forever. You bought the house anyway. You paid for the house anyway.

That is what happens when you do not specify it. That is what happens when nobody asked what the cords are made of.

🪟  fenora.pro  —  one record for the whole window job","Sash windows. The sashes will drop.

Nobody mentions this at handover.

The sashes were fine for eleven years. The sashes were fine for twelve years. Then the ropes finally gave, the weights came down, and now it takes both hands and a good deal of swearing to get the top one up.

It was not going to last forever. You knew it was not going to last forever. You bought the house anyway. You paid for the house anyway.

That is what happens when you do not specify it. That is what happens when nobody asked what the cords are made of.


— fenora.pro",,08:15,draft,,,,Trade Pain
TP-24,trade-pain,static,,Fitting into a scaffold. Of course there’s a scaffold.,"I have fitted windows off ladders.
I have fitted windows off scaffolding.
I have fitted windows through a conservatory roof.
I have fitted windows over a parked car, twice, with a tarp.

I have never, in twenty years, fitted a window with simply the right amount of room around it.",,,,"Photorealistic photograph of a tradesperson fitting a window from bamboo scaffolding on a narrow UK terraced house, a colleague passing tools up from a ladder, ropes and boards, a skip below, tight awkward angles, grey London sky, documentary realism Photorealistic candid documentary photograph of a UK tradesperson at work, hi-vis and worn workwear, tools and laser measure in frame, overcast British daylight, van or scaffold hinted in background, slightly chaotic and real, not staged. Muted natural palette, 35mm, shallow depth of field. Absolutely no text, no captions, no logos, no watermarks, no UI overlays.",photo-trades,,"IG,FB,LI",pain,"Fitting into a scaffold. Of course there’s a scaffold.

I have fitted windows off ladders.
I have fitted windows off scaffolding.
I have fitted windows through a conservatory roof.
I have fitted windows over a parked car, twice, with a tarp.

I have never, in twenty years, fitted a window with simply the right amount of room around it.

🪟  fenora.pro  —  one record for the whole window job

#fitterslife #tradeslife #windowfittersofinstagram #uktrades #fenorapro #skilledtrades #bluecollar #constructionuk #renovation #homeimprovement #diy #makestrends #fenestration #glazing #joinery #doubleglazing #windows #fyp #reels","Fitting into a scaffold. Of course there’s a scaffold.

I have fitted windows off ladders.
I have fitted windows off scaffolding.
I have fitted windows through a conservatory roof.
I have fitted windows over a parked car, twice, with a tarp.

I have never, in twenty years, fitted a window with simply the right amount of room around it.

🪟  fenora.pro  —  one record for the whole window job","Fitting into a scaffold. Of course there’s a scaffold.

I have fitted windows off ladders.
I have fitted windows off scaffolding.
I have fitted windows through a conservatory roof.
I have fitted windows over a parked car, twice, with a tarp.

I have never, in twenty years, fitted a window with simply the right amount of room around it.

🪟  fenora.pro  —  one record for the whole window job","Fitting into a scaffold. Of course there’s a scaffold.

I have fitted windows off ladders.
I have fitted windows off scaffolding.
I have fitted windows through a conservatory roof.
I have fitted windows over a parked car, twice, with a tarp.

I have never, in twenty years, fitted a window with simply the right amount of room around it.


— fenora.pro",,08:15,draft,,,,Trade Pain
TP-25,trade-pain,reel,,The three knocks before every delivery,"You know the knock.

It’s not a knock, it’s a performance. Three knocks with intent. Wait for the reply. Knock again, two this time, slightly harder. Never call the bell — the bell is for pizza.

If nobody answers after the third round you have two options: leave, or stand in the rain looking like a person who has never been to a house before.",,,,"Photorealistic 9:16 shot of a tradesperson in hi-vis standing at a UK front door mid-knock, hand raised, backpack of window samples on the porch, rain falling, warm light spilling from the frosted glass fanlight, cinematic, slightly awkward comedy Photorealistic candid documentary photograph of a UK tradesperson at work, hi-vis and worn workwear, tools and laser measure in frame, overcast British daylight, van or scaffold hinted in background, slightly chaotic and real, not staged. Muted natural palette, 35mm, shallow depth of field. Absolutely no text, no captions, no logos, no watermarks, no UI overlays.",photo-trades,9:16,"IG,FB,LI",pain,"The three knocks before every delivery

You know the knock.

It’s not a knock, it’s a performance. Three knocks with intent. Wait for the reply. Knock again, two this time, slightly harder. Never call the bell — the bell is for pizza.

If nobody answers after the third round you have two options: leave, or stand in the rain looking like a person who has never been to a house before.

🪟  fenora.pro  —  one record for the whole window job

#fitterslife #tradeslife #windowfittersofinstagram #uktrades #fenorapro #bluecollar #constructionuk #renovation #homeimprovement #diy #makestrends #fenestration #glazing #joinery #doubleglazing #windows #fyp #reels #viral","The three knocks before every delivery

You know the knock.

It’s not a knock, it’s a performance. Three knocks with intent. Wait for the reply. Knock again, two this time, slightly harder. Never call the bell — the bell is for pizza.

If nobody answers after the third round you have two options: leave, or stand in the rain looking like a person who has never been to a house before.

🪟  fenora.pro  —  one record for the whole window job","The three knocks before every delivery

You know the knock.

It’s not a knock, it’s a performance. Three knocks with intent. Wait for the reply. Knock again, two this time, slightly harder. Never call the bell — the bell is for pizza.

If nobody answers after the third round you have two options: leave, or stand in the rain looking like a person who has never been to a house before.

🪟  fenora.pro  —  one record for the whole window job","The three knocks before every delivery

You know the knock.

It’s not a knock, it’s a performance. Three knocks with intent. Wait for the reply. Knock again, two this time, slightly harder. Never call the bell — the bell is for pizza.

If nobody answers after the third round you have two options: leave, or stand in the rain looking like a person who has never been to a house before.


— fenora.pro",,08:15,draft,,,,Trade Pain
TP-26,trade-pain,static,,“It’s got a draught through it.” It has not.,"“I’m getting a slight draught through the double glazing, you fitted it for me.”

It is 1mm of air moving past a closed sash in a house built in 1911 with a fireplace that is a permanent hole in the building.

You can do three things:
1. Explain why.
2. Offer to come back and adjust it, which will make it worse.
3. Leave a bag of cill wedges and a roll of brush sealer and explain that the fire is the draught.",,,,"Photorealistic shot of a hand holding a strip of smoke/paper draught ribbon near a closed window sash to test airflow, ribbons drifting, a lit fire visible in the background of an old UK living room, moody warm light, forensic Photorealistic editorial photograph, UK domestic architecture, soft overcast British daylight, shot on 35mm, shallow depth of field, muted natural palette of slate grey, birch plywood, anthracite and warm oak. Documentary realism, not glossy advertising. Absolutely no text, no captions, no logos, no watermarks, no UI overlays.",photo-real,,"IG,FB,LI",pain,"“It’s got a draught through it.” It has not.

“I’m getting a slight draught through the double glazing, you fitted it for me.”

It is 1mm of air moving past a closed sash in a house built in 1911 with a fireplace that is a permanent hole in the building.

You can do three things:
1. Explain why.
2. Offer to come back and adjust it, which will make it worse.
3. Leave a bag of cill wedges and a roll of brush sealer and explain that the fire is the draught.

🪟  fenora.pro  —  one record for the whole window job

#fitterslife #tradeslife #windowfittersofinstagram #uktrades #fenorapro #constructionuk #renovation #homeimprovement #diy #makestrends #fenestration #glazing #joinery #doubleglazing #windows #fyp #reels #viral #trending","“It’s got a draught through it.” It has not.

“I’m getting a slight draught through the double glazing, you fitted it for me.”

It is 1mm of air moving past a closed sash in a house built in 1911 with a fireplace that is a permanent hole in the building.

You can do three things:
1. Explain why.
2. Offer to come back and adjust it, which will make it worse.
3. Leave a bag of cill wedges and a roll of brush sealer and explain that the fire is the draught.

🪟  fenora.pro  —  one record for the whole window job","“It’s got a draught through it.” It has not.

“I’m getting a slight draught through the double glazing, you fitted it for me.”

It is 1mm of air moving past a closed sash in a house built in 1911 with a fireplace that is a permanent hole in the building.

You can do three things:
1. Explain why.
2. Offer to come back and adjust it, which will make it worse.
3. Leave a bag of cill wedges and a roll of brush sealer and explain that the fire is the draught.

🪟  fenora.pro  —  one record for the whole window job","“It’s got a draught through it.” It has not.

“I’m getting a slight draught through the double glazing, you fitted it for me.”

It is 1mm of air moving past a closed sash in a house built in 1911 with a fireplace that is a permanent hole in the building.

You can do three things:
1. Explain why.
2. Offer to come back and adjust it, which will make it worse.
3. Leave a bag of cill wedges and a roll of brush sealer and explain that the fire is the draught.


— fenora.pro",,08:15,draft,,,,Trade Pain
TP-27,trade-pain,static,,Your mate who ‘does a bit of everything’,"Brian does a bit of everything.

Brian will quote your whole house. Brian will be cheaper. Brian will tell you the frame is fine, it just needs a new bit of rubber. Brian will take the money and the room will still be cold in January.

Brian is not a fraud. Brian genuinely believes a draught excluder is a repair.

Brian has a very full diary and he will not be able to come back for six weeks.",,,,"Photorealistic wide-angle photo of a cluttered UK van interior belonging to a general handyman, mixed tools, wallpaper rolls, a length of skirting, an iron, a paint tin and a coffee cup, chaotic and slightly menacing, flat light through the rear doors Photorealistic candid documentary photograph of a UK tradesperson at work, hi-vis and worn workwear, tools and laser measure in frame, overcast British daylight, van or scaffold hinted in background, slightly chaotic and real, not staged. Muted natural palette, 35mm, shallow depth of field. Absolutely no text, no captions, no logos, no watermarks, no UI overlays.",photo-trades,,"IG,FB,LI",pain,"Your mate who ‘does a bit of everything’

Brian does a bit of everything.

Brian will quote your whole house. Brian will be cheaper. Brian will tell you the frame is fine, it just needs a new bit of rubber. Brian will take the money and the room will still be cold in January.

Brian is not a fraud. Brian genuinely believes a draught excluder is a repair.

Brian has a very full diary and he will not be able to come back for six weeks.

🪟  fenora.pro  —  one record for the whole window job

#fitterslife #tradeslife #windowfittersofinstagram #uktrades #fenorapro #renovation #homeimprovement #diy #makestrends #fenestration #glazing #joinery #doubleglazing #windows #fyp #reels #viral #trending #explore","Your mate who ‘does a bit of everything’

Brian does a bit of everything.

Brian will quote your whole house. Brian will be cheaper. Brian will tell you the frame is fine, it just needs a new bit of rubber. Brian will take the money and the room will still be cold in January.

Brian is not a fraud. Brian genuinely believes a draught excluder is a repair.

Brian has a very full diary and he will not be able to come back for six weeks.

🪟  fenora.pro  —  one record for the whole window job","Your mate who ‘does a bit of everything’

Brian does a bit of everything.

Brian will quote your whole house. Brian will be cheaper. Brian will tell you the frame is fine, it just needs a new bit of rubber. Brian will take the money and the room will still be cold in January.

Brian is not a fraud. Brian genuinely believes a draught excluder is a repair.

Brian has a very full diary and he will not be able to come back for six weeks.

🪟  fenora.pro  —  one record for the whole window job","Your mate who ‘does a bit of everything’

Brian does a bit of everything.

Brian will quote your whole house. Brian will be cheaper. Brian will tell you the frame is fine, it just needs a new bit of rubber. Brian will take the money and the room will still be cold in January.

Brian is not a fraud. Brian genuinely believes a draught excluder is a repair.

Brian has a very full diary and he will not be able to come back for six weeks.


— fenora.pro",,08:15,draft,,,,Trade Pain
TP-28,trade-pain,static,,“Can you take it off the invoice if you sort that?”,"Every single job.

Not the one thing. All of them. The one from the first visit, the one you did free, the one that was never in the original scope but you did anyway, and the one that is genuinely their fault.

“Can you take it off the invoice if you sort that.”

Sorted.

Still going to take it off the invoice, am I.",,,,"Photorealistic close-up of a UK tradesperson's desk: an invoice printout, a pen resting on it, an invoice pad, a coffee cup, a small window rebate timber offcut, a receipt roll, moody side lighting, sense of resignation Photorealistic editorial photograph, UK domestic architecture, soft overcast British daylight, shot on 35mm, shallow depth of field, muted natural palette of slate grey, birch plywood, anthracite and warm oak. Documentary realism, not glossy advertising. Absolutely no text, no captions, no logos, no watermarks, no UI overlays.",photo-real,,"IG,FB,LI",pain,"“Can you take it off the invoice if you sort that?”

Every single job.

Not the one thing. All of them. The one from the first visit, the one you did free, the one that was never in the original scope but you did anyway, and the one that is genuinely their fault.

“Can you take it off the invoice if you sort that.”

Sorted.

Still going to take it off the invoice, am I.

🪟  fenora.pro  —  one record for the whole window job

#fitterslife #tradeslife #windowfittersofinstagram #uktrades #fenorapro #homeimprovement #diy #makestrends #fenestration #glazing #joinery #doubleglazing #windows #fyp #reels #viral #trending #explore #reelsinstagram","“Can you take it off the invoice if you sort that?”

Every single job.

Not the one thing. All of them. The one from the first visit, the one you did free, the one that was never in the original scope but you did anyway, and the one that is genuinely their fault.

“Can you take it off the invoice if you sort that.”

Sorted.

Still going to take it off the invoice, am I.

🪟  fenora.pro  —  one record for the whole window job","“Can you take it off the invoice if you sort that?”

Every single job.

Not the one thing. All of them. The one from the first visit, the one you did free, the one that was never in the original scope but you did anyway, and the one that is genuinely their fault.

“Can you take it off the invoice if you sort that.”

Sorted.

Still going to take it off the invoice, am I.

🪟  fenora.pro  —  one record for the whole window job","“Can you take it off the invoice if you sort that?”

Every single job.

Not the one thing. All of them. The one from the first visit, the one you did free, the one that was never in the original scope but you did anyway, and the one that is genuinely their fault.

“Can you take it off the invoice if you sort that.”

Sorted.

Still going to take it off the invoice, am I.


— fenora.pro",,08:15,draft,,,,Trade Pain
TP-29,trade-pain,static,,You didn’t build the house. You were told you would be level.,"The survey said level.
The builder said level.
The last three window fitters said it was fine.
The building inspector said level.

There is a word for a wall that is not level and the word is *built like that*, but nobody wants to hear it because the last person who said it was still holding the trowel.",,,,"Photorealistic extreme close-up of a masonry spirit level bubble sitting hard against one end of the vial on a rough brick pier, dust and mortar crumbs, unforgiving flat light, the single most damning image in construction Photorealistic editorial photograph, UK domestic architecture, soft overcast British daylight, shot on 35mm, shallow depth of field, muted natural palette of slate grey, birch plywood, anthracite and warm oak. Documentary realism, not glossy advertising. Absolutely no text, no captions, no logos, no watermarks, no UI overlays.",photo-real,,"IG,FB,LI",nerd,"You didn’t build the house. You were told you would be level.

The survey said level.
The builder said level.
The last three window fitters said it was fine.
The building inspector said level.

There is a word for a wall that is not level and the word is *built like that*, but nobody wants to hear it because the last person who said it was still holding the trowel.

🪟  fenora.pro  —  one record for the whole window job

#windownerd #sashwindows #conservation #windowdetailing #fenorapro #diy #makestrends #fenestration #glazing #joinery #doubleglazing #windows #fyp #reels #viral #trending #explore #reelsinstagram #tradeslife","You didn’t build the house. You were told you would be level.

The survey said level.
The builder said level.
The last three window fitters said it was fine.
The building inspector said level.

There is a word for a wall that is not level and the word is *built like that*, but nobody wants to hear it because the last person who said it was still holding the trowel.

🪟  fenora.pro  —  one record for the whole window job","You didn’t build the house. You were told you would be level.

The survey said level.
The builder said level.
The last three window fitters said it was fine.
The building inspector said level.

There is a word for a wall that is not level and the word is *built like that*, but nobody wants to hear it because the last person who said it was still holding the trowel.

🪟  fenora.pro  —  one record for the whole window job","You didn’t build the house. You were told you would be level.

The survey said level.
The builder said level.
The last three window fitters said it was fine.
The building inspector said level.

There is a word for a wall that is not level and the word is *built like that*, but nobody wants to hear it because the last person who said it was still holding the trowel.


— fenora.pro",,08:15,draft,,,,Trade Pain
TP-30,trade-pain,static,,"Five trades, one bathroom, no one will take responsibility.","Monday: the plumber says it’s the electrician.
Tuesday: the electrician says it’s the plasterer.
Wednesday: the plasterer says he’s never seen anything like it.
Thursday: the plasterer looks at the window.

The window has been in since 1994. The window is innocent. The window says nothing. The window is timber and it has done nothing but rot slowly and honestly for thirty years.

The window will not be attending on Thursday.",,,,"Photorealistic photograph of a chaotic UK bathroom renovation with four different trades' vans outside, an open door, an extension lead across a wet floor, a roll of insulation, a bald patch in the plaster, someone pointing, comic chaos, overcast light Photorealistic candid documentary photograph of a UK tradesperson at work, hi-vis and worn workwear, tools and laser measure in frame, overcast British daylight, van or scaffold hinted in background, slightly chaotic and real, not staged. Muted natural palette, 35mm, shallow depth of field. Absolutely no text, no captions, no logos, no watermarks, no UI overlays.",photo-trades,,"IG,FB,LI",pain,"Five trades, one bathroom, no one will take responsibility.

Monday: the plumber says it’s the electrician.
Tuesday: the electrician says it’s the plasterer.
Wednesday: the plasterer says he’s never seen anything like it.
Thursday: the plasterer looks at the window.

The window has been in since 1994. The window is innocent. The window says nothing. The window is timber and it has done nothing but rot slowly and honestly for thirty years.

The window will not be attending on Thursday.

🪟  fenora.pro  —  one record for the whole window job

#fitterslife #tradeslife #windowfittersofinstagram #uktrades #fenorapro #makestrends #fenestration #glazing #joinery #doubleglazing #windows #fyp #reels #viral #trending #explore #reelsinstagram #tradeslife #tradesmen","Five trades, one bathroom, no one will take responsibility.

Monday: the plumber says it’s the electrician.
Tuesday: the electrician says it’s the plasterer.
Wednesday: the plasterer says he’s never seen anything like it.
Thursday: the plasterer looks at the window.

The window has been in since 1994. The window is innocent. The window says nothing. The window is timber and it has done nothing but rot slowly and honestly for thirty years.

The window will not be attending on Thursday.

🪟  fenora.pro  —  one record for the whole window job","Five trades, one bathroom, no one will take responsibility.

Monday: the plumber says it’s the electrician.
Tuesday: the electrician says it’s the plasterer.
Wednesday: the plasterer says he’s never seen anything like it.
Thursday: the plasterer looks at the window.

The window has been in since 1994. The window is innocent. The window says nothing. The window is timber and it has done nothing but rot slowly and honestly for thirty years.

The window will not be attending on Thursday.

🪟  fenora.pro  —  one record for the whole window job","Five trades, one bathroom, no one will take responsibility.

Monday: the plumber says it’s the electrician.
Tuesday: the electrician says it’s the plasterer.
Wednesday: the plasterer says he’s never seen anything like it.
Thursday: the plasterer looks at the window.

The window has been in since 1994. The window is innocent. The window says nothing. The window is timber and it has done nothing but rot slowly and honestly for thirty years.

The window will not be attending on Thursday.


— fenora.pro",,08:15,draft,,,,Trade Pain
TP-31,trade-pain,static,,"I don’t say this often, but the job was a pleasure.","I don’t say this often, because it makes everyone suspicious.

Straightforward. Square. Clean reveals. A builder who actually returned my calls. A customer who’d already moved the cat out of the room.

I was in and out in two days and I would happily do it again tomorrow.

And I am suspicious of the next one.",,,,"Photorealistic photo of a perfectly finished, square, neatly installed white casement window in a modern UK kitchen, immaculate silicone lines, workman in clean workwear packing up a tidy tool bag, morning light, calm and almost suspicious in its serenity Photorealistic candid documentary photograph of a UK tradesperson at work, hi-vis and worn workwear, tools and laser measure in frame, overcast British daylight, van or scaffold hinted in background, slightly chaotic and real, not staged. Muted natural palette, 35mm, shallow depth of field. Absolutely no text, no captions, no logos, no watermarks, no UI overlays.",photo-trades,,"IG,FB,LI",pain,"I don’t say this often, but the job was a pleasure.

I don’t say this often, because it makes everyone suspicious.

Straightforward. Square. Clean reveals. A builder who actually returned my calls. A customer who’d already moved the cat out of the room.

I was in and out in two days and I would happily do it again tomorrow.

And I am suspicious of the next one.

🪟  fenora.pro  —  one record for the whole window job

#fitterslife #tradeslife #windowfittersofinstagram #uktrades #fenorapro #fenestration #glazing #joinery #doubleglazing #windows #fyp #reels #viral #trending #explore #reelsinstagram #tradeslife #tradesmen #builderlife","I don’t say this often, but the job was a pleasure.

I don’t say this often, because it makes everyone suspicious.

Straightforward. Square. Clean reveals. A builder who actually returned my calls. A customer who’d already moved the cat out of the room.

I was in and out in two days and I would happily do it again tomorrow.

And I am suspicious of the next one.

🪟  fenora.pro  —  one record for the whole window job","I don’t say this often, but the job was a pleasure.

I don’t say this often, because it makes everyone suspicious.

Straightforward. Square. Clean reveals. A builder who actually returned my calls. A customer who’d already moved the cat out of the room.

I was in and out in two days and I would happily do it again tomorrow.

And I am suspicious of the next one.

🪟  fenora.pro  —  one record for the whole window job","I don’t say this often, but the job was a pleasure.

I don’t say this often, because it makes everyone suspicious.

Straightforward. Square. Clean reveals. A builder who actually returned my calls. A customer who’d already moved the cat out of the room.

I was in and out in two days and I would happily do it again tomorrow.

And I am suspicious of the next one.


— fenora.pro",,08:15,draft,,,,Trade Pain
TP-32,trade-pain,reel,,"The full day, in four words","FULL DAY IN FOUR WORDS:

8am — “the reveal’s not what I thought.”
11am — “we’ve run out of chrome.”
2pm — “can you just check that.”
4pm — “right, that’s the last one.”",,,,"Photorealistic 9:16 triptych-style single frame showing one exhausted tradesperson at three different times of day in the same UK hallway, strong light changing across the frame from morning to golden hour, tools and dust throughout, cinematic time-lapse feeling Photorealistic candid documentary photograph of a UK tradesperson at work, hi-vis and worn workwear, tools and laser measure in frame, overcast British daylight, van or scaffold hinted in background, slightly chaotic and real, not staged. Muted natural palette, 35mm, shallow depth of field. Absolutely no text, no captions, no logos, no watermarks, no UI overlays.",photo-trades,9:16,"IG,FB,LI",pain,"The full day, in four words

FULL DAY IN FOUR WORDS:

8am — “the reveal’s not what I thought.”
11am — “we’ve run out of chrome.”
2pm — “can you just check that.”
4pm — “right, that’s the last one.”

🪟  fenora.pro  —  one record for the whole window job

#fitterslife #tradeslife #windowfittersofinstagram #uktrades #fenorapro #glazing #joinery #doubleglazing #windows #fyp #reels #viral #trending #explore #reelsinstagram #tradeslife #tradesmen #builderlife #skilledtrades","The full day, in four words

FULL DAY IN FOUR WORDS:

8am — “the reveal’s not what I thought.”
11am — “we’ve run out of chrome.”
2pm — “can you just check that.”
4pm — “right, that’s the last one.”

🪟  fenora.pro  —  one record for the whole window job","The full day, in four words

FULL DAY IN FOUR WORDS:

8am — “the reveal’s not what I thought.”
11am — “we’ve run out of chrome.”
2pm — “can you just check that.”
4pm — “right, that’s the last one.”

🪟  fenora.pro  —  one record for the whole window job","The full day, in four words

FULL DAY IN FOUR WORDS:

8am — “the reveal’s not what I thought.”
11am — “we’ve run out of chrome.”
2pm — “can you just check that.”
4pm — “right, that’s the last one.”


— fenora.pro",,08:15,draft,,,,Trade Pain
TP-33,trade-pain,static,,The keystone. On a window. Which nobody checks.,"Bottom-left block gone.

Fitted straight away, no check, no wedge, no ceremony. Six months later it is a 7mm gap you can see daylight through and a customer who is not quite complaining but is definitely mentioning it in a way that suggests a phone call is coming.

Two seconds. One block. That is the whole job.",,,,"Photorealistic extreme close-up of a masonry keystone block with a bright wedge of daylight visible through the gap beside it, a small shim packer and a pencil in frame, forensic detail shot, hard raking daylight Photorealistic editorial photograph, UK domestic architecture, soft overcast British daylight, shot on 35mm, shallow depth of field, muted natural palette of slate grey, birch plywood, anthracite and warm oak. Documentary realism, not glossy advertising. Absolutely no text, no captions, no logos, no watermarks, no UI overlays.",photo-real,,"IG,FB,LI",nerd,"The keystone. On a window. Which nobody checks.

Bottom-left block gone.

Fitted straight away, no check, no wedge, no ceremony. Six months later it is a 7mm gap you can see daylight through and a customer who is not quite complaining but is definitely mentioning it in a way that suggests a phone call is coming.

Two seconds. One block. That is the whole job.

🪟  fenora.pro  —  one record for the whole window job

#windownerd #sashwindows #conservation #windowdetailing #fenorapro #joinery #doubleglazing #windows #fyp #reels #viral #trending #explore #reelsinstagram #tradeslife #tradesmen #builderlife #skilledtrades #bluecollar","The keystone. On a window. Which nobody checks.

Bottom-left block gone.

Fitted straight away, no check, no wedge, no ceremony. Six months later it is a 7mm gap you can see daylight through and a customer who is not quite complaining but is definitely mentioning it in a way that suggests a phone call is coming.

Two seconds. One block. That is the whole job.

🪟  fenora.pro  —  one record for the whole window job","The keystone. On a window. Which nobody checks.

Bottom-left block gone.

Fitted straight away, no check, no wedge, no ceremony. Six months later it is a 7mm gap you can see daylight through and a customer who is not quite complaining but is definitely mentioning it in a way that suggests a phone call is coming.

Two seconds. One block. That is the whole job.

🪟  fenora.pro  —  one record for the whole window job","The keystone. On a window. Which nobody checks.

Bottom-left block gone.

Fitted straight away, no check, no wedge, no ceremony. Six months later it is a 7mm gap you can see daylight through and a customer who is not quite complaining but is definitely mentioning it in a way that suggests a phone call is coming.

Two seconds. One block. That is the whole job.


— fenora.pro",,08:15,draft,,,,Trade Pain
TP-34,trade-pain,static,,When the old frame is still holding the wall up.,"You pull the screws.
You wiggle the frame.
Something big moves.

The old frame was, and I use this term with love, the only thing tying the front of this house together.

Put it back. Get a prop. Get a second person. Get more props. Do not tell the customer yet, let them have their tea.",,,,"Photorealistic photograph of a very old rotten timber window frame in a Victorian UK house being carefully eased out of a brick opening, the brickwork above visibly sagging, timber props and a steel Acrow prop being positioned, one tradesperson with hands on head in the background, tense and comedic Photorealistic candid documentary photograph of a UK tradesperson at work, hi-vis and worn workwear, tools and laser measure in frame, overcast British daylight, van or scaffold hinted in background, slightly chaotic and real, not staged. Muted natural palette, 35mm, shallow depth of field. Absolutely no text, no captions, no logos, no watermarks, no UI overlays.",photo-trades,,"IG,FB,LI",pain,"When the old frame is still holding the wall up.

You pull the screws.
You wiggle the frame.
Something big moves.

The old frame was, and I use this term with love, the only thing tying the front of this house together.

Put it back. Get a prop. Get a second person. Get more props. Do not tell the customer yet, let them have their tea.

🪟  fenora.pro  —  one record for the whole window job

#fitterslife #tradeslife #windowfittersofinstagram #uktrades #fenorapro #doubleglazing #windows #fyp #reels #viral #trending #explore #reelsinstagram #tradeslife #tradesmen #builderlife #skilledtrades #bluecollar #constructionuk","When the old frame is still holding the wall up.

You pull the screws.
You wiggle the frame.
Something big moves.

The old frame was, and I use this term with love, the only thing tying the front of this house together.

Put it back. Get a prop. Get a second person. Get more props. Do not tell the customer yet, let them have their tea.

🪟  fenora.pro  —  one record for the whole window job","When the old frame is still holding the wall up.

You pull the screws.
You wiggle the frame.
Something big moves.

The old frame was, and I use this term with love, the only thing tying the front of this house together.

Put it back. Get a prop. Get a second person. Get more props. Do not tell the customer yet, let them have their tea.

🪟  fenora.pro  —  one record for the whole window job","When the old frame is still holding the wall up.

You pull the screws.
You wiggle the frame.
Something big moves.

The old frame was, and I use this term with love, the only thing tying the front of this house together.

Put it back. Get a prop. Get a second person. Get more props. Do not tell the customer yet, let them have their tea.


— fenora.pro",,08:15,draft,,,,Trade Pain
TP-35,trade-pain,static,,There is a difference between “scribed” and “fudged”,"Scribing is cutting the horn at an angle to follow the wall.

Fudging is cutting the horn at an angle and hoping the wall is what you thought it was.

They look identical from the outside. From the inside one is a joint line and one is a 6mm gap with a bead of silicone holding the world together.

The customer will find the difference. In eight years. On a Tuesday. Quietly.",,,,"Photorealistic split-level close-up of a white uPVC window horn where the scribe cut follows an uneven brick line perfectly, a fine bead of fresh white silicone being applied, masking tape, tools, crisp daylight, craftsmanship Photorealistic editorial photograph, UK domestic architecture, soft overcast British daylight, shot on 35mm, shallow depth of field, muted natural palette of slate grey, birch plywood, anthracite and warm oak. Documentary realism, not glossy advertising. Absolutely no text, no captions, no logos, no watermarks, no UI overlays.",photo-real,,"IG,FB,LI",nerd,"There is a difference between “scribed” and “fudged”

Scribing is cutting the horn at an angle to follow the wall.

Fudging is cutting the horn at an angle and hoping the wall is what you thought it was.

They look identical from the outside. From the inside one is a joint line and one is a 6mm gap with a bead of silicone holding the world together.

The customer will find the difference. In eight years. On a Tuesday. Quietly.

🪟  fenora.pro  —  one record for the whole window job

#windownerd #sashwindows #conservation #windowdetailing #fenorapro #windows #fyp #reels #viral #trending #explore #reelsinstagram #tradeslife #tradesmen #builderlife #skilledtrades #bluecollar #constructionuk #renovation","There is a difference between “scribed” and “fudged”

Scribing is cutting the horn at an angle to follow the wall.

Fudging is cutting the horn at an angle and hoping the wall is what you thought it was.

They look identical from the outside. From the inside one is a joint line and one is a 6mm gap with a bead of silicone holding the world together.

The customer will find the difference. In eight years. On a Tuesday. Quietly.

🪟  fenora.pro  —  one record for the whole window job","There is a difference between “scribed” and “fudged”

Scribing is cutting the horn at an angle to follow the wall.

Fudging is cutting the horn at an angle and hoping the wall is what you thought it was.

They look identical from the outside. From the inside one is a joint line and one is a 6mm gap with a bead of silicone holding the world together.

The customer will find the difference. In eight years. On a Tuesday. Quietly.

🪟  fenora.pro  —  one record for the whole window job","There is a difference between “scribed” and “fudged”

Scribing is cutting the horn at an angle to follow the wall.

Fudging is cutting the horn at an angle and hoping the wall is what you thought it was.

They look identical from the outside. From the inside one is a joint line and one is a 6mm gap with a bead of silicone holding the world together.

The customer will find the difference. In eight years. On a Tuesday. Quietly.


— fenora.pro",,08:15,draft,,,,Trade Pain
ND-01,nerd-detail,carousel,,Astragal ≠ astragal bar,"Everybody in the trade knows somebody who calls it the wrong one and will not be corrected.

An astragal is the glazing bar itself — the timber or profile sitting between the panes.

An astragal bar is the metal or plastic insert that clips into it.

You can tell the difference by whether it makes a noise in the wind. If it does, you’ve got a bar and a gap.",,,,"Photorealistic extreme macro photograph of a traditional window glazing bar joint, showing the astragal timber profile and a thin metal astragal bar insert clipped into its groove, dust and old paint visible, raking light revealing fine detail, museum-quality sharpness Photorealistic editorial photograph, UK domestic architecture, soft overcast British daylight, shot on 35mm, shallow depth of field, muted natural palette of slate grey, birch plywood, anthracite and warm oak. Documentary realism, not glossy advertising. Absolutely no text, no captions, no logos, no watermarks, no UI overlays.",photo-real,,"IG,FB,LI",nerd,"Astragal ≠ astragal bar

Everybody in the trade knows somebody who calls it the wrong one and will not be corrected.

An astragal is the glazing bar itself — the timber or profile sitting between the panes.

An astragal bar is the metal or plastic insert that clips into it.

You can tell the difference by whether it makes a noise in the wind. If it does, you’ve got a bar and a gap.

🪟  fenora.pro  —  one record for the whole window job

#windownerd #sashwindows #conservation #windowdetailing #fenorapro #tradesmen #builderlife #skilledtrades #bluecollar #constructionuk #renovation #homeimprovement #diy #makestrends #fenestration #glazing #joinery #doubleglazing #windows","Astragal ≠ astragal bar

Everybody in the trade knows somebody who calls it the wrong one and will not be corrected.

An astragal is the glazing bar itself — the timber or profile sitting between the panes.

An astragal bar is the metal or plastic insert that clips into it.

You can tell the difference by whether it makes a noise in the wind. If it does, you’ve got a bar and a gap.

🪟  fenora.pro  —  one record for the whole window job","Astragal ≠ astragal bar

Everybody in the trade knows somebody who calls it the wrong one and will not be corrected.

An astragal is the glazing bar itself — the timber or profile sitting between the panes.

An astragal bar is the metal or plastic insert that clips into it.

You can tell the difference by whether it makes a noise in the wind. If it does, you’ve got a bar and a gap.

🪟  fenora.pro  —  one record for the whole window job","Astragal ≠ astragal bar

Everybody in the trade knows somebody who calls it the wrong one and will not be corrected.

An astragal is the glazing bar itself — the timber or profile sitting between the panes.

An astragal bar is the metal or plastic insert that clips into it.

You can tell the difference by whether it makes a noise in the wind. If it does, you’ve got a bar and a gap.


— fenora.pro",,08:15,draft,,,,Nerd Detail
ND-02,nerd-detail,carousel,,Box sash vs spiral sash: the whole argument in one carousel,"Slide 1: A box sash has ropes and weights in a box inside the jambs. The sashes sit 30–40mm apart. You can hear it move.

Slide 2: A spiral sash runs on a helix in a single track. The sashes sit 20–25mm apart. It is quieter, slimmer, and easier to seal.

Slide 3: The box looks better. Everyone in the room agrees the box looks better.

Slide 4: The spiral is what everyone actually wants fitted and no-one admits it.",,,,"Photorealistic side-by-side sectioned technical photograph comparing a traditional box sash window profile against a slim spiral sliding sash, cross-sections visible showing the rope and weight box versus the spiral helix track, studio lighting on a dark background, clean and technical Clean product photograph of a modern desktop software interface floating at a slight angle, dark charcoal UI with orange accent, crisp data tables and technical window drawings, soft neutral studio background with realistic reflections and shadow. Abstract unreadable micro-text only. No legible words, no logos, no watermarks.",screen-mock,,"IG,FB,LI",nerd,"Box sash vs spiral sash: the whole argument in one carousel

Slide 1: A box sash has ropes and weights in a box inside the jambs. The sashes sit 30–40mm apart. You can hear it move.

Slide 2: A spiral sash runs on a helix in a single track. The sashes sit 20–25mm apart. It is quieter, slimmer, and easier to seal.

Slide 3: The box looks better. Everyone in the room agrees the box looks better.

Slide 4: The spiral is what everyone actually wants fitted and no-one admits it.

🪟  fenora.pro  —  one record for the whole window job

#windownerd #sashwindows #conservation #windowdetailing #fenorapro #builderlife #skilledtrades #bluecollar #constructionuk #renovation #homeimprovement #diy #makestrends #fenestration #glazing #joinery #doubleglazing #windows #fyp","Box sash vs spiral sash: the whole argument in one carousel

Slide 1: A box sash has ropes and weights in a box inside the jambs. The sashes sit 30–40mm apart. You can hear it move.

Slide 2: A spiral sash runs on a helix in a single track. The sashes sit 20–25mm apart. It is quieter, slimmer, and easier to seal.

Slide 3: The box looks better. Everyone in the room agrees the box looks better.

Slide 4: The spiral is what everyone actually wants fitted and no-one admits it.

🪟  fenora.pro  —  one record for the whole window job","Box sash vs spiral sash: the whole argument in one carousel

Slide 1: A box sash has ropes and weights in a box inside the jambs. The sashes sit 30–40mm apart. You can hear it move.

Slide 2: A spiral sash runs on a helix in a single track. The sashes sit 20–25mm apart. It is quieter, slimmer, and easier to seal.

Slide 3: The box looks better. Everyone in the room agrees the box looks better.

Slide 4: The spiral is what everyone actually wants fitted and no-one admits it.

🪟  fenora.pro  —  one record for the whole window job","Box sash vs spiral sash: the whole argument in one carousel

1. A box sash has ropes and weights in a box inside the jambs. The sashes sit 30–40mm apart. You can hear it move.

2. A spiral sash runs on a helix in a single track. The sashes sit 20–25mm apart. It is quieter, slimmer, and easier to seal.

3. The box looks better. Everyone in the room agrees the box looks better.

4. The spiral is what everyone actually wants fitted and no-one admits it.


— fenora.pro",,08:15,draft,,,,Nerd Detail
ND-03,nerd-detail,static,,Cill projection: the number nobody ever agrees on,"65mm is standard.
75mm is better in the rain.
85mm is what your dad’s has got.

Then you get to the brickwork, and the brickwork has been repointed twice since 1974 and the face is now 12mm further out than the drawing, so your 65mm cill is now a 53mm cill, and now it is not standard and not better in the rain, it is just wet.

Standardise your cill projection. Write it on the job. Then argue about it once, in writing, forever.",,,,"Photorealistic close-up sectioned photograph of a window cill projecting from a brick wall, a steel rule measuring the projection, rain beading on the overhang, water running back towards the wall, moody grey light, technical and beautiful Photorealistic editorial photograph, UK domestic architecture, soft overcast British daylight, shot on 35mm, shallow depth of field, muted natural palette of slate grey, birch plywood, anthracite and warm oak. Documentary realism, not glossy advertising. Absolutely no text, no captions, no logos, no watermarks, no UI overlays.",photo-real,,"IG,FB,LI",nerd,"Cill projection: the number nobody ever agrees on

65mm is standard.
75mm is better in the rain.
85mm is what your dad’s has got.

Then you get to the brickwork, and the brickwork has been repointed twice since 1974 and the face is now 12mm further out than the drawing, so your 65mm cill is now a 53mm cill, and now it is not standard and not better in the rain, it is just wet.

Standardise your cill projection. Write it on the job. Then argue about it once, in writing, forever.

🪟  fenora.pro  —  one record for the whole window job

#windownerd #sashwindows #conservation #windowdetailing #fenorapro #skilledtrades #bluecollar #constructionuk #renovation #homeimprovement #diy #makestrends #fenestration #glazing #joinery #doubleglazing #windows #fyp #reels","Cill projection: the number nobody ever agrees on

65mm is standard.
75mm is better in the rain.
85mm is what your dad’s has got.

Then you get to the brickwork, and the brickwork has been repointed twice since 1974 and the face is now 12mm further out than the drawing, so your 65mm cill is now a 53mm cill, and now it is not standard and not better in the rain, it is just wet.

Standardise your cill projection. Write it on the job. Then argue about it once, in writing, forever.

🪟  fenora.pro  —  one record for the whole window job","Cill projection: the number nobody ever agrees on

65mm is standard.
75mm is better in the rain.
85mm is what your dad’s has got.

Then you get to the brickwork, and the brickwork has been repointed twice since 1974 and the face is now 12mm further out than the drawing, so your 65mm cill is now a 53mm cill, and now it is not standard and not better in the rain, it is just wet.

Standardise your cill projection. Write it on the job. Then argue about it once, in writing, forever.

🪟  fenora.pro  —  one record for the whole window job","Cill projection: the number nobody ever agrees on

65mm is standard.
75mm is better in the rain.
85mm is what your dad’s has got.

Then you get to the brickwork, and the brickwork has been repointed twice since 1974 and the face is now 12mm further out than the drawing, so your 65mm cill is now a 53mm cill, and now it is not standard and not better in the rain, it is just wet.

Standardise your cill projection. Write it on the job. Then argue about it once, in writing, forever.


— fenora.pro",,08:15,draft,,,,Nerd Detail
ND-04,nerd-detail,carousel,,Internal and external colour are two different colours,"You can have a window that is anthracite outside and pure brilliant white inside, or a sash that is a soft sage outside and a slightly different soft sage inside, and there is no reason you can’t.

Except: internal and external finishes are almost always priced as two operations. Almost always means ‘sometimes it’s one and nobody told the installer until the day.’",,,,"Photorealistic photograph of a window frame cross-section showing anthracite exterior face and bright white interior face, two paint chips and an RAL swatch deck placed beside it on a workbench, studio light, product-documentary clarity Photorealistic editorial photograph, UK domestic architecture, soft overcast British daylight, shot on 35mm, shallow depth of field, muted natural palette of slate grey, birch plywood, anthracite and warm oak. Documentary realism, not glossy advertising. Absolutely no text, no captions, no logos, no watermarks, no UI overlays.",photo-real,,"IG,FB,LI",nerd,"Internal and external colour are two different colours

You can have a window that is anthracite outside and pure brilliant white inside, or a sash that is a soft sage outside and a slightly different soft sage inside, and there is no reason you can’t.

Except: internal and external finishes are almost always priced as two operations. Almost always means ‘sometimes it’s one and nobody told the installer until the day.’

🪟  fenora.pro  —  one record for the whole window job

#windownerd #sashwindows #conservation #windowdetailing #fenorapro #bluecollar #constructionuk #renovation #homeimprovement #diy #makestrends #fenestration #glazing #joinery #doubleglazing #windows #fyp #reels #viral","Internal and external colour are two different colours

You can have a window that is anthracite outside and pure brilliant white inside, or a sash that is a soft sage outside and a slightly different soft sage inside, and there is no reason you can’t.

Except: internal and external finishes are almost always priced as two operations. Almost always means ‘sometimes it’s one and nobody told the installer until the day.’

🪟  fenora.pro  —  one record for the whole window job","Internal and external colour are two different colours

You can have a window that is anthracite outside and pure brilliant white inside, or a sash that is a soft sage outside and a slightly different soft sage inside, and there is no reason you can’t.

Except: internal and external finishes are almost always priced as two operations. Almost always means ‘sometimes it’s one and nobody told the installer until the day.’

🪟  fenora.pro  —  one record for the whole window job","Internal and external colour are two different colours

You can have a window that is anthracite outside and pure brilliant white inside, or a sash that is a soft sage outside and a slightly different soft sage inside, and there is no reason you can’t.

Except: internal and external finishes are almost always priced as two operations. Almost always means ‘sometimes it’s one and nobody told the installer until the day.’


— fenora.pro",,08:15,draft,,,,Nerd Detail
ND-05,nerd-detail,static,,"Sightlines: you are selling the glass, not the window","Frame 64mm.
Mullion 54mm.
Transom 54mm.

That is 172mm of the window doing nothing at all, and in a 2400mm wide bay it is the difference between a room that feels bright and a room that feels like a conservatory full of scaffolding.

Slim the sightlines and the glass gets bigger and the room gets bigger and nobody can explain why this window is £600 more than the last quote.

Now you can.","Every sightline, drawn to the millimetre. fenora.pro","Every sightline, drawn to the millimetre. fenora.pro","Slim sightlines are the single highest-leverage commercial decision in a window quote, and almost no one draws them on the quote.","Photorealistic dramatic backlit photograph of a slim-profile aluminium window in a UK extension, sunlight blasting through, minimal frame lines, an empty chair silhouetted, low angle, sense of space and light, architectural photography quality Photorealistic editorial photograph, UK domestic architecture, soft overcast British daylight, shot on 35mm, shallow depth of field, muted natural palette of slate grey, birch plywood, anthracite and warm oak. Documentary realism, not glossy advertising. Absolutely no text, no captions, no logos, no watermarks, no UI overlays.",photo-real,,"IG,FB,LI",nerd,"Sightlines: you are selling the glass, not the window

Frame 64mm.
Mullion 54mm.
Transom 54mm.

That is 172mm of the window doing nothing at all, and in a 2400mm wide bay it is the difference between a room that feels bright and a room that feels like a conservatory full of scaffolding.

Slim the sightlines and the glass gets bigger and the room gets bigger and nobody can explain why this window is £600 more than the last quote.

Now you can.

Every sightline, drawn to the millimetre. fenora.pro

🪟  fenora.pro  —  one record for the whole window job

#windownerd #sashwindows #conservation #windowdetailing #fenorapro #constructionuk #renovation #homeimprovement #diy #makestrends #fenestration #glazing #joinery #doubleglazing #windows #fyp #reels #viral #trending","Sightlines: you are selling the glass, not the window

Frame 64mm.
Mullion 54mm.
Transom 54mm.

That is 172mm of the window doing nothing at all, and in a 2400mm wide bay it is the difference between a room that feels bright and a room that feels like a conservatory full of scaffolding.

Slim the sightlines and the glass gets bigger and the room gets bigger and nobody can explain why this window is £600 more than the last quote.

Now you can.

Every sightline, drawn to the millimetre. fenora.pro

🪟  fenora.pro  —  one record for the whole window job","Sightlines: you are selling the glass, not the window

Frame 64mm.
Mullion 54mm.
Transom 54mm.

That is 172mm of the window doing nothing at all, and in a 2400mm wide bay it is the difference between a room that feels bright and a room that feels like a conservatory full of scaffolding.

Slim the sightlines and the glass gets bigger and the room gets bigger and nobody can explain why this window is £600 more than the last quote.

Now you can.

Every sightline, drawn to the millimetre. fenora.pro

🪟  fenora.pro  —  one record for the whole window job","Slim sightlines are the single highest-leverage commercial decision in a window quote, and almost no one draws them on the quote.

Frame 64mm.
Mullion 54mm.
Transom 54mm.

That is 172mm of the window doing nothing at all, and in a 2400mm wide bay it is the difference between a room that feels bright and a room that feels like a conservatory full of scaffolding.

Slim the sightlines and the glass gets bigger and the room gets bigger and nobody can explain why this window is £600 more than the last quote.

Now you can.

Every sightline, drawn to the millimetre. fenora.pro


— fenora.pro",,08:15,draft,,,,Nerd Detail
ND-06,nerd-detail,static,,"Trickle vents. 5,000mm². Free air area. Per room.","The most unglamorous 25mm of plastic on the whole window and the one everybody forgets until Building Regs ask for the calcs.

A 2250mm² vent is a 2250mm² vent and it is not enough for a wet room and it is not enough for a new build and it is definitely not enough for the argument you are about to have.

Put the vent in the head, not the sill. Size it from the room, not from the catalogue.

Put it in the drawing so the installer doesn’t put it in the sill.",,,,"Photorealistic macro photograph of a small trickle vent head detail at the top of a uPVC window frame, a steel rule next to it showing the vent aperture, a pencil and a small caliper, studio lighting on dark grey, technical Photorealistic editorial photograph, UK domestic architecture, soft overcast British daylight, shot on 35mm, shallow depth of field, muted natural palette of slate grey, birch plywood, anthracite and warm oak. Documentary realism, not glossy advertising. Absolutely no text, no captions, no logos, no watermarks, no UI overlays.",photo-real,,"IG,FB,LI",nerd,"Trickle vents. 5,000mm². Free air area. Per room.

The most unglamorous 25mm of plastic on the whole window and the one everybody forgets until Building Regs ask for the calcs.

A 2250mm² vent is a 2250mm² vent and it is not enough for a wet room and it is not enough for a new build and it is definitely not enough for the argument you are about to have.

Put the vent in the head, not the sill. Size it from the room, not from the catalogue.

Put it in the drawing so the installer doesn’t put it in the sill.

🪟  fenora.pro  —  one record for the whole window job

#windownerd #sashwindows #conservation #windowdetailing #fenorapro #renovation #homeimprovement #diy #makestrends #fenestration #glazing #joinery #doubleglazing #windows #fyp #reels #viral #trending #explore","Trickle vents. 5,000mm². Free air area. Per room.

The most unglamorous 25mm of plastic on the whole window and the one everybody forgets until Building Regs ask for the calcs.

A 2250mm² vent is a 2250mm² vent and it is not enough for a wet room and it is not enough for a new build and it is definitely not enough for the argument you are about to have.

Put the vent in the head, not the sill. Size it from the room, not from the catalogue.

Put it in the drawing so the installer doesn’t put it in the sill.

🪟  fenora.pro  —  one record for the whole window job","Trickle vents. 5,000mm². Free air area. Per room.

The most unglamorous 25mm of plastic on the whole window and the one everybody forgets until Building Regs ask for the calcs.

A 2250mm² vent is a 2250mm² vent and it is not enough for a wet room and it is not enough for a new build and it is definitely not enough for the argument you are about to have.

Put the vent in the head, not the sill. Size it from the room, not from the catalogue.

Put it in the drawing so the installer doesn’t put it in the sill.

🪟  fenora.pro  —  one record for the whole window job","Trickle vents. 5,000mm². Free air area. Per room.

The most unglamorous 25mm of plastic on the whole window and the one everybody forgets until Building Regs ask for the calcs.

A 2250mm² vent is a 2250mm² vent and it is not enough for a wet room and it is not enough for a new build and it is definitely not enough for the argument you are about to have.

Put the vent in the head, not the sill. Size it from the room, not from the catalogue.

Put it in the drawing so the installer doesn’t put it in the sill.


— fenora.pro",,08:15,draft,,,,Nerd Detail
ND-07,nerd-detail,carousel,,Georgian bars vs astragal bars vs faux glazing bars,"Georgian bars: individual small panes, each one glazed, each one a weak point, each one expensive, each one a nightmare in a clean.

Astragal bars: fewer, thicker, glued to the inside face, cheaper, stronger, and from the street you genuinely cannot tell.

Faux bars: printed or applied to the glass. Looks perfect. Looks like a pub. Not for Grade II.",,,,"Photorealistic photograph of three different window glazing bar treatments displayed side by side on a sample board against a wall, one heavily barred Georgian, one with astragal bars, one plain, raking daylight to show the shadow difference, showroom lighting Photorealistic editorial photograph, UK domestic architecture, soft overcast British daylight, shot on 35mm, shallow depth of field, muted natural palette of slate grey, birch plywood, anthracite and warm oak. Documentary realism, not glossy advertising. Absolutely no text, no captions, no logos, no watermarks, no UI overlays.",photo-real,,"IG,FB,LI",nerd,"Georgian bars vs astragal bars vs faux glazing bars

Georgian bars: individual small panes, each one glazed, each one a weak point, each one expensive, each one a nightmare in a clean.

Astragal bars: fewer, thicker, glued to the inside face, cheaper, stronger, and from the street you genuinely cannot tell.

Faux bars: printed or applied to the glass. Looks perfect. Looks like a pub. Not for Grade II.

🪟  fenora.pro  —  one record for the whole window job

#windownerd #sashwindows #conservation #windowdetailing #fenorapro #homeimprovement #diy #makestrends #fenestration #glazing #joinery #doubleglazing #windows #fyp #reels #viral #trending #explore #reelsinstagram","Georgian bars vs astragal bars vs faux glazing bars

Georgian bars: individual small panes, each one glazed, each one a weak point, each one expensive, each one a nightmare in a clean.

Astragal bars: fewer, thicker, glued to the inside face, cheaper, stronger, and from the street you genuinely cannot tell.

Faux bars: printed or applied to the glass. Looks perfect. Looks like a pub. Not for Grade II.

🪟  fenora.pro  —  one record for the whole window job","Georgian bars vs astragal bars vs faux glazing bars

Georgian bars: individual small panes, each one glazed, each one a weak point, each one expensive, each one a nightmare in a clean.

Astragal bars: fewer, thicker, glued to the inside face, cheaper, stronger, and from the street you genuinely cannot tell.

Faux bars: printed or applied to the glass. Looks perfect. Looks like a pub. Not for Grade II.

🪟  fenora.pro  —  one record for the whole window job","Georgian bars vs astragal bars vs faux glazing bars

Georgian bars: individual small panes, each one glazed, each one a weak point, each one expensive, each one a nightmare in a clean.

Astragal bars: fewer, thicker, glued to the inside face, cheaper, stronger, and from the street you genuinely cannot tell.

Faux bars: printed or applied to the glass. Looks perfect. Looks like a pub. Not for Grade II.


— fenora.pro",,08:15,draft,,,,Nerd Detail
ND-08,nerd-detail,static,,"Glass build-up, in trade order","24mm, 6.12.4.2, argon, black spacer, warm edge, toughened, obscured.

Say it out loud in a customer meeting and watch their face. It is the same words as every other quote. It is not the same words.

What nobody writes down: whether the spacer is black, silver or warm edge. Whether the top pane is toughened. Whether the coated face is inside or out. Whether the calculator assumed a standard make-up when you specified a different one.

Four words on a quote. Four hours of argument later.",,,,"Photorealistic studio photograph of a cutaway triple glazed sealed unit on a dark surface, showing three panes, two cavities full of argon, a black warm edge spacer and a low-e coating sheen, dramatic side lighting, beautiful and precise Photorealistic editorial photograph, UK domestic architecture, soft overcast British daylight, shot on 35mm, shallow depth of field, muted natural palette of slate grey, birch plywood, anthracite and warm oak. Documentary realism, not glossy advertising. Absolutely no text, no captions, no logos, no watermarks, no UI overlays.",photo-real,,"IG,FB,LI",nerd,"Glass build-up, in trade order

24mm, 6.12.4.2, argon, black spacer, warm edge, toughened, obscured.

Say it out loud in a customer meeting and watch their face. It is the same words as every other quote. It is not the same words.

What nobody writes down: whether the spacer is black, silver or warm edge. Whether the top pane is toughened. Whether the coated face is inside or out. Whether the calculator assumed a standard make-up when you specified a different one.

Four words on a quote. Four hours of argument later.

🪟  fenora.pro  —  one record for the whole window job

#windownerd #sashwindows #conservation #windowdetailing #fenorapro #diy #makestrends #fenestration #glazing #joinery #doubleglazing #windows #fyp #reels #viral #trending #explore #reelsinstagram #tradeslife","Glass build-up, in trade order

24mm, 6.12.4.2, argon, black spacer, warm edge, toughened, obscured.

Say it out loud in a customer meeting and watch their face. It is the same words as every other quote. It is not the same words.

What nobody writes down: whether the spacer is black, silver or warm edge. Whether the top pane is toughened. Whether the coated face is inside or out. Whether the calculator assumed a standard make-up when you specified a different one.

Four words on a quote. Four hours of argument later.

🪟  fenora.pro  —  one record for the whole window job","Glass build-up, in trade order

24mm, 6.12.4.2, argon, black spacer, warm edge, toughened, obscured.

Say it out loud in a customer meeting and watch their face. It is the same words as every other quote. It is not the same words.

What nobody writes down: whether the spacer is black, silver or warm edge. Whether the top pane is toughened. Whether the coated face is inside or out. Whether the calculator assumed a standard make-up when you specified a different one.

Four words on a quote. Four hours of argument later.

🪟  fenora.pro  —  one record for the whole window job","Glass build-up, in trade order

24mm, 6.12.4.2, argon, black spacer, warm edge, toughened, obscured.

Say it out loud in a customer meeting and watch their face. It is the same words as every other quote. It is not the same words.

What nobody writes down: whether the spacer is black, silver or warm edge. Whether the top pane is toughened. Whether the coated face is inside or out. Whether the calculator assumed a standard make-up when you specified a different one.

Four words on a quote. Four hours of argument later.


— fenora.pro",,08:15,draft,,,,Nerd Detail
ND-09,nerd-detail,static,,A “flush sash” is not flush and I need everyone to know,"A flush casement is flush with the frame face.

That is it. That is the whole concept. The sash sits in the same plane as the outer frame.

What it is not: flush with the reveal. Flush with the wall. Flush with anything else. It is not flush with the architect’s rendering, and the customer will ask why the new window does not look like the drawing of the old house.",,,,"Photorealistic extreme side-angle photograph of a flush casement window frame, raking light along the frame face showing the sash sitting level with the outer frame, a thin pencil line used to demonstrate the plane, dark studio background, architectural detail photography Photorealistic editorial photograph, UK domestic architecture, soft overcast British daylight, shot on 35mm, shallow depth of field, muted natural palette of slate grey, birch plywood, anthracite and warm oak. Documentary realism, not glossy advertising. Absolutely no text, no captions, no logos, no watermarks, no UI overlays.",photo-real,,"IG,FB,LI",nerd,"A “flush sash” is not flush and I need everyone to know

A flush casement is flush with the frame face.

That is it. That is the whole concept. The sash sits in the same plane as the outer frame.

What it is not: flush with the reveal. Flush with the wall. Flush with anything else. It is not flush with the architect’s rendering, and the customer will ask why the new window does not look like the drawing of the old house.

🪟  fenora.pro  —  one record for the whole window job

#windownerd #sashwindows #conservation #windowdetailing #fenorapro #makestrends #fenestration #glazing #joinery #doubleglazing #windows #fyp #reels #viral #trending #explore #reelsinstagram #tradeslife #tradesmen","A “flush sash” is not flush and I need everyone to know

A flush casement is flush with the frame face.

That is it. That is the whole concept. The sash sits in the same plane as the outer frame.

What it is not: flush with the reveal. Flush with the wall. Flush with anything else. It is not flush with the architect’s rendering, and the customer will ask why the new window does not look like the drawing of the old house.

🪟  fenora.pro  —  one record for the whole window job","A “flush sash” is not flush and I need everyone to know

A flush casement is flush with the frame face.

That is it. That is the whole concept. The sash sits in the same plane as the outer frame.

What it is not: flush with the reveal. Flush with the wall. Flush with anything else. It is not flush with the architect’s rendering, and the customer will ask why the new window does not look like the drawing of the old house.

🪟  fenora.pro  —  one record for the whole window job","A “flush sash” is not flush and I need everyone to know

A flush casement is flush with the frame face.

That is it. That is the whole concept. The sash sits in the same plane as the outer frame.

What it is not: flush with the reveal. Flush with the wall. Flush with anything else. It is not flush with the architect’s rendering, and the customer will ask why the new window does not look like the drawing of the old house.


— fenora.pro",,08:15,draft,,,,Nerd Detail
ND-10,nerd-detail,static,,A bay is not a bay. It is a geometry.,"A 45° canted bay loses about 30% of its glass to sightlines.

A 30° bay loses about 17%.

A 90° box gives you a structural pier in the middle of your living room wall.

Add a return on the end, add a door under it, add a monkey bar on top, and suddenly your “45 degree bay” is a bespoke fabrication with its own drawing, its own price and its own eight-week lead time.

It was always going to be bespoke. It was always going to have a drawing. Have the drawing before the customer picks the tile.",,,,"Photorealistic 3/4 aerial photograph of a bespoke bay window with returns and an integrated door on a UK brick house, showing the canted facets and the pier, roof tiles, rendered walls, golden hour, architectural visualisation quality Photorealistic editorial photograph, UK domestic architecture, soft overcast British daylight, shot on 35mm, shallow depth of field, muted natural palette of slate grey, birch plywood, anthracite and warm oak. Documentary realism, not glossy advertising. Absolutely no text, no captions, no logos, no watermarks, no UI overlays.",photo-real,,"IG,FB,LI",nerd,"A bay is not a bay. It is a geometry.

A 45° canted bay loses about 30% of its glass to sightlines.

A 30° bay loses about 17%.

A 90° box gives you a structural pier in the middle of your living room wall.

Add a return on the end, add a door under it, add a monkey bar on top, and suddenly your “45 degree bay” is a bespoke fabrication with its own drawing, its own price and its own eight-week lead time.

It was always going to be bespoke. It was always going to have a drawing. Have the drawing before the customer picks the tile.

🪟  fenora.pro  —  one record for the whole window job

#windownerd #sashwindows #conservation #windowdetailing #fenorapro #fenestration #glazing #joinery #doubleglazing #windows #fyp #reels #viral #trending #explore #reelsinstagram #tradeslife #tradesmen #builderlife","A bay is not a bay. It is a geometry.

A 45° canted bay loses about 30% of its glass to sightlines.

A 30° bay loses about 17%.

A 90° box gives you a structural pier in the middle of your living room wall.

Add a return on the end, add a door under it, add a monkey bar on top, and suddenly your “45 degree bay” is a bespoke fabrication with its own drawing, its own price and its own eight-week lead time.

It was always going to be bespoke. It was always going to have a drawing. Have the drawing before the customer picks the tile.

🪟  fenora.pro  —  one record for the whole window job","A bay is not a bay. It is a geometry.

A 45° canted bay loses about 30% of its glass to sightlines.

A 30° bay loses about 17%.

A 90° box gives you a structural pier in the middle of your living room wall.

Add a return on the end, add a door under it, add a monkey bar on top, and suddenly your “45 degree bay” is a bespoke fabrication with its own drawing, its own price and its own eight-week lead time.

It was always going to be bespoke. It was always going to have a drawing. Have the drawing before the customer picks the tile.

🪟  fenora.pro  —  one record for the whole window job","A bay is not a bay. It is a geometry.

A 45° canted bay loses about 30% of its glass to sightlines.

A 30° bay loses about 17%.

A 90° box gives you a structural pier in the middle of your living room wall.

Add a return on the end, add a door under it, add a monkey bar on top, and suddenly your “45 degree bay” is a bespoke fabrication with its own drawing, its own price and its own eight-week lead time.

It was always going to be bespoke. It was always going to have a drawing. Have the drawing before the customer picks the tile.


— fenora.pro",,08:15,draft,,,,Nerd Detail
ND-11,nerd-detail,static,,Coupled frames solve a real problem and nobody knows the name of it,"You cannot get a 6m opening to work as a single frame.

So you do two. And then you have 24 different ways to get from frame one to frame two, and the customer has to pick one, and every option has a different sightline, a different price and a different view out of the window.",,,,"Photorealistic photograph of a very large UK living room window made of two coupled frames meeting at a central mullion post, a steel rule and a section drawing placed against it, showing the joint, soft daylight, clean architectural framing Photorealistic editorial photograph, UK domestic architecture, soft overcast British daylight, shot on 35mm, shallow depth of field, muted natural palette of slate grey, birch plywood, anthracite and warm oak. Documentary realism, not glossy advertising. Absolutely no text, no captions, no logos, no watermarks, no UI overlays.",photo-real,,"IG,FB,LI",nerd,"Coupled frames solve a real problem and nobody knows the name of it

You cannot get a 6m opening to work as a single frame.

So you do two. And then you have 24 different ways to get from frame one to frame two, and the customer has to pick one, and every option has a different sightline, a different price and a different view out of the window.

🪟  fenora.pro  —  one record for the whole window job

#windownerd #sashwindows #conservation #windowdetailing #fenorapro #glazing #joinery #doubleglazing #windows #fyp #reels #viral #trending #explore #reelsinstagram #tradeslife #tradesmen #builderlife #skilledtrades","Coupled frames solve a real problem and nobody knows the name of it

You cannot get a 6m opening to work as a single frame.

So you do two. And then you have 24 different ways to get from frame one to frame two, and the customer has to pick one, and every option has a different sightline, a different price and a different view out of the window.

🪟  fenora.pro  —  one record for the whole window job","Coupled frames solve a real problem and nobody knows the name of it

You cannot get a 6m opening to work as a single frame.

So you do two. And then you have 24 different ways to get from frame one to frame two, and the customer has to pick one, and every option has a different sightline, a different price and a different view out of the window.

🪟  fenora.pro  —  one record for the whole window job","Coupled frames solve a real problem and nobody knows the name of it

You cannot get a 6m opening to work as a single frame.

So you do two. And then you have 24 different ways to get from frame one to frame two, and the customer has to pick one, and every option has a different sightline, a different price and a different view out of the window.


— fenora.pro",,08:15,draft,,,,Nerd Detail
ND-12,nerd-detail,carousel,,"Turn a corner: casement, tilt & turn, french, or all three?","Casement: cheapest, opens out, hinges eat clear glass.

Tilt & turn: opens in for cleaning, hinges invisible, hardware costs more.

French: two sashes, no mullion, doubles the sightline risk, best with a shallow reveal.

All three: a bifold, and now the lead time is six weeks and the hinge selection is the whole project.

Get this wrong on a ground floor rear elevation and someone is leaning out of a first floor window to clean it for the next fifteen years.",,,,"Photorealistic photograph of four different window opening types displayed as physical samples on a wall, each labelled with a blank metal plate, clean showroom lighting, shallow depth of field, catalogue-like composition Photorealistic editorial photograph, UK domestic architecture, soft overcast British daylight, shot on 35mm, shallow depth of field, muted natural palette of slate grey, birch plywood, anthracite and warm oak. Documentary realism, not glossy advertising. Absolutely no text, no captions, no logos, no watermarks, no UI overlays.",photo-real,,"IG,FB,LI",nerd,"Turn a corner: casement, tilt & turn, french, or all three?

Casement: cheapest, opens out, hinges eat clear glass.

Tilt & turn: opens in for cleaning, hinges invisible, hardware costs more.

French: two sashes, no mullion, doubles the sightline risk, best with a shallow reveal.

All three: a bifold, and now the lead time is six weeks and the hinge selection is the whole project.

Get this wrong on a ground floor rear elevation and someone is leaning out of a first floor window to clean it for the next fifteen years.

🪟  fenora.pro  —  one record for the whole window job

#windownerd #sashwindows #conservation #windowdetailing #fenorapro #joinery #doubleglazing #windows #fyp #reels #viral #trending #explore #reelsinstagram #tradeslife #tradesmen #builderlife #skilledtrades #bluecollar","Turn a corner: casement, tilt & turn, french, or all three?

Casement: cheapest, opens out, hinges eat clear glass.

Tilt & turn: opens in for cleaning, hinges invisible, hardware costs more.

French: two sashes, no mullion, doubles the sightline risk, best with a shallow reveal.

All three: a bifold, and now the lead time is six weeks and the hinge selection is the whole project.

Get this wrong on a ground floor rear elevation and someone is leaning out of a first floor window to clean it for the next fifteen years.

🪟  fenora.pro  —  one record for the whole window job","Turn a corner: casement, tilt & turn, french, or all three?

Casement: cheapest, opens out, hinges eat clear glass.

Tilt & turn: opens in for cleaning, hinges invisible, hardware costs more.

French: two sashes, no mullion, doubles the sightline risk, best with a shallow reveal.

All three: a bifold, and now the lead time is six weeks and the hinge selection is the whole project.

Get this wrong on a ground floor rear elevation and someone is leaning out of a first floor window to clean it for the next fifteen years.

🪟  fenora.pro  —  one record for the whole window job","Turn a corner: casement, tilt & turn, french, or all three?

Casement: cheapest, opens out, hinges eat clear glass.

Tilt & turn: opens in for cleaning, hinges invisible, hardware costs more.

French: two sashes, no mullion, doubles the sightline risk, best with a shallow reveal.

All three: a bifold, and now the lead time is six weeks and the hinge selection is the whole project.

Get this wrong on a ground floor rear elevation and someone is leaning out of a first floor window to clean it for the next fifteen years.


— fenora.pro",,08:15,draft,,,,Nerd Detail
ND-13,nerd-detail,static,,Your glass area calculation is probably wrong,"Glass area ≠ window area.

If you are comparing quotes on square metres of window, you are comparing sightlines, not daylight. Two identical 3.2m² windows can differ by 0.7m² of actual glass.

0.7m² of extra glass is worth more than the customer will ever say out loud, and it is completely invisible on your quote.","Drawn to scale, so the glass area is honest. fenora.pro","Drawn to scale, so the glass area is honest. fenora.pro",,"Photorealistic photograph of two window frames of identical overall size side by side, one with a chunky frame and one slim, each with the glass area outlined in a different translucent colour, dark neutral background, analytical and clean Clean product photograph of a modern desktop software interface floating at a slight angle, dark charcoal UI with orange accent, crisp data tables and technical window drawings, soft neutral studio background with realistic reflections and shadow. Abstract unreadable micro-text only. No legible words, no logos, no watermarks.",screen-mock,,"IG,FB,LI",nerd,"Your glass area calculation is probably wrong

Glass area ≠ window area.

If you are comparing quotes on square metres of window, you are comparing sightlines, not daylight. Two identical 3.2m² windows can differ by 0.7m² of actual glass.

0.7m² of extra glass is worth more than the customer will ever say out loud, and it is completely invisible on your quote.

Drawn to scale, so the glass area is honest. fenora.pro

🪟  fenora.pro  —  one record for the whole window job

#windownerd #sashwindows #conservation #windowdetailing #fenorapro #doubleglazing #windows #fyp #reels #viral #trending #explore #reelsinstagram #tradeslife #tradesmen #builderlife #skilledtrades #bluecollar #constructionuk","Your glass area calculation is probably wrong

Glass area ≠ window area.

If you are comparing quotes on square metres of window, you are comparing sightlines, not daylight. Two identical 3.2m² windows can differ by 0.7m² of actual glass.

0.7m² of extra glass is worth more than the customer will ever say out loud, and it is completely invisible on your quote.

Drawn to scale, so the glass area is honest. fenora.pro

🪟  fenora.pro  —  one record for the whole window job","Your glass area calculation is probably wrong

Glass area ≠ window area.

If you are comparing quotes on square metres of window, you are comparing sightlines, not daylight. Two identical 3.2m² windows can differ by 0.7m² of actual glass.

0.7m² of extra glass is worth more than the customer will ever say out loud, and it is completely invisible on your quote.

Drawn to scale, so the glass area is honest. fenora.pro

🪟  fenora.pro  —  one record for the whole window job","Your glass area calculation is probably wrong

Glass area ≠ window area.

If you are comparing quotes on square metres of window, you are comparing sightlines, not daylight. Two identical 3.2m² windows can differ by 0.7m² of actual glass.

0.7m² of extra glass is worth more than the customer will ever say out loud, and it is completely invisible on your quote.

Drawn to scale, so the glass area is honest. fenora.pro


— fenora.pro",,08:15,draft,,,,Nerd Detail
ND-14,nerd-detail,static,,Termite the question nobody asks until the porch is up,"Door and window schedules should state:

Frame material and species.
Section size.
Finish, inside and out.
Ironmongery, by manufacturer and model.
Glazing make-up, by millimetre.
Bar type and depth.
Cill projection and horn detail.
Sealant and gasket specification.
Stainless grade for coastal and specified areas.

Nine lines. That is the difference between a quote and a guess.",,,,"Photorealistic overhead flat lay of a printed window schedule document on a workbench next to pencil, steel rule, sample frame corner with profile, masking tape and a tape measure, warm workshop light, orderly and precise Photorealistic editorial photograph, UK domestic architecture, soft overcast British daylight, shot on 35mm, shallow depth of field, muted natural palette of slate grey, birch plywood, anthracite and warm oak. Documentary realism, not glossy advertising. Absolutely no text, no captions, no logos, no watermarks, no UI overlays.",photo-real,,"IG,FB,LI",nerd,"Termite the question nobody asks until the porch is up

Door and window schedules should state:

Frame material and species.
Section size.
Finish, inside and out.
Ironmongery, by manufacturer and model.
Glazing make-up, by millimetre.
Bar type and depth.
Cill projection and horn detail.
Sealant and gasket specification.
Stainless grade for coastal and specified areas.

Nine lines. That is the difference between a quote and a guess.

🪟  fenora.pro  —  one record for the whole window job

#windownerd #sashwindows #conservation #windowdetailing #fenorapro #windows #fyp #reels #viral #trending #explore #reelsinstagram #tradeslife #tradesmen #builderlife #skilledtrades #bluecollar #constructionuk #renovation","Termite the question nobody asks until the porch is up

Door and window schedules should state:

Frame material and species.
Section size.
Finish, inside and out.
Ironmongery, by manufacturer and model.
Glazing make-up, by millimetre.
Bar type and depth.
Cill projection and horn detail.
Sealant and gasket specification.
Stainless grade for coastal and specified areas.

Nine lines. That is the difference between a quote and a guess.

🪟  fenora.pro  —  one record for the whole window job","Termite the question nobody asks until the porch is up

Door and window schedules should state:

Frame material and species.
Section size.
Finish, inside and out.
Ironmongery, by manufacturer and model.
Glazing make-up, by millimetre.
Bar type and depth.
Cill projection and horn detail.
Sealant and gasket specification.
Stainless grade for coastal and specified areas.

Nine lines. That is the difference between a quote and a guess.

🪟  fenora.pro  —  one record for the whole window job","Termite the question nobody asks until the porch is up

Door and window schedules should state:

Frame material and species.
Section size.
Finish, inside and out.
Ironmongery, by manufacturer and model.
Glazing make-up, by millimetre.
Bar type and depth.
Cill projection and horn detail.
Sealant and gasket specification.
Stainless grade for coastal and specified areas.

Nine lines. That is the difference between a quote and a guess.


— fenora.pro",,08:15,draft,,,,Nerd Detail
ND-15,nerd-detail,reel,,The 30-second window nerd test,"Ask a window fitter these and watch their eyes light up:

1. What’s your cill projection?
2. Sash weight or rope and pulley?
3. What grade of stainless for the coastal job?
4. Is the glazing bar astragal or Georgian?
5. What’s your reveal tolerance?

If they answer all five without hesitating, hire them. If they say “it depends on the job”, they have never thought about it.",,,,"Photorealistic 9:16 portrait shot of two tradespeople in hi-vis having an animated conversation beside a wall of window samples in a UK workshop, one gesturing with a tape measure, sparks of recognition, industrial lighting, warm and energetic Photorealistic candid documentary photograph of a UK tradesperson at work, hi-vis and worn workwear, tools and laser measure in frame, overcast British daylight, van or scaffold hinted in background, slightly chaotic and real, not staged. Muted natural palette, 35mm, shallow depth of field. Absolutely no text, no captions, no logos, no watermarks, no UI overlays.",photo-trades,9:16,"IG,FB,LI",nerd,"The 30-second window nerd test

Ask a window fitter these and watch their eyes light up:

1. What’s your cill projection?
2. Sash weight or rope and pulley?
3. What grade of stainless for the coastal job?
4. Is the glazing bar astragal or Georgian?
5. What’s your reveal tolerance?

If they answer all five without hesitating, hire them. If they say “it depends on the job”, they have never thought about it.

🪟  fenora.pro  —  one record for the whole window job

#windownerd #sashwindows #conservation #windowdetailing #fenorapro #fyp #reels #viral #trending #explore #reelsinstagram #tradeslife #tradesmen #builderlife #skilledtrades #bluecollar #constructionuk #renovation #homeimprovement","The 30-second window nerd test

Ask a window fitter these and watch their eyes light up:

1. What’s your cill projection?
2. Sash weight or rope and pulley?
3. What grade of stainless for the coastal job?
4. Is the glazing bar astragal or Georgian?
5. What’s your reveal tolerance?

If they answer all five without hesitating, hire them. If they say “it depends on the job”, they have never thought about it.

🪟  fenora.pro  —  one record for the whole window job","The 30-second window nerd test

Ask a window fitter these and watch their eyes light up:

1. What’s your cill projection?
2. Sash weight or rope and pulley?
3. What grade of stainless for the coastal job?
4. Is the glazing bar astragal or Georgian?
5. What’s your reveal tolerance?

If they answer all five without hesitating, hire them. If they say “it depends on the job”, they have never thought about it.

🪟  fenora.pro  —  one record for the whole window job","The 30-second window nerd test

Ask a window fitter these and watch their eyes light up:

1. What’s your cill projection?
2. Sash weight or rope and pulley?
3. What grade of stainless for the coastal job?
4. Is the glazing bar astragal or Georgian?
5. What’s your reveal tolerance?

If they answer all five without hesitating, hire them. If they say “it depends on the job”, they have never thought about it.


— fenora.pro",,08:15,draft,,,,Nerd Detail
ND-16,nerd-detail,static,,"The dog-ear sill. Every job, every time, no exceptions.","There is a detail on almost every internal cill called the dog-ear — a small return at the end so the paint and the cill edge don’t meet in a horrible 90° corner that cracks on the first winter.

One small profile. It is on the drawing or it is not on the drawing. If it is not on the drawing, you will get a mitre.

Nobody has ever once wanted a mitre on a cill.",,,,"Photorealistic macro photograph of the moulded dog-ear profile at the end of an internal painted timber cill, a paintbrush nearby, natural light emphasising the eased edge, shallow depth of field, craftsmanlike Photorealistic editorial photograph, UK domestic architecture, soft overcast British daylight, shot on 35mm, shallow depth of field, muted natural palette of slate grey, birch plywood, anthracite and warm oak. Documentary realism, not glossy advertising. Absolutely no text, no captions, no logos, no watermarks, no UI overlays.",photo-real,,"IG,FB,LI",nerd,"The dog-ear sill. Every job, every time, no exceptions.

There is a detail on almost every internal cill called the dog-ear — a small return at the end so the paint and the cill edge don’t meet in a horrible 90° corner that cracks on the first winter.

One small profile. It is on the drawing or it is not on the drawing. If it is not on the drawing, you will get a mitre.

Nobody has ever once wanted a mitre on a cill.

🪟  fenora.pro  —  one record for the whole window job

#windownerd #sashwindows #conservation #windowdetailing #fenorapro #reels #viral #trending #explore #reelsinstagram #tradeslife #tradesmen #builderlife #skilledtrades #bluecollar #constructionuk #renovation #homeimprovement #diy","The dog-ear sill. Every job, every time, no exceptions.

There is a detail on almost every internal cill called the dog-ear — a small return at the end so the paint and the cill edge don’t meet in a horrible 90° corner that cracks on the first winter.

One small profile. It is on the drawing or it is not on the drawing. If it is not on the drawing, you will get a mitre.

Nobody has ever once wanted a mitre on a cill.

🪟  fenora.pro  —  one record for the whole window job","The dog-ear sill. Every job, every time, no exceptions.

There is a detail on almost every internal cill called the dog-ear — a small return at the end so the paint and the cill edge don’t meet in a horrible 90° corner that cracks on the first winter.

One small profile. It is on the drawing or it is not on the drawing. If it is not on the drawing, you will get a mitre.

Nobody has ever once wanted a mitre on a cill.

🪟  fenora.pro  —  one record for the whole window job","The dog-ear sill. Every job, every time, no exceptions.

There is a detail on almost every internal cill called the dog-ear — a small return at the end so the paint and the cill edge don’t meet in a horrible 90° corner that cracks on the first winter.

One small profile. It is on the drawing or it is not on the drawing. If it is not on the drawing, you will get a mitre.

Nobody has ever once wanted a mitre on a cill.


— fenora.pro",,08:15,draft,,,,Nerd Detail
ND-17,nerd-detail,static,,Fire and glazing. Nobody prices the hole.,"The average UK living room fireplace with an open fire is a permanent 0.1m² hole in the building envelope.

No window specification on earth fixes that. Every window company in the country has quoted windows into a room with a fire in it and every one of those quotes implied a warmer room.

The honest conversation costs you the job sometimes. Do it anyway.",,,Every window quote in Britain is subtly wrong if the room has a fireplace. Nobody in the trade is doing the thermal calc that accounts for the chimney. Here is the conversation that should be happening instead.,"Photorealistic interior of a UK living room with a lit open fire in a brick chimney breast, a large new window beside it, warm firelight mixing with cool daylight from the window, moody and slightly melancholy, beautiful Photorealistic editorial photograph, UK domestic architecture, soft overcast British daylight, shot on 35mm, shallow depth of field, muted natural palette of slate grey, birch plywood, anthracite and warm oak. Documentary realism, not glossy advertising. Absolutely no text, no captions, no logos, no watermarks, no UI overlays.",photo-real,,"IG,FB,LI",nerd,"Fire and glazing. Nobody prices the hole.

The average UK living room fireplace with an open fire is a permanent 0.1m² hole in the building envelope.

No window specification on earth fixes that. Every window company in the country has quoted windows into a room with a fire in it and every one of those quotes implied a warmer room.

The honest conversation costs you the job sometimes. Do it anyway.

🪟  fenora.pro  —  one record for the whole window job

#windownerd #sashwindows #conservation #windowdetailing #fenorapro #viral #trending #explore #reelsinstagram #tradeslife #tradesmen #builderlife #skilledtrades #bluecollar #constructionuk #renovation #homeimprovement #diy #makestrends","Fire and glazing. Nobody prices the hole.

The average UK living room fireplace with an open fire is a permanent 0.1m² hole in the building envelope.

No window specification on earth fixes that. Every window company in the country has quoted windows into a room with a fire in it and every one of those quotes implied a warmer room.

The honest conversation costs you the job sometimes. Do it anyway.

🪟  fenora.pro  —  one record for the whole window job","Fire and glazing. Nobody prices the hole.

The average UK living room fireplace with an open fire is a permanent 0.1m² hole in the building envelope.

No window specification on earth fixes that. Every window company in the country has quoted windows into a room with a fire in it and every one of those quotes implied a warmer room.

The honest conversation costs you the job sometimes. Do it anyway.

🪟  fenora.pro  —  one record for the whole window job","Every window quote in Britain is subtly wrong if the room has a fireplace. Nobody in the trade is doing the thermal calc that accounts for the chimney. Here is the conversation that should be happening instead.

The average UK living room fireplace with an open fire is a permanent 0.1m² hole in the building envelope.

No window specification on earth fixes that. Every window company in the country has quoted windows into a room with a fire in it and every one of those quotes implied a warmer room.

The honest conversation costs you the job sometimes. Do it anyway.


— fenora.pro",,08:15,draft,,,,Nerd Detail
ND-18,nerd-detail,static,,"Sill, cill, and the spelling argument you are having with a client","The trade says cill.
The dictionary says sill.
The building regs say neither consistently.

Nobody cares. The point is the word for the thing that sticks out at the bottom of a window, and I promise you every fitter will correct you on it regardless of how senior you are.",,,,"Photorealistic close-up of a deep projecting window cill with a plant pot and a cup of tea sitting on it, a cat asleep, rain starting outside, warm interior light, cosy and ordinary Photorealistic editorial photograph, UK domestic architecture, soft overcast British daylight, shot on 35mm, shallow depth of field, muted natural palette of slate grey, birch plywood, anthracite and warm oak. Documentary realism, not glossy advertising. Absolutely no text, no captions, no logos, no watermarks, no UI overlays.",photo-real,,"IG,FB,LI",nerd,"Sill, cill, and the spelling argument you are having with a client

The trade says cill.
The dictionary says sill.
The building regs say neither consistently.

Nobody cares. The point is the word for the thing that sticks out at the bottom of a window, and I promise you every fitter will correct you on it regardless of how senior you are.

🪟  fenora.pro  —  one record for the whole window job

#windownerd #sashwindows #conservation #windowdetailing #fenorapro #trending #explore #reelsinstagram #tradeslife #tradesmen #builderlife #skilledtrades #bluecollar #constructionuk #renovation #homeimprovement #diy #makestrends #fenestration","Sill, cill, and the spelling argument you are having with a client

The trade says cill.
The dictionary says sill.
The building regs say neither consistently.

Nobody cares. The point is the word for the thing that sticks out at the bottom of a window, and I promise you every fitter will correct you on it regardless of how senior you are.

🪟  fenora.pro  —  one record for the whole window job","Sill, cill, and the spelling argument you are having with a client

The trade says cill.
The dictionary says sill.
The building regs say neither consistently.

Nobody cares. The point is the word for the thing that sticks out at the bottom of a window, and I promise you every fitter will correct you on it regardless of how senior you are.

🪟  fenora.pro  —  one record for the whole window job","Sill, cill, and the spelling argument you are having with a client

The trade says cill.
The dictionary says sill.
The building regs say neither consistently.

Nobody cares. The point is the word for the thing that sticks out at the bottom of a window, and I promise you every fitter will correct you on it regardless of how senior you are.


— fenora.pro",,08:15,draft,,,,Nerd Detail
ND-19,nerd-detail,carousel,,Presets: the most useful thing in your quote and the least used,"A good preset is a window that is already right — a common size, a common spec, a known price, a known lead time, a known install time.

It turns a forty-minute quote into a ninety-second quote.
It turns “I’ll ring you back” into “done”.
It stops the office inventing a price at 6pm on a Friday.

If your most common window in your most common house is not a one-click preset, you are doing yourself harm.","Presets, frame viewer and live pricing. fenora.pro","Presets, frame viewer and live pricing. fenora.pro",,"Photorealistic photograph of a laptop on a workshop bench showing a clean dark interface with a grid of preset window thumbnails, a mug of tea, a tape measure, window frame samples in the background, warm side light, modern and orderly Clean product photograph of a modern desktop software interface floating at a slight angle, dark charcoal UI with orange accent, crisp data tables and technical window drawings, soft neutral studio background with realistic reflections and shadow. Abstract unreadable micro-text only. No legible words, no logos, no watermarks.",screen-mock,,"IG,FB,LI",nerd,"Presets: the most useful thing in your quote and the least used

A good preset is a window that is already right — a common size, a common spec, a known price, a known lead time, a known install time.

It turns a forty-minute quote into a ninety-second quote.
It turns “I’ll ring you back” into “done”.
It stops the office inventing a price at 6pm on a Friday.

If your most common window in your most common house is not a one-click preset, you are doing yourself harm.

Presets, frame viewer and live pricing. fenora.pro

🪟  fenora.pro  —  one record for the whole window job

#windownerd #sashwindows #conservation #windowdetailing #fenorapro #explore #reelsinstagram #tradeslife #tradesmen #builderlife #skilledtrades #bluecollar #constructionuk #renovation #homeimprovement #diy #makestrends #fenestration #glazing","Presets: the most useful thing in your quote and the least used

A good preset is a window that is already right — a common size, a common spec, a known price, a known lead time, a known install time.

It turns a forty-minute quote into a ninety-second quote.
It turns “I’ll ring you back” into “done”.
It stops the office inventing a price at 6pm on a Friday.

If your most common window in your most common house is not a one-click preset, you are doing yourself harm.

Presets, frame viewer and live pricing. fenora.pro

🪟  fenora.pro  —  one record for the whole window job","Presets: the most useful thing in your quote and the least used

A good preset is a window that is already right — a common size, a common spec, a known price, a known lead time, a known install time.

It turns a forty-minute quote into a ninety-second quote.
It turns “I’ll ring you back” into “done”.
It stops the office inventing a price at 6pm on a Friday.

If your most common window in your most common house is not a one-click preset, you are doing yourself harm.

Presets, frame viewer and live pricing. fenora.pro

🪟  fenora.pro  —  one record for the whole window job","Presets: the most useful thing in your quote and the least used

A good preset is a window that is already right — a common size, a common spec, a known price, a known lead time, a known install time.

It turns a forty-minute quote into a ninety-second quote.
It turns “I’ll ring you back” into “done”.
It stops the office inventing a price at 6pm on a Friday.

If your most common window in your most common house is not a one-click preset, you are doing yourself harm.

Presets, frame viewer and live pricing. fenora.pro


— fenora.pro",,08:15,draft,,,,Nerd Detail
ND-20,nerd-detail,static,,Architrave or no architrave is a conservation area question,"No architrave is a cleaner modern detail.

No architrave is also: who is filling the gap between the frame and the plaster, and with what, and is that gap the same on all four sides, and is the plasterer coming back, and are they charging you for it.

“Flush fit” is not a finish. It is a conversation between three trades.",,,,"Photorealistic close-up of a window frame installed without architrave in a plastered UK wall, the shadow gap around the frame clearly visible, a paint brush and a sample of filler nearby, precise raking light, architectural detail Photorealistic editorial photograph, UK domestic architecture, soft overcast British daylight, shot on 35mm, shallow depth of field, muted natural palette of slate grey, birch plywood, anthracite and warm oak. Documentary realism, not glossy advertising. Absolutely no text, no captions, no logos, no watermarks, no UI overlays.",photo-real,,"IG,FB,LI",nerd,"Architrave or no architrave is a conservation area question

No architrave is a cleaner modern detail.

No architrave is also: who is filling the gap between the frame and the plaster, and with what, and is that gap the same on all four sides, and is the plasterer coming back, and are they charging you for it.

“Flush fit” is not a finish. It is a conversation between three trades.

🪟  fenora.pro  —  one record for the whole window job

#windownerd #sashwindows #conservation #windowdetailing #fenorapro #reelsinstagram #tradeslife #tradesmen #builderlife #skilledtrades #bluecollar #constructionuk #renovation #homeimprovement #diy #makestrends #fenestration #glazing #joinery","Architrave or no architrave is a conservation area question

No architrave is a cleaner modern detail.

No architrave is also: who is filling the gap between the frame and the plaster, and with what, and is that gap the same on all four sides, and is the plasterer coming back, and are they charging you for it.

“Flush fit” is not a finish. It is a conversation between three trades.

🪟  fenora.pro  —  one record for the whole window job","Architrave or no architrave is a conservation area question

No architrave is a cleaner modern detail.

No architrave is also: who is filling the gap between the frame and the plaster, and with what, and is that gap the same on all four sides, and is the plasterer coming back, and are they charging you for it.

“Flush fit” is not a finish. It is a conversation between three trades.

🪟  fenora.pro  —  one record for the whole window job","Architrave or no architrave is a conservation area question

No architrave is a cleaner modern detail.

No architrave is also: who is filling the gap between the frame and the plaster, and with what, and is that gap the same on all four sides, and is the plasterer coming back, and are they charging you for it.

“Flush fit” is not a finish. It is a conversation between three trades.


— fenora.pro",,08:15,draft,,,,Nerd Detail
ND-21,nerd-detail,static,,Stainless grade. Say it out loud on the quote.,"Coastal job. Grade 304 looks fine on the quote, looks fine in the warehouse, looks spectacular for eighteen months and then rusts in a way that is genuinely personal.

316 costs more. 316 does not rust. 316 is the difference between a guarantee and a phone call.

Saying ‘316 throughout’ on the quote takes four seconds and saves you a return visit that will cost you four hours and one very unhappy customer.",,,,"Photorealistic macro photograph of two stainless steel screws side by side on a dark surface, one showing early rust pitting, one pristine, a caliper and a paint chip indicating 304 and 316, clinical dramatic lighting, forensic Photorealistic editorial photograph, UK domestic architecture, soft overcast British daylight, shot on 35mm, shallow depth of field, muted natural palette of slate grey, birch plywood, anthracite and warm oak. Documentary realism, not glossy advertising. Absolutely no text, no captions, no logos, no watermarks, no UI overlays.",photo-real,,"IG,FB,LI",nerd,"Stainless grade. Say it out loud on the quote.

Coastal job. Grade 304 looks fine on the quote, looks fine in the warehouse, looks spectacular for eighteen months and then rusts in a way that is genuinely personal.

316 costs more. 316 does not rust. 316 is the difference between a guarantee and a phone call.

Saying ‘316 throughout’ on the quote takes four seconds and saves you a return visit that will cost you four hours and one very unhappy customer.

🪟  fenora.pro  —  one record for the whole window job

#windownerd #sashwindows #conservation #windowdetailing #fenorapro #tradeslife #tradesmen #builderlife #skilledtrades #bluecollar #constructionuk #renovation #homeimprovement #diy #makestrends #fenestration #glazing #joinery #doubleglazing","Stainless grade. Say it out loud on the quote.

Coastal job. Grade 304 looks fine on the quote, looks fine in the warehouse, looks spectacular for eighteen months and then rusts in a way that is genuinely personal.

316 costs more. 316 does not rust. 316 is the difference between a guarantee and a phone call.

Saying ‘316 throughout’ on the quote takes four seconds and saves you a return visit that will cost you four hours and one very unhappy customer.

🪟  fenora.pro  —  one record for the whole window job","Stainless grade. Say it out loud on the quote.

Coastal job. Grade 304 looks fine on the quote, looks fine in the warehouse, looks spectacular for eighteen months and then rusts in a way that is genuinely personal.

316 costs more. 316 does not rust. 316 is the difference between a guarantee and a phone call.

Saying ‘316 throughout’ on the quote takes four seconds and saves you a return visit that will cost you four hours and one very unhappy customer.

🪟  fenora.pro  —  one record for the whole window job","Stainless grade. Say it out loud on the quote.

Coastal job. Grade 304 looks fine on the quote, looks fine in the warehouse, looks spectacular for eighteen months and then rusts in a way that is genuinely personal.

316 costs more. 316 does not rust. 316 is the difference between a guarantee and a phone call.

Saying ‘316 throughout’ on the quote takes four seconds and saves you a return visit that will cost you four hours and one very unhappy customer.


— fenora.pro",,08:15,draft,,,,Nerd Detail
ND-22,nerd-detail,static,,Your U-value is only as good as the edge,"The middle of the glass is brilliant.
The edge of the frame is a thermal bridge with a marketing department.

The gap between the two is what the customer actually feels under their feet, and it is called the psi value, and it is the number that is missing from nine out of ten window quotes in this country.

Ask for the whole frame. Not the glass. The whole frame.",,,Marketing U-values on glass is the most common window-quoting error there is. The customer feels the frame. The frame is the thermal bridge. Here is why the number on your quote is misleading.,"Photorealistic technical visualisation style photograph of a window frame cross-section with glowing heat-map colours showing warm loss at the frame edges and cool centre, dark background, scientific and clean, thermal simulation aesthetic Clean product photograph of a modern desktop software interface floating at a slight angle, dark charcoal UI with orange accent, crisp data tables and technical window drawings, soft neutral studio background with realistic reflections and shadow. Abstract unreadable micro-text only. No legible words, no logos, no watermarks.",screen-mock,,"IG,FB,LI",nerd,"Your U-value is only as good as the edge

The middle of the glass is brilliant.
The edge of the frame is a thermal bridge with a marketing department.

The gap between the two is what the customer actually feels under their feet, and it is called the psi value, and it is the number that is missing from nine out of ten window quotes in this country.

Ask for the whole frame. Not the glass. The whole frame.

🪟  fenora.pro  —  one record for the whole window job

#windownerd #sashwindows #conservation #windowdetailing #fenorapro #tradesmen #builderlife #skilledtrades #bluecollar #constructionuk #renovation #homeimprovement #diy #makestrends #fenestration #glazing #joinery #doubleglazing #windows","Your U-value is only as good as the edge

The middle of the glass is brilliant.
The edge of the frame is a thermal bridge with a marketing department.

The gap between the two is what the customer actually feels under their feet, and it is called the psi value, and it is the number that is missing from nine out of ten window quotes in this country.

Ask for the whole frame. Not the glass. The whole frame.

🪟  fenora.pro  —  one record for the whole window job","Your U-value is only as good as the edge

The middle of the glass is brilliant.
The edge of the frame is a thermal bridge with a marketing department.

The gap between the two is what the customer actually feels under their feet, and it is called the psi value, and it is the number that is missing from nine out of ten window quotes in this country.

Ask for the whole frame. Not the glass. The whole frame.

🪟  fenora.pro  —  one record for the whole window job","Marketing U-values on glass is the most common window-quoting error there is. The customer feels the frame. The frame is the thermal bridge. Here is why the number on your quote is misleading.

The middle of the glass is brilliant.
The edge of the frame is a thermal bridge with a marketing department.

The gap between the two is what the customer actually feels under their feet, and it is called the psi value, and it is the number that is missing from nine out of ten window quotes in this country.

Ask for the whole frame. Not the glass. The whole frame.


— fenora.pro",,08:15,draft,,,,Nerd Detail
ND-23,nerd-detail,static,,Reveal depth: 300mm of wall doing nothing,"The window reveal is as important as the window and almost nobody designs it.

A deep reveal shades the glass in summer, throws light onto the ceiling, gives the wall thickness, and makes a small room feel bigger.

A flush reveal throws light straight at the back of your head from 6pm onwards in June and you will be redecorating the wall in September.",,,,"Photorealistic architectural photograph of a deep window reveal in a thick UK stone wall, strong low sunlight bouncing onto the ceiling, deep shadow, sculpted light, minimalist interior, golden hour Photorealistic editorial photograph, UK domestic architecture, soft overcast British daylight, shot on 35mm, shallow depth of field, muted natural palette of slate grey, birch plywood, anthracite and warm oak. Documentary realism, not glossy advertising. Absolutely no text, no captions, no logos, no watermarks, no UI overlays.",photo-real,,"IG,FB,LI",nerd,"Reveal depth: 300mm of wall doing nothing

The window reveal is as important as the window and almost nobody designs it.

A deep reveal shades the glass in summer, throws light onto the ceiling, gives the wall thickness, and makes a small room feel bigger.

A flush reveal throws light straight at the back of your head from 6pm onwards in June and you will be redecorating the wall in September.

🪟  fenora.pro  —  one record for the whole window job

#windownerd #sashwindows #conservation #windowdetailing #fenorapro #builderlife #skilledtrades #bluecollar #constructionuk #renovation #homeimprovement #diy #makestrends #fenestration #glazing #joinery #doubleglazing #windows #fyp","Reveal depth: 300mm of wall doing nothing

The window reveal is as important as the window and almost nobody designs it.

A deep reveal shades the glass in summer, throws light onto the ceiling, gives the wall thickness, and makes a small room feel bigger.

A flush reveal throws light straight at the back of your head from 6pm onwards in June and you will be redecorating the wall in September.

🪟  fenora.pro  —  one record for the whole window job","Reveal depth: 300mm of wall doing nothing

The window reveal is as important as the window and almost nobody designs it.

A deep reveal shades the glass in summer, throws light onto the ceiling, gives the wall thickness, and makes a small room feel bigger.

A flush reveal throws light straight at the back of your head from 6pm onwards in June and you will be redecorating the wall in September.

🪟  fenora.pro  —  one record for the whole window job","Reveal depth: 300mm of wall doing nothing

The window reveal is as important as the window and almost nobody designs it.

A deep reveal shades the glass in summer, throws light onto the ceiling, gives the wall thickness, and makes a small room feel bigger.

A flush reveal throws light straight at the back of your head from 6pm onwards in June and you will be redecorating the wall in September.


— fenora.pro",,08:15,draft,,,,Nerd Detail
ND-24,nerd-detail,static,,Hardware is 4% of the quote and 60% of the complaint,"Nobody complains about the glass.

They complain about the handle. The handle sticks. The handle is cold. The handle is the wrong shape for a pensioner’s hand. The lock doesn’t engage first time. The restrictor is set wrong. The friction stay sags.

One handle. £14. Every complaint you have ever read about a window that wasn’t the window.",Your ironmongery library. Your rates. Your handles. fenora.pro,Your ironmongery library. Your rates. Your handles. fenora.pro,,"Photorealistic macro photograph of a polished chrome window handle being operated by a hand, catching the light, with a lock and a restrictor visible in the soft background, dark moody product photography, elegant and precise Photorealistic editorial photograph, UK domestic architecture, soft overcast British daylight, shot on 35mm, shallow depth of field, muted natural palette of slate grey, birch plywood, anthracite and warm oak. Documentary realism, not glossy advertising. Absolutely no text, no captions, no logos, no watermarks, no UI overlays.",photo-real,,"IG,FB,LI",nerd,"Hardware is 4% of the quote and 60% of the complaint

Nobody complains about the glass.

They complain about the handle. The handle sticks. The handle is cold. The handle is the wrong shape for a pensioner’s hand. The lock doesn’t engage first time. The restrictor is set wrong. The friction stay sags.

One handle. £14. Every complaint you have ever read about a window that wasn’t the window.

Your ironmongery library. Your rates. Your handles. fenora.pro

🪟  fenora.pro  —  one record for the whole window job

#windownerd #sashwindows #conservation #windowdetailing #fenorapro #skilledtrades #bluecollar #constructionuk #renovation #homeimprovement #diy #makestrends #fenestration #glazing #joinery #doubleglazing #windows #fyp #reels","Hardware is 4% of the quote and 60% of the complaint

Nobody complains about the glass.

They complain about the handle. The handle sticks. The handle is cold. The handle is the wrong shape for a pensioner’s hand. The lock doesn’t engage first time. The restrictor is set wrong. The friction stay sags.

One handle. £14. Every complaint you have ever read about a window that wasn’t the window.

Your ironmongery library. Your rates. Your handles. fenora.pro

🪟  fenora.pro  —  one record for the whole window job","Hardware is 4% of the quote and 60% of the complaint

Nobody complains about the glass.

They complain about the handle. The handle sticks. The handle is cold. The handle is the wrong shape for a pensioner’s hand. The lock doesn’t engage first time. The restrictor is set wrong. The friction stay sags.

One handle. £14. Every complaint you have ever read about a window that wasn’t the window.

Your ironmongery library. Your rates. Your handles. fenora.pro

🪟  fenora.pro  —  one record for the whole window job","Hardware is 4% of the quote and 60% of the complaint

Nobody complains about the glass.

They complain about the handle. The handle sticks. The handle is cold. The handle is the wrong shape for a pensioner’s hand. The lock doesn’t engage first time. The restrictor is set wrong. The friction stay sags.

One handle. £14. Every complaint you have ever read about a window that wasn’t the window.

Your ironmongery library. Your rates. Your handles. fenora.pro


— fenora.pro",,08:15,draft,,,,Nerd Detail
ND-25,nerd-detail,reel,,"Named for a trade term, explained in 15 seconds","Things I have had to explain to people outside this trade:

Mullion — the fat one.
Transom — the wide one across the top.
Astroglazing bar — the thin one on the inside.
Cill — the one at the bottom.
Pupil — a cow.

That last one is my favourite. There is a reason. Look it up.",,,,"Photorealistic 9:16 shot of an annotated-style UK window with a hammer and a cow-themed pencil case on a workbench beneath it, playful energy, clean workshop background, soft daylight, quirky Photorealistic candid documentary photograph of a UK tradesperson at work, hi-vis and worn workwear, tools and laser measure in frame, overcast British daylight, van or scaffold hinted in background, slightly chaotic and real, not staged. Muted natural palette, 35mm, shallow depth of field. Absolutely no text, no captions, no logos, no watermarks, no UI overlays.",photo-trades,9:16,"IG,FB,LI",nerd,"Named for a trade term, explained in 15 seconds

Things I have had to explain to people outside this trade:

Mullion — the fat one.
Transom — the wide one across the top.
Astroglazing bar — the thin one on the inside.
Cill — the one at the bottom.
Pupil — a cow.

That last one is my favourite. There is a reason. Look it up.

🪟  fenora.pro  —  one record for the whole window job

#windownerd #sashwindows #conservation #windowdetailing #fenorapro #bluecollar #constructionuk #renovation #homeimprovement #diy #makestrends #fenestration #glazing #joinery #doubleglazing #windows #fyp #reels #viral","Named for a trade term, explained in 15 seconds

Things I have had to explain to people outside this trade:

Mullion — the fat one.
Transom — the wide one across the top.
Astroglazing bar — the thin one on the inside.
Cill — the one at the bottom.
Pupil — a cow.

That last one is my favourite. There is a reason. Look it up.

🪟  fenora.pro  —  one record for the whole window job","Named for a trade term, explained in 15 seconds

Things I have had to explain to people outside this trade:

Mullion — the fat one.
Transom — the wide one across the top.
Astroglazing bar — the thin one on the inside.
Cill — the one at the bottom.
Pupil — a cow.

That last one is my favourite. There is a reason. Look it up.

🪟  fenora.pro  —  one record for the whole window job","Named for a trade term, explained in 15 seconds

Things I have had to explain to people outside this trade:

Mullion — the fat one.
Transom — the wide one across the top.
Astroglazing bar — the thin one on the inside.
Cill — the one at the bottom.
Pupil — a cow.

That last one is my favourite. There is a reason. Look it up.


— fenora.pro",,08:15,draft,,,,Nerd Detail
ND-26,nerd-detail,static,,The cut list exists. Use it. Actually use it.,"Every window company in Britain has a cutting list. It lives in a folder, or a clipboard, or in a man’s head, or in a WhatsApp group from 2019.

It is the single most valuable document in the business and it is the least protected.

The list is the product. The list must travel with the job. Everything else is logistics.","The spec that priced the quote produces the purchase order, the cut list, the labels and the drawings. fenora.pro","The spec that priced the quote produces the purchase order, the cut list, the labels and the drawings. fenora.pro","If your cutting list lives in a folder, your production system is a man with a clipboard. That is fine until he is on holiday.","Photorealistic photograph of a printed cutting list and a label being applied to a timber window frame in a UK workshop, sawdust in the air, clamps, a barcode scanner, hands at work, warm workshop lighting, focused and slightly dramatic Photorealistic candid documentary photograph of a UK tradesperson at work, hi-vis and worn workwear, tools and laser measure in frame, overcast British daylight, van or scaffold hinted in background, slightly chaotic and real, not staged. Muted natural palette, 35mm, shallow depth of field. Absolutely no text, no captions, no logos, no watermarks, no UI overlays.",photo-trades,,"IG,FB,LI",nerd,"The cut list exists. Use it. Actually use it.

Every window company in Britain has a cutting list. It lives in a folder, or a clipboard, or in a man’s head, or in a WhatsApp group from 2019.

It is the single most valuable document in the business and it is the least protected.

The list is the product. The list must travel with the job. Everything else is logistics.

The spec that priced the quote produces the purchase order, the cut list, the labels and the drawings. fenora.pro

🪟  fenora.pro  —  one record for the whole window job

#windownerd #sashwindows #conservation #windowdetailing #fenorapro #constructionuk #renovation #homeimprovement #diy #makestrends #fenestration #glazing #joinery #doubleglazing #windows #fyp #reels #viral #trending","The cut list exists. Use it. Actually use it.

Every window company in Britain has a cutting list. It lives in a folder, or a clipboard, or in a man’s head, or in a WhatsApp group from 2019.

It is the single most valuable document in the business and it is the least protected.

The list is the product. The list must travel with the job. Everything else is logistics.

The spec that priced the quote produces the purchase order, the cut list, the labels and the drawings. fenora.pro

🪟  fenora.pro  —  one record for the whole window job","The cut list exists. Use it. Actually use it.

Every window company in Britain has a cutting list. It lives in a folder, or a clipboard, or in a man’s head, or in a WhatsApp group from 2019.

It is the single most valuable document in the business and it is the least protected.

The list is the product. The list must travel with the job. Everything else is logistics.

The spec that priced the quote produces the purchase order, the cut list, the labels and the drawings. fenora.pro

🪟  fenora.pro  —  one record for the whole window job","If your cutting list lives in a folder, your production system is a man with a clipboard. That is fine until he is on holiday.

Every window company in Britain has a cutting list. It lives in a folder, or a clipboard, or in a man’s head, or in a WhatsApp group from 2019.

It is the single most valuable document in the business and it is the least protected.

The list is the product. The list must travel with the job. Everything else is logistics.

The spec that priced the quote produces the purchase order, the cut list, the labels and the drawings. fenora.pro


— fenora.pro",,08:15,draft,,,,Nerd Detail
ND-27,nerd-detail,carousel,,Five things that turn a good install into a bad one,"1. The foam. Too little and it moves, too much and it bows the frame.
2. The fixings. Into the reveal, into solid, never into the old frame.
3. The gaps. If the perimeter gap is not consistent, the sealant tells the truth eventually.
4. The sill. Level, with fall, horned, and cut to the wall not to the paper.
5. The protection. If it isn’t taped, it will be marked. If it isn’t boarded, it will be scratched.

Five things. That is the craft.",,,,"Photorealistic detail photograph of a high-quality window installation junction: foam, fixing, gap and silicone line all visible and correct, a brush and clean tools nearby, macro detail, dark neutral background, craft Photorealistic editorial photograph, UK domestic architecture, soft overcast British daylight, shot on 35mm, shallow depth of field, muted natural palette of slate grey, birch plywood, anthracite and warm oak. Documentary realism, not glossy advertising. Absolutely no text, no captions, no logos, no watermarks, no UI overlays.",photo-real,,"IG,FB,LI",nerd,"Five things that turn a good install into a bad one

1. The foam. Too little and it moves, too much and it bows the frame.
2. The fixings. Into the reveal, into solid, never into the old frame.
3. The gaps. If the perimeter gap is not consistent, the sealant tells the truth eventually.
4. The sill. Level, with fall, horned, and cut to the wall not to the paper.
5. The protection. If it isn’t taped, it will be marked. If it isn’t boarded, it will be scratched.

Five things. That is the craft.

🪟  fenora.pro  —  one record for the whole window job

#windownerd #sashwindows #conservation #windowdetailing #fenorapro #renovation #homeimprovement #diy #makestrends #fenestration #glazing #joinery #doubleglazing #windows #fyp #reels #viral #trending #explore","Five things that turn a good install into a bad one

1. The foam. Too little and it moves, too much and it bows the frame.
2. The fixings. Into the reveal, into solid, never into the old frame.
3. The gaps. If the perimeter gap is not consistent, the sealant tells the truth eventually.
4. The sill. Level, with fall, horned, and cut to the wall not to the paper.
5. The protection. If it isn’t taped, it will be marked. If it isn’t boarded, it will be scratched.

Five things. That is the craft.

🪟  fenora.pro  —  one record for the whole window job","Five things that turn a good install into a bad one

1. The foam. Too little and it moves, too much and it bows the frame.
2. The fixings. Into the reveal, into solid, never into the old frame.
3. The gaps. If the perimeter gap is not consistent, the sealant tells the truth eventually.
4. The sill. Level, with fall, horned, and cut to the wall not to the paper.
5. The protection. If it isn’t taped, it will be marked. If it isn’t boarded, it will be scratched.

Five things. That is the craft.

🪟  fenora.pro  —  one record for the whole window job","Five things that turn a good install into a bad one

1. The foam. Too little and it moves, too much and it bows the frame.
2. The fixings. Into the reveal, into solid, never into the old frame.
3. The gaps. If the perimeter gap is not consistent, the sealant tells the truth eventually.
4. The sill. Level, with fall, horned, and cut to the wall not to the paper.
5. The protection. If it isn’t taped, it will be marked. If it isn’t boarded, it will be scratched.

Five things. That is the craft.


— fenora.pro",,08:15,draft,,,,Nerd Detail
ND-28,nerd-detail,static,,The frame viewer made me realise how much glass we throw away,"I made a thing that shows how much of a window is actually glass, from every angle, with the sightlines drawn in.

Then I looked at it for a very long time.

On a standard UK casement we are giving away 28% of the aperture to frame and bar. On a Georgian-barred box sash it is closer to 45%.

Once you see it you cannot unsee it. And you cannot unsee it in the customer’s sitting room either.","Frame viewer and glass area, live. fenora.pro","Frame viewer and glass area, live. fenora.pro",,"Photorealistic screen photograph of a clean dark software interface showing a 3D window model with sightline dimensions overlaid and a glass-area percentage readout, floating at an angle on a neutral desk with a window sample in the background, crisp and modern Clean product photograph of a modern desktop software interface floating at a slight angle, dark charcoal UI with orange accent, crisp data tables and technical window drawings, soft neutral studio background with realistic reflections and shadow. Abstract unreadable micro-text only. No legible words, no logos, no watermarks.",screen-mock,,"IG,FB,LI",nerd,"The frame viewer made me realise how much glass we throw away

I made a thing that shows how much of a window is actually glass, from every angle, with the sightlines drawn in.

Then I looked at it for a very long time.

On a standard UK casement we are giving away 28% of the aperture to frame and bar. On a Georgian-barred box sash it is closer to 45%.

Once you see it you cannot unsee it. And you cannot unsee it in the customer’s sitting room either.

Frame viewer and glass area, live. fenora.pro

🪟  fenora.pro  —  one record for the whole window job

#windownerd #sashwindows #conservation #windowdetailing #fenorapro #homeimprovement #diy #makestrends #fenestration #glazing #joinery #doubleglazing #windows #fyp #reels #viral #trending #explore #reelsinstagram","The frame viewer made me realise how much glass we throw away

I made a thing that shows how much of a window is actually glass, from every angle, with the sightlines drawn in.

Then I looked at it for a very long time.

On a standard UK casement we are giving away 28% of the aperture to frame and bar. On a Georgian-barred box sash it is closer to 45%.

Once you see it you cannot unsee it. And you cannot unsee it in the customer’s sitting room either.

Frame viewer and glass area, live. fenora.pro

🪟  fenora.pro  —  one record for the whole window job","The frame viewer made me realise how much glass we throw away

I made a thing that shows how much of a window is actually glass, from every angle, with the sightlines drawn in.

Then I looked at it for a very long time.

On a standard UK casement we are giving away 28% of the aperture to frame and bar. On a Georgian-barred box sash it is closer to 45%.

Once you see it you cannot unsee it. And you cannot unsee it in the customer’s sitting room either.

Frame viewer and glass area, live. fenora.pro

🪟  fenora.pro  —  one record for the whole window job","The frame viewer made me realise how much glass we throw away

I made a thing that shows how much of a window is actually glass, from every angle, with the sightlines drawn in.

Then I looked at it for a very long time.

On a standard UK casement we are giving away 28% of the aperture to frame and bar. On a Georgian-barred box sash it is closer to 45%.

Once you see it you cannot unsee it. And you cannot unsee it in the customer’s sitting room either.

Frame viewer and glass area, live. fenora.pro


— fenora.pro",,08:15,draft,,,,Nerd Detail
ND-29,nerd-detail,static,,Your lead time is a design decision,"“How long?”

Four weeks. Because the glass was on special order and the powder coat took ten working days and the frame is Accoya at 15mm and we have a holiday in the middle.

Every one of those is a choice somebody made months ago, usually somebody who was not in that conversation and is not going to be in the follow-up phone call either.

Lead time is not a quote line. It is a promise made by a factory to a customer who will remember it exactly.",,,,"Photorealistic photograph of a long row of framed window units laid out in a UK factory finishing area awaiting collection, numbered chalk marks, industrial floor, shafts of light from high windows, sense of quiet commitment Photorealistic candid documentary photograph of a UK tradesperson at work, hi-vis and worn workwear, tools and laser measure in frame, overcast British daylight, van or scaffold hinted in background, slightly chaotic and real, not staged. Muted natural palette, 35mm, shallow depth of field. Absolutely no text, no captions, no logos, no watermarks, no UI overlays.",photo-trades,,"IG,FB,LI",nerd,"Your lead time is a design decision

“How long?”

Four weeks. Because the glass was on special order and the powder coat took ten working days and the frame is Accoya at 15mm and we have a holiday in the middle.

Every one of those is a choice somebody made months ago, usually somebody who was not in that conversation and is not going to be in the follow-up phone call either.

Lead time is not a quote line. It is a promise made by a factory to a customer who will remember it exactly.

🪟  fenora.pro  —  one record for the whole window job

#windownerd #sashwindows #conservation #windowdetailing #fenorapro #diy #makestrends #fenestration #glazing #joinery #doubleglazing #windows #fyp #reels #viral #trending #explore #reelsinstagram #tradeslife","Your lead time is a design decision

“How long?”

Four weeks. Because the glass was on special order and the powder coat took ten working days and the frame is Accoya at 15mm and we have a holiday in the middle.

Every one of those is a choice somebody made months ago, usually somebody who was not in that conversation and is not going to be in the follow-up phone call either.

Lead time is not a quote line. It is a promise made by a factory to a customer who will remember it exactly.

🪟  fenora.pro  —  one record for the whole window job","Your lead time is a design decision

“How long?”

Four weeks. Because the glass was on special order and the powder coat took ten working days and the frame is Accoya at 15mm and we have a holiday in the middle.

Every one of those is a choice somebody made months ago, usually somebody who was not in that conversation and is not going to be in the follow-up phone call either.

Lead time is not a quote line. It is a promise made by a factory to a customer who will remember it exactly.

🪟  fenora.pro  —  one record for the whole window job","Your lead time is a design decision

“How long?”

Four weeks. Because the glass was on special order and the powder coat took ten working days and the frame is Accoya at 15mm and we have a holiday in the middle.

Every one of those is a choice somebody made months ago, usually somebody who was not in that conversation and is not going to be in the follow-up phone call either.

Lead time is not a quote line. It is a promise made by a factory to a customer who will remember it exactly.


— fenora.pro",,08:15,draft,,,,Nerd Detail
ND-30,nerd-detail,static,,Foil or solid colour. The decision people get wrong.,"Woodgrain foil looks fantastic for eleven years.

Then it lifts at a corner, or it fades in a south-facing bay, or somebody puts their kettle on the cill and it bubbles, and the window you specified is now a window you apologise for.

Solid colour is a different product with a different lead time and it is the only honest answer to a south-facing bay on a south-facing house.",,,,"Photorealistic close-up photograph of a window cill in a south-facing bay, a hot kettle sitting on a lifted corner of woodgrain foil, sunlight glaring, the lifting edge catching the light, slightly tragic, macro detail Photorealistic editorial photograph, UK domestic architecture, soft overcast British daylight, shot on 35mm, shallow depth of field, muted natural palette of slate grey, birch plywood, anthracite and warm oak. Documentary realism, not glossy advertising. Absolutely no text, no captions, no logos, no watermarks, no UI overlays.",photo-real,,"IG,FB,LI",nerd,"Foil or solid colour. The decision people get wrong.

Woodgrain foil looks fantastic for eleven years.

Then it lifts at a corner, or it fades in a south-facing bay, or somebody puts their kettle on the cill and it bubbles, and the window you specified is now a window you apologise for.

Solid colour is a different product with a different lead time and it is the only honest answer to a south-facing bay on a south-facing house.

🪟  fenora.pro  —  one record for the whole window job

#windownerd #sashwindows #conservation #windowdetailing #fenorapro #makestrends #fenestration #glazing #joinery #doubleglazing #windows #fyp #reels #viral #trending #explore #reelsinstagram #tradeslife #tradesmen","Foil or solid colour. The decision people get wrong.

Woodgrain foil looks fantastic for eleven years.

Then it lifts at a corner, or it fades in a south-facing bay, or somebody puts their kettle on the cill and it bubbles, and the window you specified is now a window you apologise for.

Solid colour is a different product with a different lead time and it is the only honest answer to a south-facing bay on a south-facing house.

🪟  fenora.pro  —  one record for the whole window job","Foil or solid colour. The decision people get wrong.

Woodgrain foil looks fantastic for eleven years.

Then it lifts at a corner, or it fades in a south-facing bay, or somebody puts their kettle on the cill and it bubbles, and the window you specified is now a window you apologise for.

Solid colour is a different product with a different lead time and it is the only honest answer to a south-facing bay on a south-facing house.

🪟  fenora.pro  —  one record for the whole window job","Foil or solid colour. The decision people get wrong.

Woodgrain foil looks fantastic for eleven years.

Then it lifts at a corner, or it fades in a south-facing bay, or somebody puts their kettle on the cill and it bubbles, and the window you specified is now a window you apologise for.

Solid colour is a different product with a different lead time and it is the only honest answer to a south-facing bay on a south-facing house.


— fenora.pro",,08:15,draft,,,,Nerd Detail
CR-01,customer-reality,static,,“Roughly?”,"“Can you just tell me roughly?”

There is no roughly.

There is a size. There is a glass make-up. There is a frame. There are eleven units and a fitting programme and a haulage and a scaffolding and a skip and a programme that runs to Christmas.

The person asking for ‘roughly’ is the person who will compare your roughly against three other roughlys and choose the smallest one.",,,,"Photorealistic scene of a customer holding a printed window quote with one hand and a pen with the other, brow furrowed, sitting at a kitchen table with three more quotes fanned out, phone showing a text conversation, warm domestic light, relatable Photorealistic editorial photograph, UK domestic architecture, soft overcast British daylight, shot on 35mm, shallow depth of field, muted natural palette of slate grey, birch plywood, anthracite and warm oak. Documentary realism, not glossy advertising. Absolutely no text, no captions, no logos, no watermarks, no UI overlays.",photo-real,,"IG,FB,LI",customers,"“Roughly?”

“Can you just tell me roughly?”

There is no roughly.

There is a size. There is a glass make-up. There is a frame. There are eleven units and a fitting programme and a haulage and a scaffolding and a skip and a programme that runs to Christmas.

The person asking for ‘roughly’ is the person who will compare your roughly against three other roughlys and choose the smallest one.

🪟  fenora.pro  —  one record for the whole window job

#homeownerlife #homeimprovement #renovationuk #ukhomeowner #fenorapro #tradesmen #builderlife #skilledtrades #bluecollar #constructionuk #renovation #homeimprovement #diy #makestrends #fenestration #glazing #joinery #doubleglazing #windows","“Roughly?”

“Can you just tell me roughly?”

There is no roughly.

There is a size. There is a glass make-up. There is a frame. There are eleven units and a fitting programme and a haulage and a scaffolding and a skip and a programme that runs to Christmas.

The person asking for ‘roughly’ is the person who will compare your roughly against three other roughlys and choose the smallest one.

🪟  fenora.pro  —  one record for the whole window job","“Roughly?”

“Can you just tell me roughly?”

There is no roughly.

There is a size. There is a glass make-up. There is a frame. There are eleven units and a fitting programme and a haulage and a scaffolding and a skip and a programme that runs to Christmas.

The person asking for ‘roughly’ is the person who will compare your roughly against three other roughlys and choose the smallest one.

🪟  fenora.pro  —  one record for the whole window job","“Roughly?”

“Can you just tell me roughly?”

There is no roughly.

There is a size. There is a glass make-up. There is a frame. There are eleven units and a fitting programme and a haulage and a scaffolding and a skip and a programme that runs to Christmas.

The person asking for ‘roughly’ is the person who will compare your roughly against three other roughlys and choose the smallest one.


— fenora.pro",,08:15,draft,,,,Customer Reality
CR-02,customer-reality,static,,“My neighbour had similar.”,"“My neighbour had similar done and he said it was fine.”

It was fine. It was fine because the neighbour had solid walls, a square opening, a low cill, no steel in the concrete and a customer who went to bed when he was told to.

Your house is 1938. Your opening is 8mm proud at the top left. Your neighbour’s was not.

You will be fine too, just not the same fine.",,,,"Photorealistic shot from one UK terraced house looking sideways through a fence gap at the identical neighbouring house, both front elevations in view, one with new windows one with old, overcast light, wry and observational Photorealistic editorial photograph, UK domestic architecture, soft overcast British daylight, shot on 35mm, shallow depth of field, muted natural palette of slate grey, birch plywood, anthracite and warm oak. Documentary realism, not glossy advertising. Absolutely no text, no captions, no logos, no watermarks, no UI overlays.",photo-real,,"IG,FB,LI",customers,"“My neighbour had similar.”

“My neighbour had similar done and he said it was fine.”

It was fine. It was fine because the neighbour had solid walls, a square opening, a low cill, no steel in the concrete and a customer who went to bed when he was told to.

Your house is 1938. Your opening is 8mm proud at the top left. Your neighbour’s was not.

You will be fine too, just not the same fine.

🪟  fenora.pro  —  one record for the whole window job

#homeownerlife #homeimprovement #renovationuk #ukhomeowner #fenorapro #builderlife #skilledtrades #bluecollar #constructionuk #renovation #homeimprovement #diy #makestrends #fenestration #glazing #joinery #doubleglazing #windows #fyp","“My neighbour had similar.”

“My neighbour had similar done and he said it was fine.”

It was fine. It was fine because the neighbour had solid walls, a square opening, a low cill, no steel in the concrete and a customer who went to bed when he was told to.

Your house is 1938. Your opening is 8mm proud at the top left. Your neighbour’s was not.

You will be fine too, just not the same fine.

🪟  fenora.pro  —  one record for the whole window job","“My neighbour had similar.”

“My neighbour had similar done and he said it was fine.”

It was fine. It was fine because the neighbour had solid walls, a square opening, a low cill, no steel in the concrete and a customer who went to bed when he was told to.

Your house is 1938. Your opening is 8mm proud at the top left. Your neighbour’s was not.

You will be fine too, just not the same fine.

🪟  fenora.pro  —  one record for the whole window job","“My neighbour had similar.”

It was fine. It was fine because the neighbour had solid walls, a square opening, a low cill, no steel in the concrete and a customer who went to bed when he was told to.

Your house is 1938. Your opening is 8mm proud at the top left. Your neighbour’s was not.

You will be fine too, just not the same fine.


— fenora.pro",,08:15,draft,,,,Customer Reality
CR-03,customer-reality,static,,“The last bloke did them all in two days.”,"“The last bloke did them all in two days.”

The last bloke did them all in two days because the last bloke did not:

Foam them.
Scribe the reveals.
Get the cills to fall.
Shim them.
Tape the internal floors.
Board the stairs.

The last bloke did them all in two days and the house has a smell in it to this day. Nobody ever found out why. It was the foam.",,,,"Photorealistic photograph of a badly installed window set with visible gaps and lumpy untidy silicone at the junction, a domestic living room, slightly accusatory daylight, evidence-of-failure photography Photorealistic editorial photograph, UK domestic architecture, soft overcast British daylight, shot on 35mm, shallow depth of field, muted natural palette of slate grey, birch plywood, anthracite and warm oak. Documentary realism, not glossy advertising. Absolutely no text, no captions, no logos, no watermarks, no UI overlays.",photo-real,,"IG,FB,LI",customers,"“The last bloke did them all in two days.”

“The last bloke did them all in two days.”

The last bloke did them all in two days because the last bloke did not:

Foam them.
Scribe the reveals.
Get the cills to fall.
Shim them.
Tape the internal floors.
Board the stairs.

The last bloke did them all in two days and the house has a smell in it to this day. Nobody ever found out why. It was the foam.

🪟  fenora.pro  —  one record for the whole window job

#homeownerlife #homeimprovement #renovationuk #ukhomeowner #fenorapro #skilledtrades #bluecollar #constructionuk #renovation #homeimprovement #diy #makestrends #fenestration #glazing #joinery #doubleglazing #windows #fyp #reels","“The last bloke did them all in two days.”

“The last bloke did them all in two days.”

The last bloke did them all in two days because the last bloke did not:

Foam them.
Scribe the reveals.
Get the cills to fall.
Shim them.
Tape the internal floors.
Board the stairs.

The last bloke did them all in two days and the house has a smell in it to this day. Nobody ever found out why. It was the foam.

🪟  fenora.pro  —  one record for the whole window job","“The last bloke did them all in two days.”

“The last bloke did them all in two days.”

The last bloke did them all in two days because the last bloke did not:

Foam them.
Scribe the reveals.
Get the cills to fall.
Shim them.
Tape the internal floors.
Board the stairs.

The last bloke did them all in two days and the house has a smell in it to this day. Nobody ever found out why. It was the foam.

🪟  fenora.pro  —  one record for the whole window job","“The last bloke did them all in two days.”

The last bloke did them all in two days because the last bloke did not:

Foam them.
Scribe the reveals.
Get the cills to fall.
Shim them.
Tape the internal floors.
Board the stairs.

The last bloke did them all in two days and the house has a smell in it to this day. Nobody ever found out why. It was the foam.


— fenora.pro",,08:15,draft,,,,Customer Reality
CR-04,customer-reality,static,,Just one. And then the rest next year.,"“Can you just do the front one for now and we’ll do the rest next year.”

Six months later the front one is fine and the back four are worse than the ones they replaced.

This is a real, lovely, human decision and it is the single most expensive thing a homeowner can do. You pay the survey, the mobilisation, the minimum order and the scaffold twice.",,,,"Photorealistic photograph of a single new window on the front elevation of a UK semi-detached house while the windows at the back are visibly older, filmed from the pavement, overcast daylight, quietly tragic, symmetrical composition Photorealistic editorial photograph, UK domestic architecture, soft overcast British daylight, shot on 35mm, shallow depth of field, muted natural palette of slate grey, birch plywood, anthracite and warm oak. Documentary realism, not glossy advertising. Absolutely no text, no captions, no logos, no watermarks, no UI overlays.",photo-real,,"IG,FB,LI",customers,"Just one. And then the rest next year.

“Can you just do the front one for now and we’ll do the rest next year.”

Six months later the front one is fine and the back four are worse than the ones they replaced.

This is a real, lovely, human decision and it is the single most expensive thing a homeowner can do. You pay the survey, the mobilisation, the minimum order and the scaffold twice.

🪟  fenora.pro  —  one record for the whole window job

#homeownerlife #homeimprovement #renovationuk #ukhomeowner #fenorapro #bluecollar #constructionuk #renovation #homeimprovement #diy #makestrends #fenestration #glazing #joinery #doubleglazing #windows #fyp #reels #viral","Just one. And then the rest next year.

“Can you just do the front one for now and we’ll do the rest next year.”

Six months later the front one is fine and the back four are worse than the ones they replaced.

This is a real, lovely, human decision and it is the single most expensive thing a homeowner can do. You pay the survey, the mobilisation, the minimum order and the scaffold twice.

🪟  fenora.pro  —  one record for the whole window job","Just one. And then the rest next year.

“Can you just do the front one for now and we’ll do the rest next year.”

Six months later the front one is fine and the back four are worse than the ones they replaced.

This is a real, lovely, human decision and it is the single most expensive thing a homeowner can do. You pay the survey, the mobilisation, the minimum order and the scaffold twice.

🪟  fenora.pro  —  one record for the whole window job","Just one. And then the rest next year.

“Can you just do the front one for now and we’ll do the rest next year.”

Six months later the front one is fine and the back four are worse than the ones they replaced.

This is a real, lovely, human decision and it is the single most expensive thing a homeowner can do. You pay the survey, the mobilisation, the minimum order and the scaffold twice.


— fenora.pro",,08:15,draft,,,,Customer Reality
CR-05,customer-reality,reel,,“What colour is cream?”,"There is no cream. There is only which cream, how many creams, and whether the customer’s cream matches the kitchen units they already own.

The RAL book is not a colour card. The RAL book is a book of light. Open it under a lamp and then again in daylight and then again in the kitchen and pick one and then live with it for twenty years.",,,,"Photorealistic 9:16 shot of a large RAL colour fan deck open on a kitchen worktop next to a kitchen door sample and a strip of actual painted window frame, a hand leafing through, kitchen light mixed with daylight, rich and warm Photorealistic editorial photograph, UK domestic architecture, soft overcast British daylight, shot on 35mm, shallow depth of field, muted natural palette of slate grey, birch plywood, anthracite and warm oak. Documentary realism, not glossy advertising. Absolutely no text, no captions, no logos, no watermarks, no UI overlays.",photo-real,9:16,"IG,FB,LI",customers,"“What colour is cream?”

There is no cream. There is only which cream, how many creams, and whether the customer’s cream matches the kitchen units they already own.

The RAL book is not a colour card. The RAL book is a book of light. Open it under a lamp and then again in daylight and then again in the kitchen and pick one and then live with it for twenty years.

🪟  fenora.pro  —  one record for the whole window job

#homeownerlife #homeimprovement #renovationuk #ukhomeowner #fenorapro #constructionuk #renovation #homeimprovement #diy #makestrends #fenestration #glazing #joinery #doubleglazing #windows #fyp #reels #viral #trending","“What colour is cream?”

There is no cream. There is only which cream, how many creams, and whether the customer’s cream matches the kitchen units they already own.

The RAL book is not a colour card. The RAL book is a book of light. Open it under a lamp and then again in daylight and then again in the kitchen and pick one and then live with it for twenty years.

🪟  fenora.pro  —  one record for the whole window job","“What colour is cream?”

There is no cream. There is only which cream, how many creams, and whether the customer’s cream matches the kitchen units they already own.

The RAL book is not a colour card. The RAL book is a book of light. Open it under a lamp and then again in daylight and then again in the kitchen and pick one and then live with it for twenty years.

🪟  fenora.pro  —  one record for the whole window job","“What colour is cream?”

There is no cream. There is only which cream, how many creams, and whether the customer’s cream matches the kitchen units they already own.

The RAL book is not a colour card. The RAL book is a book of light. Open it under a lamp and then again in daylight and then again in the kitchen and pick one and then live with it for twenty years.


— fenora.pro",,08:15,draft,,,,Customer Reality
CR-06,customer-reality,static,,“We need it before the wedding.”,"“We need it in before the wedding.”

The wedding is in nine weeks. Survey in two. Approval in four. Production in six. The unit is on the lead time that is a lead time because someone booked a holiday.

Nobody has ever once said “we need it before the wedding” in a way that is not a threat to everyone who works for them.",,,,"Photorealistic photograph of a UK conservatory or extension full of wedding preparations — chairs, flowers, a white dress on a hanger — with a new window frame leaning against the wall, tools still out, surreal and funny, warm interior light Photorealistic candid documentary photograph of a UK tradesperson at work, hi-vis and worn workwear, tools and laser measure in frame, overcast British daylight, van or scaffold hinted in background, slightly chaotic and real, not staged. Muted natural palette, 35mm, shallow depth of field. Absolutely no text, no captions, no logos, no watermarks, no UI overlays.",photo-trades,,"IG,FB,LI",customers,"“We need it before the wedding.”

“We need it in before the wedding.”

The wedding is in nine weeks. Survey in two. Approval in four. Production in six. The unit is on the lead time that is a lead time because someone booked a holiday.

Nobody has ever once said “we need it before the wedding” in a way that is not a threat to everyone who works for them.

🪟  fenora.pro  —  one record for the whole window job

#homeownerlife #homeimprovement #renovationuk #ukhomeowner #fenorapro #renovation #homeimprovement #diy #makestrends #fenestration #glazing #joinery #doubleglazing #windows #fyp #reels #viral #trending #explore","“We need it before the wedding.”

“We need it in before the wedding.”

The wedding is in nine weeks. Survey in two. Approval in four. Production in six. The unit is on the lead time that is a lead time because someone booked a holiday.

Nobody has ever once said “we need it before the wedding” in a way that is not a threat to everyone who works for them.

🪟  fenora.pro  —  one record for the whole window job","“We need it before the wedding.”

“We need it in before the wedding.”

The wedding is in nine weeks. Survey in two. Approval in four. Production in six. The unit is on the lead time that is a lead time because someone booked a holiday.

Nobody has ever once said “we need it before the wedding” in a way that is not a threat to everyone who works for them.

🪟  fenora.pro  —  one record for the whole window job","“We need it before the wedding.”

“We need it in before the wedding.”

The wedding is in nine weeks. Survey in two. Approval in four. Production in six. The unit is on the lead time that is a lead time because someone booked a holiday.

Nobody has ever once said “we need it before the wedding” in a way that is not a threat to everyone who works for them.


— fenora.pro",,08:15,draft,,,,Customer Reality
CR-07,customer-reality,static,,“We’ll get the other quotes and come back to you.”,"They will get the other quotes.

They will not come back to you.

Not because you were worse. Because one of the other quotes was cheaper, and because deciding meant reading, and because they are already in a different tab, and because someone mentioned a lead time that sounded faster.

The job you quoted properly, priced honestly and lost to a number that did not include fitting is the job that costs you the most and earns you the least.",,,,"Photorealistic photograph of a laptop screen showing an email inbox with a window quote attached, a hand hovering over a delete key, coffee cup, a second window quote printout in the background, moody desk lighting, quiet and sad Photorealistic editorial photograph, UK domestic architecture, soft overcast British daylight, shot on 35mm, shallow depth of field, muted natural palette of slate grey, birch plywood, anthracite and warm oak. Documentary realism, not glossy advertising. Absolutely no text, no captions, no logos, no watermarks, no UI overlays.",photo-real,,"IG,FB,LI",customers,"“We’ll get the other quotes and come back to you.”

They will get the other quotes.

They will not come back to you.

Not because you were worse. Because one of the other quotes was cheaper, and because deciding meant reading, and because they are already in a different tab, and because someone mentioned a lead time that sounded faster.

The job you quoted properly, priced honestly and lost to a number that did not include fitting is the job that costs you the most and earns you the least.

🪟  fenora.pro  —  one record for the whole window job

#homeownerlife #homeimprovement #renovationuk #ukhomeowner #fenorapro #homeimprovement #diy #makestrends #fenestration #glazing #joinery #doubleglazing #windows #fyp #reels #viral #trending #explore #reelsinstagram","“We’ll get the other quotes and come back to you.”

They will get the other quotes.

They will not come back to you.

Not because you were worse. Because one of the other quotes was cheaper, and because deciding meant reading, and because they are already in a different tab, and because someone mentioned a lead time that sounded faster.

The job you quoted properly, priced honestly and lost to a number that did not include fitting is the job that costs you the most and earns you the least.

🪟  fenora.pro  —  one record for the whole window job","“We’ll get the other quotes and come back to you.”

They will get the other quotes.

They will not come back to you.

Not because you were worse. Because one of the other quotes was cheaper, and because deciding meant reading, and because they are already in a different tab, and because someone mentioned a lead time that sounded faster.

The job you quoted properly, priced honestly and lost to a number that did not include fitting is the job that costs you the most and earns you the least.

🪟  fenora.pro  —  one record for the whole window job","“We’ll get the other quotes and come back to you.”

They will get the other quotes.

They will not come back to you.

Not because you were worse. Because one of the other quotes was cheaper, and because deciding meant reading, and because they are already in a different tab, and because someone mentioned a lead time that sounded faster.

The job you quoted properly, priced honestly and lost to a number that did not include fitting is the job that costs you the most and earns you the least.


— fenora.pro",,08:15,draft,,,,Customer Reality
CR-08,customer-reality,carousel,,“Is VAT extra?”,"Slide 1: “Is VAT extra?”

Slide 2: The quote says excluding VAT, because quotes exclude VAT because every quote in the country excludes VAT because you cannot put VAT on a quote and then take it off without embarrassing everybody.

Slide 3: £8,400 plus £1,680.

Slide 4: The customer looks at the number and does the maths and says “oh”.

Slide 5: You have a choice between an awkward thirty seconds now and a cancellation in March.",,,,"Photorealistic close-up of a printed quote document showing a total line, a magnifying glass resting on it, a calculator and a pen, warm desk light, slightly comic and clinical Photorealistic editorial photograph, UK domestic architecture, soft overcast British daylight, shot on 35mm, shallow depth of field, muted natural palette of slate grey, birch plywood, anthracite and warm oak. Documentary realism, not glossy advertising. Absolutely no text, no captions, no logos, no watermarks, no UI overlays.",photo-real,,"IG,FB,LI",customers,"“Is VAT extra?”

Slide 1: “Is VAT extra?”

Slide 2: The quote says excluding VAT, because quotes exclude VAT because every quote in the country excludes VAT because you cannot put VAT on a quote and then take it off without embarrassing everybody.

Slide 3: £8,400 plus £1,680.

Slide 4: The customer looks at the number and does the maths and says “oh”.

Slide 5: You have a choice between an awkward thirty seconds now and a cancellation in March.

🪟  fenora.pro  —  one record for the whole window job

#homeownerlife #homeimprovement #renovationuk #ukhomeowner #fenorapro #diy #makestrends #fenestration #glazing #joinery #doubleglazing #windows #fyp #reels #viral #trending #explore #reelsinstagram #tradeslife","“Is VAT extra?”

Slide 1: “Is VAT extra?”

Slide 2: The quote says excluding VAT, because quotes exclude VAT because every quote in the country excludes VAT because you cannot put VAT on a quote and then take it off without embarrassing everybody.

Slide 3: £8,400 plus £1,680.

Slide 4: The customer looks at the number and does the maths and says “oh”.

Slide 5: You have a choice between an awkward thirty seconds now and a cancellation in March.

🪟  fenora.pro  —  one record for the whole window job","“Is VAT extra?”

Slide 1: “Is VAT extra?”

Slide 2: The quote says excluding VAT, because quotes exclude VAT because every quote in the country excludes VAT because you cannot put VAT on a quote and then take it off without embarrassing everybody.

Slide 3: £8,400 plus £1,680.

Slide 4: The customer looks at the number and does the maths and says “oh”.

Slide 5: You have a choice between an awkward thirty seconds now and a cancellation in March.

🪟  fenora.pro  —  one record for the whole window job","“Is VAT extra?”

1. “Is VAT extra?”

2. The quote says excluding VAT, because quotes exclude VAT because every quote in the country excludes VAT because you cannot put VAT on a quote and then take it off without embarrassing everybody.

3. £8,400 plus £1,680.

4. The customer looks at the number and does the maths and says “oh”.

5. You have a choice between an awkward thirty seconds now and a cancellation in March.


— fenora.pro",,08:15,draft,,,,Customer Reality
CR-09,customer-reality,static,,“We just need the price for the glass.”,"“We just need the price for the glass.”

There is no price for the glass. There is a price for a 24mm sealed unit with a warm edge and a black spacer and a toughened pane and a lead time of nine working days, and the price of that changes every quarter, and the difference between two identical quotes is usually a different supplier.

The glass is the most variable thing in the entire job and it is usually the smallest number on the quote.",,,,"Photorealistic still life of stacked sealed glass units in a UK glazing workshop, edge spacer visible, labels and stickers on the edges, racking, cool industrial light, moody and precise Photorealistic editorial photograph, UK domestic architecture, soft overcast British daylight, shot on 35mm, shallow depth of field, muted natural palette of slate grey, birch plywood, anthracite and warm oak. Documentary realism, not glossy advertising. Absolutely no text, no captions, no logos, no watermarks, no UI overlays.",photo-real,,"IG,FB,LI",customers,"“We just need the price for the glass.”

“We just need the price for the glass.”

There is no price for the glass. There is a price for a 24mm sealed unit with a warm edge and a black spacer and a toughened pane and a lead time of nine working days, and the price of that changes every quarter, and the difference between two identical quotes is usually a different supplier.

The glass is the most variable thing in the entire job and it is usually the smallest number on the quote.

🪟  fenora.pro  —  one record for the whole window job

#homeownerlife #homeimprovement #renovationuk #ukhomeowner #fenorapro #makestrends #fenestration #glazing #joinery #doubleglazing #windows #fyp #reels #viral #trending #explore #reelsinstagram #tradeslife #tradesmen","“We just need the price for the glass.”

“We just need the price for the glass.”

There is no price for the glass. There is a price for a 24mm sealed unit with a warm edge and a black spacer and a toughened pane and a lead time of nine working days, and the price of that changes every quarter, and the difference between two identical quotes is usually a different supplier.

The glass is the most variable thing in the entire job and it is usually the smallest number on the quote.

🪟  fenora.pro  —  one record for the whole window job","“We just need the price for the glass.”

“We just need the price for the glass.”

There is no price for the glass. There is a price for a 24mm sealed unit with a warm edge and a black spacer and a toughened pane and a lead time of nine working days, and the price of that changes every quarter, and the difference between two identical quotes is usually a different supplier.

The glass is the most variable thing in the entire job and it is usually the smallest number on the quote.

🪟  fenora.pro  —  one record for the whole window job","“We just need the price for the glass.”

There is no price for the glass. There is a price for a 24mm sealed unit with a warm edge and a black spacer and a toughened pane and a lead time of nine working days, and the price of that changes every quarter, and the difference between two identical quotes is usually a different supplier.

The glass is the most variable thing in the entire job and it is usually the smallest number on the quote.


— fenora.pro",,08:15,draft,,,,Customer Reality
CR-10,customer-reality,static,,“Can you do a discount for cash?”,"“Can you do a discount for cash?”

And then there is no invoice, and no record, and no receipt, and no proof of purchase for a fifteen-year guarantee, and no way for the office to check what the job cost, and no way for you to reclaim anything if it goes wrong.

You have just converted a profitable job into a slightly more profitable job that you will be told about in seven years, by a person with a memory.",,,,"Photorealistic close-up of a tradesperson's hand holding cash notes over an invoice pad on a workbench, a car key in the other hand, blurred background of a van, slightly grubby, cinematic low light, moral tension Photorealistic editorial photograph, UK domestic architecture, soft overcast British daylight, shot on 35mm, shallow depth of field, muted natural palette of slate grey, birch plywood, anthracite and warm oak. Documentary realism, not glossy advertising. Absolutely no text, no captions, no logos, no watermarks, no UI overlays.",photo-real,,"IG,FB,LI",customers,"“Can you do a discount for cash?”

“Can you do a discount for cash?”

And then there is no invoice, and no record, and no receipt, and no proof of purchase for a fifteen-year guarantee, and no way for the office to check what the job cost, and no way for you to reclaim anything if it goes wrong.

You have just converted a profitable job into a slightly more profitable job that you will be told about in seven years, by a person with a memory.

🪟  fenora.pro  —  one record for the whole window job

#homeownerlife #homeimprovement #renovationuk #ukhomeowner #fenorapro #fenestration #glazing #joinery #doubleglazing #windows #fyp #reels #viral #trending #explore #reelsinstagram #tradeslife #tradesmen #builderlife","“Can you do a discount for cash?”

“Can you do a discount for cash?”

And then there is no invoice, and no record, and no receipt, and no proof of purchase for a fifteen-year guarantee, and no way for the office to check what the job cost, and no way for you to reclaim anything if it goes wrong.

You have just converted a profitable job into a slightly more profitable job that you will be told about in seven years, by a person with a memory.

🪟  fenora.pro  —  one record for the whole window job","“Can you do a discount for cash?”

“Can you do a discount for cash?”

And then there is no invoice, and no record, and no receipt, and no proof of purchase for a fifteen-year guarantee, and no way for the office to check what the job cost, and no way for you to reclaim anything if it goes wrong.

You have just converted a profitable job into a slightly more profitable job that you will be told about in seven years, by a person with a memory.

🪟  fenora.pro  —  one record for the whole window job","“Can you do a discount for cash?”

And then there is no invoice, and no record, and no receipt, and no proof of purchase for a fifteen-year guarantee, and no way for the office to check what the job cost, and no way for you to reclaim anything if it goes wrong.

You have just converted a profitable job into a slightly more profitable job that you will be told about in seven years, by a person with a memory.


— fenora.pro",,08:15,draft,,,,Customer Reality
CR-11,customer-reality,static,,“I saw your van.”,"“I saw your van.”

You saw my van because my van has a website address, a phone number and the word ‘Windows’ on it, and it is the single highest-converting marketing asset in the entire business.

The cost per impression on that van, over its lifetime, is roughly four pence. There is no other marketing in this trade that comes close.",Put Fenora on the van. One number. One record. fenora.pro,Put Fenora on the van. One number. One record. fenora.pro,,"Photorealistic crisp photograph of a well-maintained branded work van parked on a UK residential street, sunlight catching the signwriting, a housewife walking the dog glancing at it, a stack of samples visible through the rear window, warm golden hour light, aspirational and human Photorealistic editorial photograph, UK domestic architecture, soft overcast British daylight, shot on 35mm, shallow depth of field, muted natural palette of slate grey, birch plywood, anthracite and warm oak. Documentary realism, not glossy advertising. Absolutely no text, no captions, no logos, no watermarks, no UI overlays.",photo-real,,"IG,FB,LI",customers,"“I saw your van.”

“I saw your van.”

You saw my van because my van has a website address, a phone number and the word ‘Windows’ on it, and it is the single highest-converting marketing asset in the entire business.

The cost per impression on that van, over its lifetime, is roughly four pence. There is no other marketing in this trade that comes close.

Put Fenora on the van. One number. One record. fenora.pro

🪟  fenora.pro  —  one record for the whole window job

#homeownerlife #homeimprovement #renovationuk #ukhomeowner #fenorapro #glazing #joinery #doubleglazing #windows #fyp #reels #viral #trending #explore #reelsinstagram #tradeslife #tradesmen #builderlife #skilledtrades","“I saw your van.”

“I saw your van.”

You saw my van because my van has a website address, a phone number and the word ‘Windows’ on it, and it is the single highest-converting marketing asset in the entire business.

The cost per impression on that van, over its lifetime, is roughly four pence. There is no other marketing in this trade that comes close.

Put Fenora on the van. One number. One record. fenora.pro

🪟  fenora.pro  —  one record for the whole window job","“I saw your van.”

“I saw your van.”

You saw my van because my van has a website address, a phone number and the word ‘Windows’ on it, and it is the single highest-converting marketing asset in the entire business.

The cost per impression on that van, over its lifetime, is roughly four pence. There is no other marketing in this trade that comes close.

Put Fenora on the van. One number. One record. fenora.pro

🪟  fenora.pro  —  one record for the whole window job","“I saw your van.”

You saw my van because my van has a website address, a phone number and the word ‘Windows’ on it, and it is the single highest-converting marketing asset in the entire business.

The cost per impression on that van, over its lifetime, is roughly four pence. There is no other marketing in this trade that comes close.

Put Fenora on the van. One number. One record. fenora.pro


— fenora.pro",,08:15,draft,,,,Customer Reality
CR-12,customer-reality,static,,“Can I speak to the person who does the windows?”,"This is the correct response to being transferred four times.

It is also, from a business point of view, the single most important sentence in this entire post. Because the person who does the windows is the person with the quote, the margin, the lead time and the answer, and if they cannot get to the phone, none of those things can be trusted.

Put the actual person in the reply. Not a form. Not a ticket number. A person.",,,A third of the calls in this trade are the customer asking to speak to the actual decision-maker. Almost no businesses answer that one properly.,"Photorealistic photograph of a trade company office: a desk with two monitors, a window sample in the foreground, a phone off the hook, a mug of tea, a stack of quotes, warm afternoon light through a window, cosy and human and slightly chaotic Photorealistic editorial photograph, UK domestic architecture, soft overcast British daylight, shot on 35mm, shallow depth of field, muted natural palette of slate grey, birch plywood, anthracite and warm oak. Documentary realism, not glossy advertising. Absolutely no text, no captions, no logos, no watermarks, no UI overlays.",photo-real,,"IG,FB,LI",customers,"“Can I speak to the person who does the windows?”

This is the correct response to being transferred four times.

It is also, from a business point of view, the single most important sentence in this entire post. Because the person who does the windows is the person with the quote, the margin, the lead time and the answer, and if they cannot get to the phone, none of those things can be trusted.

Put the actual person in the reply. Not a form. Not a ticket number. A person.

🪟  fenora.pro  —  one record for the whole window job

#homeownerlife #homeimprovement #renovationuk #ukhomeowner #fenorapro #joinery #doubleglazing #windows #fyp #reels #viral #trending #explore #reelsinstagram #tradeslife #tradesmen #builderlife #skilledtrades #bluecollar","“Can I speak to the person who does the windows?”

This is the correct response to being transferred four times.

It is also, from a business point of view, the single most important sentence in this entire post. Because the person who does the windows is the person with the quote, the margin, the lead time and the answer, and if they cannot get to the phone, none of those things can be trusted.

Put the actual person in the reply. Not a form. Not a ticket number. A person.

🪟  fenora.pro  —  one record for the whole window job","“Can I speak to the person who does the windows?”

This is the correct response to being transferred four times.

It is also, from a business point of view, the single most important sentence in this entire post. Because the person who does the windows is the person with the quote, the margin, the lead time and the answer, and if they cannot get to the phone, none of those things can be trusted.

Put the actual person in the reply. Not a form. Not a ticket number. A person.

🪟  fenora.pro  —  one record for the whole window job","A third of the calls in this trade are the customer asking to speak to the actual decision-maker. Almost no businesses answer that one properly.

This is the correct response to being transferred four times.

It is also, from a business point of view, the single most important sentence in this entire post. Because the person who does the windows is the person with the quote, the margin, the lead time and the answer, and if they cannot get to the phone, none of those things can be trusted.

Put the actual person in the reply. Not a form. Not a ticket number. A person.


— fenora.pro",,08:15,draft,,,,Customer Reality
CR-13,customer-reality,static,,“The new windows look different to the old ones.”,"Of course they do.

They are not made by the same people, in the same workshop, out of the same timber, using the same profile, in the same century.

Every replacement window ever fitted has looked slightly different to the one it replaced and the customer has looked at it every single day since. If the difference is too small you have done nothing. If it is too big you have done something they did not want.

The entire job lives in that gap.",,,,"Photorealistic photograph of a UK brick house front elevation where one window is old timber and one is new uPVC, shot straight on, overcast even light, deadpan and honest, the difference plainly visible Photorealistic editorial photograph, UK domestic architecture, soft overcast British daylight, shot on 35mm, shallow depth of field, muted natural palette of slate grey, birch plywood, anthracite and warm oak. Documentary realism, not glossy advertising. Absolutely no text, no captions, no logos, no watermarks, no UI overlays.",photo-real,,"IG,FB,LI",customers,"“The new windows look different to the old ones.”

Of course they do.

They are not made by the same people, in the same workshop, out of the same timber, using the same profile, in the same century.

Every replacement window ever fitted has looked slightly different to the one it replaced and the customer has looked at it every single day since. If the difference is too small you have done nothing. If it is too big you have done something they did not want.

The entire job lives in that gap.

🪟  fenora.pro  —  one record for the whole window job

#homeownerlife #homeimprovement #renovationuk #ukhomeowner #fenorapro #doubleglazing #windows #fyp #reels #viral #trending #explore #reelsinstagram #tradeslife #tradesmen #builderlife #skilledtrades #bluecollar #constructionuk","“The new windows look different to the old ones.”

Of course they do.

They are not made by the same people, in the same workshop, out of the same timber, using the same profile, in the same century.

Every replacement window ever fitted has looked slightly different to the one it replaced and the customer has looked at it every single day since. If the difference is too small you have done nothing. If it is too big you have done something they did not want.

The entire job lives in that gap.

🪟  fenora.pro  —  one record for the whole window job","“The new windows look different to the old ones.”

Of course they do.

They are not made by the same people, in the same workshop, out of the same timber, using the same profile, in the same century.

Every replacement window ever fitted has looked slightly different to the one it replaced and the customer has looked at it every single day since. If the difference is too small you have done nothing. If it is too big you have done something they did not want.

The entire job lives in that gap.

🪟  fenora.pro  —  one record for the whole window job","“The new windows look different to the old ones.”

Of course they do.

They are not made by the same people, in the same workshop, out of the same timber, using the same profile, in the same century.

Every replacement window ever fitted has looked slightly different to the one it replaced and the customer has looked at it every single day since. If the difference is too small you have done nothing. If it is too big you have done something they did not want.

The entire job lives in that gap.


— fenora.pro",,08:15,draft,,,,Customer Reality
CR-14,customer-reality,reel,,The five types of person at the front door,"THE FIVE TYPES AT THE FRONT DOOR

1. The one who is certain it will be done next week.
2. The one who wants a price before you have even looked.
3. The one who will ask you to quote the whole street.
4. The one who wants to know if you do bathrooms.
5. The one who says “I’ll think about it” and is about to buy from whoever is cheapest.

And then, occasionally, type 6: the one who says “just tell me what you’d do.” Best customer in the world.",,,,"Photorealistic 9:16 shot of a tradesperson standing on a UK doorstep with a clipboard, seen from the customer’s perspective looking down, five imaginary archetypes suggested by body language, a dog on the step, warm doorstep light, comedic Photorealistic candid documentary photograph of a UK tradesperson at work, hi-vis and worn workwear, tools and laser measure in frame, overcast British daylight, van or scaffold hinted in background, slightly chaotic and real, not staged. Muted natural palette, 35mm, shallow depth of field. Absolutely no text, no captions, no logos, no watermarks, no UI overlays.",photo-trades,9:16,"IG,FB,LI",customers,"The five types of person at the front door

THE FIVE TYPES AT THE FRONT DOOR

1. The one who is certain it will be done next week.
2. The one who wants a price before you have even looked.
3. The one who will ask you to quote the whole street.
4. The one who wants to know if you do bathrooms.
5. The one who says “I’ll think about it” and is about to buy from whoever is cheapest.

And then, occasionally, type 6: the one who says “just tell me what you’d do.” Best customer in the world.

🪟  fenora.pro  —  one record for the whole window job

#homeownerlife #homeimprovement #renovationuk #ukhomeowner #fenorapro #windows #fyp #reels #viral #trending #explore #reelsinstagram #tradeslife #tradesmen #builderlife #skilledtrades #bluecollar #constructionuk #renovation","The five types of person at the front door

THE FIVE TYPES AT THE FRONT DOOR

1. The one who is certain it will be done next week.
2. The one who wants a price before you have even looked.
3. The one who will ask you to quote the whole street.
4. The one who wants to know if you do bathrooms.
5. The one who says “I’ll think about it” and is about to buy from whoever is cheapest.

And then, occasionally, type 6: the one who says “just tell me what you’d do.” Best customer in the world.

🪟  fenora.pro  —  one record for the whole window job","The five types of person at the front door

THE FIVE TYPES AT THE FRONT DOOR

1. The one who is certain it will be done next week.
2. The one who wants a price before you have even looked.
3. The one who will ask you to quote the whole street.
4. The one who wants to know if you do bathrooms.
5. The one who says “I’ll think about it” and is about to buy from whoever is cheapest.

And then, occasionally, type 6: the one who says “just tell me what you’d do.” Best customer in the world.

🪟  fenora.pro  —  one record for the whole window job","The five types of person at the front door

THE FIVE TYPES AT THE FRONT DOOR

1. The one who is certain it will be done next week.
2. The one who wants a price before you have even looked.
3. The one who will ask you to quote the whole street.
4. The one who wants to know if you do bathrooms.
5. The one who says “I’ll think about it” and is about to buy from whoever is cheapest.

And then, occasionally, type 6: the one who says “just tell me what you’d do.” Best customer in the world.


— fenora.pro",,08:15,draft,,,,Customer Reality
CR-15,customer-reality,static,,“Will it match the door?”,"“Will it match the door?”

The door is composite. The door has no paint code. The door has been repainted once, badly, in a colour that used to be called ‘Magnolia’ and is now something else entirely.

You can get a colour match within about two years of the door being made if the door is in good condition. You cannot get it to match a composite door at all. Nobody can. The company that made it stopped making it in 2011.

And yet. We are all going to try.",,,,"Photorealistic close-up of a weathered UK composite front door with peeling and patched paint, held against a pristine new window frame sample, a RAL fan deck and a paint chip in the scene, forensic and funny Photorealistic editorial photograph, UK domestic architecture, soft overcast British daylight, shot on 35mm, shallow depth of field, muted natural palette of slate grey, birch plywood, anthracite and warm oak. Documentary realism, not glossy advertising. Absolutely no text, no captions, no logos, no watermarks, no UI overlays.",photo-real,,"IG,FB,LI",customers,"“Will it match the door?”

“Will it match the door?”

The door is composite. The door has no paint code. The door has been repainted once, badly, in a colour that used to be called ‘Magnolia’ and is now something else entirely.

You can get a colour match within about two years of the door being made if the door is in good condition. You cannot get it to match a composite door at all. Nobody can. The company that made it stopped making it in 2011.

And yet. We are all going to try.

🪟  fenora.pro  —  one record for the whole window job

#homeownerlife #homeimprovement #renovationuk #ukhomeowner #fenorapro #fyp #reels #viral #trending #explore #reelsinstagram #tradeslife #tradesmen #builderlife #skilledtrades #bluecollar #constructionuk #renovation #homeimprovement","“Will it match the door?”

“Will it match the door?”

The door is composite. The door has no paint code. The door has been repainted once, badly, in a colour that used to be called ‘Magnolia’ and is now something else entirely.

You can get a colour match within about two years of the door being made if the door is in good condition. You cannot get it to match a composite door at all. Nobody can. The company that made it stopped making it in 2011.

And yet. We are all going to try.

🪟  fenora.pro  —  one record for the whole window job","“Will it match the door?”

“Will it match the door?”

The door is composite. The door has no paint code. The door has been repainted once, badly, in a colour that used to be called ‘Magnolia’ and is now something else entirely.

You can get a colour match within about two years of the door being made if the door is in good condition. You cannot get it to match a composite door at all. Nobody can. The company that made it stopped making it in 2011.

And yet. We are all going to try.

🪟  fenora.pro  —  one record for the whole window job","“Will it match the door?”

The door is composite. The door has no paint code. The door has been repainted once, badly, in a colour that used to be called ‘Magnolia’ and is now something else entirely.

You can get a colour match within about two years of the door being made if the door is in good condition. You cannot get it to match a composite door at all. Nobody can. The company that made it stopped making it in 2011.

And yet. We are all going to try.


— fenora.pro",,08:15,draft,,,,Customer Reality
CR-16,customer-reality,static,,“We’ve had three quotes and they’re all different.”,"Three quotes, three prices, all legitimate.

One is missing the scaffold.
One is missing the making good.
One is missing the skip and the second skip.
One is missing the survey.
One is missing the 1970s electricity that is behind the plaster and is now an issue.

The cheapest quote is not the cheapest job. It is the job where the most expensive part has been left out and is now sitting quietly at the bottom of the page, waiting for day nine.","Itemised, phased, priced honestly. fenora.pro","Itemised, phased, priced honestly. fenora.pro",A window quote is a list of decisions. Most are priced. The one that is forgotten is the one that costs you the job.,"Photorealistic overhead shot of three different window quote documents laid side by side on a table, different lengths, different fonts, different prices, a highlighter and a coffee mug, warm overhead light, comparative and calm Photorealistic editorial photograph, UK domestic architecture, soft overcast British daylight, shot on 35mm, shallow depth of field, muted natural palette of slate grey, birch plywood, anthracite and warm oak. Documentary realism, not glossy advertising. Absolutely no text, no captions, no logos, no watermarks, no UI overlays.",photo-real,,"IG,FB,LI",customers,"“We’ve had three quotes and they’re all different.”

Three quotes, three prices, all legitimate.

One is missing the scaffold.
One is missing the making good.
One is missing the skip and the second skip.
One is missing the survey.
One is missing the 1970s electricity that is behind the plaster and is now an issue.

The cheapest quote is not the cheapest job. It is the job where the most expensive part has been left out and is now sitting quietly at the bottom of the page, waiting for day nine.

Itemised, phased, priced honestly. fenora.pro

🪟  fenora.pro  —  one record for the whole window job

#homeownerlife #homeimprovement #renovationuk #ukhomeowner #fenorapro #reels #viral #trending #explore #reelsinstagram #tradeslife #tradesmen #builderlife #skilledtrades #bluecollar #constructionuk #renovation #homeimprovement #diy","“We’ve had three quotes and they’re all different.”

Three quotes, three prices, all legitimate.

One is missing the scaffold.
One is missing the making good.
One is missing the skip and the second skip.
One is missing the survey.
One is missing the 1970s electricity that is behind the plaster and is now an issue.

The cheapest quote is not the cheapest job. It is the job where the most expensive part has been left out and is now sitting quietly at the bottom of the page, waiting for day nine.

Itemised, phased, priced honestly. fenora.pro

🪟  fenora.pro  —  one record for the whole window job","“We’ve had three quotes and they’re all different.”

Three quotes, three prices, all legitimate.

One is missing the scaffold.
One is missing the making good.
One is missing the skip and the second skip.
One is missing the survey.
One is missing the 1970s electricity that is behind the plaster and is now an issue.

The cheapest quote is not the cheapest job. It is the job where the most expensive part has been left out and is now sitting quietly at the bottom of the page, waiting for day nine.

Itemised, phased, priced honestly. fenora.pro

🪟  fenora.pro  —  one record for the whole window job","A window quote is a list of decisions. Most are priced. The one that is forgotten is the one that costs you the job.

Three quotes, three prices, all legitimate.

One is missing the scaffold.
One is missing the making good.
One is missing the skip and the second skip.
One is missing the survey.
One is missing the 1970s electricity that is behind the plaster and is now an issue.

The cheapest quote is not the cheapest job. It is the job where the most expensive part has been left out and is now sitting quietly at the bottom of the page, waiting for day nine.

Itemised, phased, priced honestly. fenora.pro


— fenora.pro",,08:15,draft,,,,Customer Reality
CR-17,customer-reality,static,,“We’ve been waiting three weeks.”,"“We’ve been waiting three weeks.”

This is not an angry message. This is the polite version, sent at 9am on a Tuesday by a person who has been extremely reasonable and has started a spreadsheet of their own frustration.

Behind it is: three calls you missed, a survey that was booked on a day you were not there, and a quote that went to the wrong email address.

Nobody in this trade is losing customers on price. They are losing them on silence.",,,,"Photorealistic photograph of a person typing a frustrated message into a phone at a kitchen table, morning light, a wall clock visible behind them, a window fitting invoice in the corner, muted cool tones, relatable Photorealistic editorial photograph, UK domestic architecture, soft overcast British daylight, shot on 35mm, shallow depth of field, muted natural palette of slate grey, birch plywood, anthracite and warm oak. Documentary realism, not glossy advertising. Absolutely no text, no captions, no logos, no watermarks, no UI overlays.",photo-real,,"IG,FB,LI",customers,"“We’ve been waiting three weeks.”

“We’ve been waiting three weeks.”

This is not an angry message. This is the polite version, sent at 9am on a Tuesday by a person who has been extremely reasonable and has started a spreadsheet of their own frustration.

Behind it is: three calls you missed, a survey that was booked on a day you were not there, and a quote that went to the wrong email address.

Nobody in this trade is losing customers on price. They are losing them on silence.

🪟  fenora.pro  —  one record for the whole window job

#homeownerlife #homeimprovement #renovationuk #ukhomeowner #fenorapro #viral #trending #explore #reelsinstagram #tradeslife #tradesmen #builderlife #skilledtrades #bluecollar #constructionuk #renovation #homeimprovement #diy #makestrends","“We’ve been waiting three weeks.”

“We’ve been waiting three weeks.”

This is not an angry message. This is the polite version, sent at 9am on a Tuesday by a person who has been extremely reasonable and has started a spreadsheet of their own frustration.

Behind it is: three calls you missed, a survey that was booked on a day you were not there, and a quote that went to the wrong email address.

Nobody in this trade is losing customers on price. They are losing them on silence.

🪟  fenora.pro  —  one record for the whole window job","“We’ve been waiting three weeks.”

“We’ve been waiting three weeks.”

This is not an angry message. This is the polite version, sent at 9am on a Tuesday by a person who has been extremely reasonable and has started a spreadsheet of their own frustration.

Behind it is: three calls you missed, a survey that was booked on a day you were not there, and a quote that went to the wrong email address.

Nobody in this trade is losing customers on price. They are losing them on silence.

🪟  fenora.pro  —  one record for the whole window job","“We’ve been waiting three weeks.”

This is not an angry message. This is the polite version, sent at 9am on a Tuesday by a person who has been extremely reasonable and has started a spreadsheet of their own frustration.

Behind it is: three calls you missed, a survey that was booked on a day you were not there, and a quote that went to the wrong email address.

Nobody in this trade is losing customers on price. They are losing them on silence.


— fenora.pro",,08:15,draft,,,,Customer Reality
CR-18,customer-reality,static,,“The cat has decided the new cill is a bed.”,"Step 1. A cat on the new cill.
Step 2. A scratch pad on the new cill.
Step 3. You are moving the scratch pad every day for the next three months.
Step 4. The customer says “you set it up wrong”.

The cill is 65mm deep, 2m off the ground and 40mm from a radiator. It is the best place in the house. The cat is correct.",,,,"Photorealistic warm photograph of a ginger cat asleep on a freshly installed window cill in a UK home, morning sun, the cat utterly relaxed, a stack of paperwork on the desk behind, cosy and ridiculous Photorealistic editorial photograph, UK domestic architecture, soft overcast British daylight, shot on 35mm, shallow depth of field, muted natural palette of slate grey, birch plywood, anthracite and warm oak. Documentary realism, not glossy advertising. Absolutely no text, no captions, no logos, no watermarks, no UI overlays.",photo-real,,"IG,FB,LI",customers,"“The cat has decided the new cill is a bed.”

Step 1. A cat on the new cill.
Step 2. A scratch pad on the new cill.
Step 3. You are moving the scratch pad every day for the next three months.
Step 4. The customer says “you set it up wrong”.

The cill is 65mm deep, 2m off the ground and 40mm from a radiator. It is the best place in the house. The cat is correct.

🪟  fenora.pro  —  one record for the whole window job

#homeownerlife #homeimprovement #renovationuk #ukhomeowner #fenorapro #trending #explore #reelsinstagram #tradeslife #tradesmen #builderlife #skilledtrades #bluecollar #constructionuk #renovation #homeimprovement #diy #makestrends #fenestration","“The cat has decided the new cill is a bed.”

Step 1. A cat on the new cill.
Step 2. A scratch pad on the new cill.
Step 3. You are moving the scratch pad every day for the next three months.
Step 4. The customer says “you set it up wrong”.

The cill is 65mm deep, 2m off the ground and 40mm from a radiator. It is the best place in the house. The cat is correct.

🪟  fenora.pro  —  one record for the whole window job","“The cat has decided the new cill is a bed.”

Step 1. A cat on the new cill.
Step 2. A scratch pad on the new cill.
Step 3. You are moving the scratch pad every day for the next three months.
Step 4. The customer says “you set it up wrong”.

The cill is 65mm deep, 2m off the ground and 40mm from a radiator. It is the best place in the house. The cat is correct.

🪟  fenora.pro  —  one record for the whole window job","“The cat has decided the new cill is a bed.”

Step 1. A cat on the new cill.
Step 2. A scratch pad on the new cill.
Step 3. You are moving the scratch pad every day for the next three months.
Step 4. The customer says “you set it up wrong”.

The cill is 65mm deep, 2m off the ground and 40mm from a radiator. It is the best place in the house. The cat is correct.


— fenora.pro",,08:15,draft,,,,Customer Reality
CR-19,customer-reality,static,,“You’re the third lot today.”,"“You’re the third lot today.”

This is the moment you find out the last two did not turn up.

And now there are three windows worth of promises, two different measurement processes, one house and a customer who has stopped believing any of it.

Sometimes the third lot fixes it. Sometimes the third lot gets blamed for all three.",,,,"Photorealistic photograph of three white vans parked outside the same UK semi-detached house, a customer's face in the window watching, a tradesperson walking away, overcast light, quiet social commentary, documentary Photorealistic candid documentary photograph of a UK tradesperson at work, hi-vis and worn workwear, tools and laser measure in frame, overcast British daylight, van or scaffold hinted in background, slightly chaotic and real, not staged. Muted natural palette, 35mm, shallow depth of field. Absolutely no text, no captions, no logos, no watermarks, no UI overlays.",photo-trades,,"IG,FB,LI",customers,"“You’re the third lot today.”

“You’re the third lot today.”

This is the moment you find out the last two did not turn up.

And now there are three windows worth of promises, two different measurement processes, one house and a customer who has stopped believing any of it.

Sometimes the third lot fixes it. Sometimes the third lot gets blamed for all three.

🪟  fenora.pro  —  one record for the whole window job

#homeownerlife #homeimprovement #renovationuk #ukhomeowner #fenorapro #explore #reelsinstagram #tradeslife #tradesmen #builderlife #skilledtrades #bluecollar #constructionuk #renovation #homeimprovement #diy #makestrends #fenestration #glazing","“You’re the third lot today.”

“You’re the third lot today.”

This is the moment you find out the last two did not turn up.

And now there are three windows worth of promises, two different measurement processes, one house and a customer who has stopped believing any of it.

Sometimes the third lot fixes it. Sometimes the third lot gets blamed for all three.

🪟  fenora.pro  —  one record for the whole window job","“You’re the third lot today.”

“You’re the third lot today.”

This is the moment you find out the last two did not turn up.

And now there are three windows worth of promises, two different measurement processes, one house and a customer who has stopped believing any of it.

Sometimes the third lot fixes it. Sometimes the third lot gets blamed for all three.

🪟  fenora.pro  —  one record for the whole window job","“You’re the third lot today.”

This is the moment you find out the last two did not turn up.

And now there are three windows worth of promises, two different measurement processes, one house and a customer who has stopped believing any of it.

Sometimes the third lot fixes it. Sometimes the third lot gets blamed for all three.


— fenora.pro",,08:15,draft,,,,Customer Reality
CR-20,customer-reality,carousel,,“Can you just send me a spreadsheet?”,"Slide 1: “Can you just send me a spreadsheet?”

Slide 2: I send the spreadsheet.

Slide 3: They change a cell. And another. And then they send it back asking me to price it.

Slide 4: Then someone else in the house changes the dimensions and does not tell me.

Slide 5: Three weeks later I am building a window to a size that was never agreed, on a job that was quoted off a version of the file that no longer exists.

Slide 6: The spreadsheet was not the problem. The spreadsheet was always the problem.",No spreadsheets. One record. fenora.pro,No spreadsheets. One record. fenora.pro,"The spreadsheet is not a cheap version of quoting software. It is a shared mutable object with no version history, sitting at the centre of every job in the business.","Photorealistic overhead photograph of a heavily edited spreadsheet printout covered in handwritten arrows, corrections and asterisks, a laptop, a coffee cup and a pen, the file-name visible but unreadable, warm light, comic dread Photorealistic editorial photograph, UK domestic architecture, soft overcast British daylight, shot on 35mm, shallow depth of field, muted natural palette of slate grey, birch plywood, anthracite and warm oak. Documentary realism, not glossy advertising. Absolutely no text, no captions, no logos, no watermarks, no UI overlays.",photo-real,,"IG,FB,LI",customers,"“Can you just send me a spreadsheet?”

Slide 1: “Can you just send me a spreadsheet?”

Slide 2: I send the spreadsheet.

Slide 3: They change a cell. And another. And then they send it back asking me to price it.

Slide 4: Then someone else in the house changes the dimensions and does not tell me.

Slide 5: Three weeks later I am building a window to a size that was never agreed, on a job that was quoted off a version of the file that no longer exists.

Slide 6: The spreadsheet was not the problem. The spreadsheet was always the problem.

No spreadsheets. One record. fenora.pro

🪟  fenora.pro  —  one record for the whole window job

#homeownerlife #homeimprovement #renovationuk #ukhomeowner #fenorapro #reelsinstagram #tradeslife #tradesmen #builderlife #skilledtrades #bluecollar #constructionuk #renovation #homeimprovement #diy #makestrends #fenestration #glazing #joinery","“Can you just send me a spreadsheet?”

Slide 1: “Can you just send me a spreadsheet?”

Slide 2: I send the spreadsheet.

Slide 3: They change a cell. And another. And then they send it back asking me to price it.

Slide 4: Then someone else in the house changes the dimensions and does not tell me.

Slide 5: Three weeks later I am building a window to a size that was never agreed, on a job that was quoted off a version of the file that no longer exists.

Slide 6: The spreadsheet was not the problem. The spreadsheet was always the problem.

No spreadsheets. One record. fenora.pro

🪟  fenora.pro  —  one record for the whole window job","“Can you just send me a spreadsheet?”

Slide 1: “Can you just send me a spreadsheet?”

Slide 2: I send the spreadsheet.

Slide 3: They change a cell. And another. And then they send it back asking me to price it.

Slide 4: Then someone else in the house changes the dimensions and does not tell me.

Slide 5: Three weeks later I am building a window to a size that was never agreed, on a job that was quoted off a version of the file that no longer exists.

Slide 6: The spreadsheet was not the problem. The spreadsheet was always the problem.

No spreadsheets. One record. fenora.pro

🪟  fenora.pro  —  one record for the whole window job","The spreadsheet is not a cheap version of quoting software. It is a shared mutable object with no version history, sitting at the centre of every job in the business.

1. “Can you just send me a spreadsheet?”

2. I send the spreadsheet.

3. They change a cell. And another. And then they send it back asking me to price it.

4. Then someone else in the house changes the dimensions and does not tell me.

5. Three weeks later I am building a window to a size that was never agreed, on a job that was quoted off a version of the file that no longer exists.

6. The spreadsheet was not the problem. The spreadsheet was always the problem.

No spreadsheets. One record. fenora.pro


— fenora.pro",,08:15,draft,,,,Customer Reality
PL-01,planning,static,,“Replacement of uPVC windows with uPVC windows.”,"Applicant: Mr and Mrs Ahmed.
Proposal: replacement of uPVC windows and doors with uPVC windows and doors.
Applicant’s Reason: “to improve the appearance of the property.”

No works. No change. Same material, same colour, same opening method.

The most filed planning application in the history of Kent, and it is still, somehow, a job.",Find these before anyone else does. fenora.pro/job-finder,Find these before anyone else does. fenora.pro/job-finder,,"Photorealistic photograph of a typical UK semi-detached house with new white uPVC windows, a brown envelope of paperwork and a phone displaying a planning portal page on the doorstep, sober and dryly funny, flat daylight Photorealistic editorial photograph, UK domestic architecture, soft overcast British daylight, shot on 35mm, shallow depth of field, muted natural palette of slate grey, birch plywood, anthracite and warm oak. Documentary realism, not glossy advertising. Absolutely no text, no captions, no logos, no watermarks, no UI overlays.",photo-real,,"IG,FB,LI",planning,"“Replacement of uPVC windows with uPVC windows.”

Applicant: Mr and Mrs Ahmed.
Proposal: replacement of uPVC windows and doors with uPVC windows and doors.
Applicant’s Reason: “to improve the appearance of the property.”

No works. No change. Same material, same colour, same opening method.

The most filed planning application in the history of Kent, and it is still, somehow, a job.

Find these before anyone else does. fenora.pro/job-finder

🪟  fenora.pro  —  one record for the whole window job

#planningpermission #planningapplication #conservationarea #listedbuilding #fenorapro #tradesmen #builderlife #skilledtrades #bluecollar #constructionuk #renovation #homeimprovement #diy #makestrends #fenestration #glazing #joinery #doubleglazing #windows","“Replacement of uPVC windows with uPVC windows.”

Applicant: Mr and Mrs Ahmed.
Proposal: replacement of uPVC windows and doors with uPVC windows and doors.
Applicant’s Reason: “to improve the appearance of the property.”

No works. No change. Same material, same colour, same opening method.

The most filed planning application in the history of Kent, and it is still, somehow, a job.

Find these before anyone else does. fenora.pro/job-finder

🪟  fenora.pro  —  one record for the whole window job","“Replacement of uPVC windows with uPVC windows.”

Applicant: Mr and Mrs Ahmed.
Proposal: replacement of uPVC windows and doors with uPVC windows and doors.
Applicant’s Reason: “to improve the appearance of the property.”

No works. No change. Same material, same colour, same opening method.

The most filed planning application in the history of Kent, and it is still, somehow, a job.

Find these before anyone else does. fenora.pro/job-finder

🪟  fenora.pro  —  one record for the whole window job","“Replacement of uPVC windows with uPVC windows.”

Applicant: Mr and Mrs Ahmed.
Proposal: replacement of uPVC windows and doors with uPVC windows and doors.
Applicant’s Reason: “to improve the appearance of the property.”

No works. No change. Same material, same colour, same opening method.

The most filed planning application in the history of Kent, and it is still, somehow, a job.

Find these before anyone else does. fenora.pro/job-finder


— fenora.pro",,08:15,draft,,,,Planning Apps
PL-02,planning,reel,,“Alterations to the front elevation comprising replacement fenestration”,"“ALTERATIONS TO THE FRONT ELEVATION COMPRISING REPLACEMENT FENESTRATION.”

Read that on a planning portal at 10pm and tell me you do not need a translation.

“Hi. We’d like to replace some windows. Front of house. There are windows.”

That application is four years old. It has a case officer, a consultee, a decision notice and a set of approved drawings. And it is a straightforward, well-specified, confident job for somebody with the right eyes on it.","Search, filter, and turn the application into a lead. fenora.pro","Search, filter, and turn the application into a lead. fenora.pro",,"Photorealistic 9:16 shot of a laptop on a dark desk displaying a dense planning document with a highlighted line, a cold coffee, a notebook, the glow of the screen, late-night research mood, moody and serious Clean product photograph of a modern desktop software interface floating at a slight angle, dark charcoal UI with orange accent, crisp data tables and technical window drawings, soft neutral studio background with realistic reflections and shadow. Abstract unreadable micro-text only. No legible words, no logos, no watermarks.",screen-mock,9:16,"IG,FB,LI",planning,"“Alterations to the front elevation comprising replacement fenestration”

“ALTERATIONS TO THE FRONT ELEVATION COMPRISING REPLACEMENT FENESTRATION.”

Read that on a planning portal at 10pm and tell me you do not need a translation.

“Hi. We’d like to replace some windows. Front of house. There are windows.”

That application is four years old. It has a case officer, a consultee, a decision notice and a set of approved drawings. And it is a straightforward, well-specified, confident job for somebody with the right eyes on it.

Search, filter, and turn the application into a lead. fenora.pro

🪟  fenora.pro  —  one record for the whole window job

#planningpermission #planningapplication #conservationarea #listedbuilding #fenorapro #builderlife #skilledtrades #bluecollar #constructionuk #renovation #homeimprovement #diy #makestrends #fenestration #glazing #joinery #doubleglazing #windows #fyp","“Alterations to the front elevation comprising replacement fenestration”

“ALTERATIONS TO THE FRONT ELEVATION COMPRISING REPLACEMENT FENESTRATION.”

Read that on a planning portal at 10pm and tell me you do not need a translation.

“Hi. We’d like to replace some windows. Front of house. There are windows.”

That application is four years old. It has a case officer, a consultee, a decision notice and a set of approved drawings. And it is a straightforward, well-specified, confident job for somebody with the right eyes on it.

Search, filter, and turn the application into a lead. fenora.pro

🪟  fenora.pro  —  one record for the whole window job","“Alterations to the front elevation comprising replacement fenestration”

“ALTERATIONS TO THE FRONT ELEVATION COMPRISING REPLACEMENT FENESTRATION.”

Read that on a planning portal at 10pm and tell me you do not need a translation.

“Hi. We’d like to replace some windows. Front of house. There are windows.”

That application is four years old. It has a case officer, a consultee, a decision notice and a set of approved drawings. And it is a straightforward, well-specified, confident job for somebody with the right eyes on it.

Search, filter, and turn the application into a lead. fenora.pro

🪟  fenora.pro  —  one record for the whole window job","“Alterations to the front elevation comprising replacement fenestration”

Read that on a planning portal at 10pm and tell me you do not need a translation.

“Hi. We’d like to replace some windows. Front of house. There are windows.”

That application is four years old. It has a case officer, a consultee, a decision notice and a set of approved drawings. And it is a straightforward, well-specified, confident job for somebody with the right eyes on it.

Search, filter, and turn the application into a lead. fenora.pro


— fenora.pro",,08:15,draft,,,,Planning Apps
PL-03,planning,static,,“Accepted in principle.”,"“The application is acceptable in principle subject to…”

And then there is a list of six things, and one of them is that you must demonstrate by written justification that slim-profile uPVC is acceptable in place of the original crittal windows, which takes eleven paragraphs and a photo of a window on a street four miles away.

You are now selling a window and writing a heritage statement. There is no training for this. This is just Tuesday.",,,,"Photorealistic photograph of a Victorian UK terraced house in a conservation area, a planning officer's report pinned to a board beside it, an old Crittall window on the neighbouring property, overcast light, dry and observational Photorealistic editorial photograph, UK domestic architecture, soft overcast British daylight, shot on 35mm, shallow depth of field, muted natural palette of slate grey, birch plywood, anthracite and warm oak. Documentary realism, not glossy advertising. Absolutely no text, no captions, no logos, no watermarks, no UI overlays.",photo-real,,"IG,FB,LI",planning,"“Accepted in principle.”

“The application is acceptable in principle subject to…”

And then there is a list of six things, and one of them is that you must demonstrate by written justification that slim-profile uPVC is acceptable in place of the original crittal windows, which takes eleven paragraphs and a photo of a window on a street four miles away.

You are now selling a window and writing a heritage statement. There is no training for this. This is just Tuesday.

🪟  fenora.pro  —  one record for the whole window job

#planningpermission #planningapplication #conservationarea #listedbuilding #fenorapro #skilledtrades #bluecollar #constructionuk #renovation #homeimprovement #diy #makestrends #fenestration #glazing #joinery #doubleglazing #windows #fyp #reels","“Accepted in principle.”

“The application is acceptable in principle subject to…”

And then there is a list of six things, and one of them is that you must demonstrate by written justification that slim-profile uPVC is acceptable in place of the original crittal windows, which takes eleven paragraphs and a photo of a window on a street four miles away.

You are now selling a window and writing a heritage statement. There is no training for this. This is just Tuesday.

🪟  fenora.pro  —  one record for the whole window job","“Accepted in principle.”

“The application is acceptable in principle subject to…”

And then there is a list of six things, and one of them is that you must demonstrate by written justification that slim-profile uPVC is acceptable in place of the original crittal windows, which takes eleven paragraphs and a photo of a window on a street four miles away.

You are now selling a window and writing a heritage statement. There is no training for this. This is just Tuesday.

🪟  fenora.pro  —  one record for the whole window job","“Accepted in principle.”

“The application is acceptable in principle subject to…”

And then there is a list of six things, and one of them is that you must demonstrate by written justification that slim-profile uPVC is acceptable in place of the original crittal windows, which takes eleven paragraphs and a photo of a window on a street four miles away.

You are now selling a window and writing a heritage statement. There is no training for this. This is just Tuesday.


— fenora.pro",,08:15,draft,,,,Planning Apps
PL-04,planning,carousel,,What Article 4 actually does (in a way nobody explains it),"Slide 1: Normally, in England, replacing windows in a house is permitted development. No permission. Just do it.

Slide 2: Article 4 takes that right away from you in a specific direction — usually the front — usually to protect a view.

Slide 3: In a conservation area the same applies, and in Scotland since May 2024, prior notification applies to a lot of listed and street-facing windows.

Slide 4: On a listed building you need listed building consent and uPVC is basically never acceptable.

Slide 5: The mistake: finding out all of this after you have surveyed, specified and quoted.","Conservation area, Article 4 and listed status, flagged before you knock. fenora.pro","Conservation area, Article 4 and listed status, flagged before you knock. fenora.pro",,"Photorealistic photograph of a UK conservation area streetscape with Georgian terraces, a red-bordered conservation area sign visible, overcast light, documentary, understated Photorealistic editorial photograph, UK domestic architecture, soft overcast British daylight, shot on 35mm, shallow depth of field, muted natural palette of slate grey, birch plywood, anthracite and warm oak. Documentary realism, not glossy advertising. Absolutely no text, no captions, no logos, no watermarks, no UI overlays.",photo-real,,"IG,FB,LI",planning,"What Article 4 actually does (in a way nobody explains it)

Slide 1: Normally, in England, replacing windows in a house is permitted development. No permission. Just do it.

Slide 2: Article 4 takes that right away from you in a specific direction — usually the front — usually to protect a view.

Slide 3: In a conservation area the same applies, and in Scotland since May 2024, prior notification applies to a lot of listed and street-facing windows.

Slide 4: On a listed building you need listed building consent and uPVC is basically never acceptable.

Slide 5: The mistake: finding out all of this after you have surveyed, specified and quoted.

Conservation area, Article 4 and listed status, flagged before you knock. fenora.pro

🪟  fenora.pro  —  one record for the whole window job

#planningpermission #planningapplication #conservationarea #listedbuilding #fenorapro #bluecollar #constructionuk #renovation #homeimprovement #diy #makestrends #fenestration #glazing #joinery #doubleglazing #windows #fyp #reels #viral","What Article 4 actually does (in a way nobody explains it)

Slide 1: Normally, in England, replacing windows in a house is permitted development. No permission. Just do it.

Slide 2: Article 4 takes that right away from you in a specific direction — usually the front — usually to protect a view.

Slide 3: In a conservation area the same applies, and in Scotland since May 2024, prior notification applies to a lot of listed and street-facing windows.

Slide 4: On a listed building you need listed building consent and uPVC is basically never acceptable.

Slide 5: The mistake: finding out all of this after you have surveyed, specified and quoted.

Conservation area, Article 4 and listed status, flagged before you knock. fenora.pro

🪟  fenora.pro  —  one record for the whole window job","What Article 4 actually does (in a way nobody explains it)

Slide 1: Normally, in England, replacing windows in a house is permitted development. No permission. Just do it.

Slide 2: Article 4 takes that right away from you in a specific direction — usually the front — usually to protect a view.

Slide 3: In a conservation area the same applies, and in Scotland since May 2024, prior notification applies to a lot of listed and street-facing windows.

Slide 4: On a listed building you need listed building consent and uPVC is basically never acceptable.

Slide 5: The mistake: finding out all of this after you have surveyed, specified and quoted.

Conservation area, Article 4 and listed status, flagged before you knock. fenora.pro

🪟  fenora.pro  —  one record for the whole window job","What Article 4 actually does (in a way nobody explains it)

1. Normally, in England, replacing windows in a house is permitted development. No permission. Just do it.

2. Article 4 takes that right away from you in a specific direction — usually the front — usually to protect a view.

3. In a conservation area the same applies, and in Scotland since May 2024, prior notification applies to a lot of listed and street-facing windows.

4. On a listed building you need listed building consent and uPVC is basically never acceptable.

5. The mistake: finding out all of this after you have surveyed, specified and quoted.

Conservation area, Article 4 and listed status, flagged before you knock. fenora.pro


— fenora.pro",,08:15,draft,,,,Planning Apps
PL-05,planning,static,,The garage. It was never a garage.,"Description of development: CHANGE OF USE FROM GARAGE TO WORKSHOP.

Plans: nine casement windows, a door, a concrete floor, a power supply, an extractor and, in the applicant’s own supporting statement, “a space for the grandchildren.”

You are quoting a conservatory, a workshop, a gym, a home cinema, a man cave, a dog room and a granny annexe. They are all the same nine casement windows and they are all in the same application.",,,,"Photorealistic photograph of a brick UK detached garage with nine new timber casement windows installed and a normal domestic car in front, slightly absurd contrast, a planning notice taped to the door, overcast light, dry humour Photorealistic editorial photograph, UK domestic architecture, soft overcast British daylight, shot on 35mm, shallow depth of field, muted natural palette of slate grey, birch plywood, anthracite and warm oak. Documentary realism, not glossy advertising. Absolutely no text, no captions, no logos, no watermarks, no UI overlays.",photo-real,,"IG,FB,LI",planning,"The garage. It was never a garage.

Description of development: CHANGE OF USE FROM GARAGE TO WORKSHOP.

Plans: nine casement windows, a door, a concrete floor, a power supply, an extractor and, in the applicant’s own supporting statement, “a space for the grandchildren.”

You are quoting a conservatory, a workshop, a gym, a home cinema, a man cave, a dog room and a granny annexe. They are all the same nine casement windows and they are all in the same application.

🪟  fenora.pro  —  one record for the whole window job

#planningpermission #planningapplication #conservationarea #listedbuilding #fenorapro #constructionuk #renovation #homeimprovement #diy #makestrends #fenestration #glazing #joinery #doubleglazing #windows #fyp #reels #viral #trending","The garage. It was never a garage.

Description of development: CHANGE OF USE FROM GARAGE TO WORKSHOP.

Plans: nine casement windows, a door, a concrete floor, a power supply, an extractor and, in the applicant’s own supporting statement, “a space for the grandchildren.”

You are quoting a conservatory, a workshop, a gym, a home cinema, a man cave, a dog room and a granny annexe. They are all the same nine casement windows and they are all in the same application.

🪟  fenora.pro  —  one record for the whole window job","The garage. It was never a garage.

Description of development: CHANGE OF USE FROM GARAGE TO WORKSHOP.

Plans: nine casement windows, a door, a concrete floor, a power supply, an extractor and, in the applicant’s own supporting statement, “a space for the grandchildren.”

You are quoting a conservatory, a workshop, a gym, a home cinema, a man cave, a dog room and a granny annexe. They are all the same nine casement windows and they are all in the same application.

🪟  fenora.pro  —  one record for the whole window job","The garage. It was never a garage.

Description of development: CHANGE OF USE FROM GARAGE TO WORKSHOP.

Plans: nine casement windows, a door, a concrete floor, a power supply, an extractor and, in the applicant’s own supporting statement, “a space for the grandchildren.”

You are quoting a conservatory, a workshop, a gym, a home cinema, a man cave, a dog room and a granny annexe. They are all the same nine casement windows and they are all in the same application.


— fenora.pro",,08:15,draft,,,,Planning Apps
PL-06,planning,static,,The neighbour objected about the colour.,"The neighbour objected about the colour.

Not the overlooking bathroom. Not the extra storey. Not the 6 metres of cladding on the gable. The colour.

The case officer spent nine paragraphs dismissing the overlooking objection in one sentence and nine more on whether ‘anthracite grey’ was acceptable when the application said ‘dark grey’ and the planning portal renders it as ‘charcoal’.

This is a real and recurring feature of UK planning and it is extremely funny and it generates real work.",,,,"Photorealistic photograph of a stack of official planning correspondence documents and a colour swatch fan on a desk, a small model of a house visible, archival and dry, warm desk lamp light, slightly absurd Photorealistic editorial photograph, UK domestic architecture, soft overcast British daylight, shot on 35mm, shallow depth of field, muted natural palette of slate grey, birch plywood, anthracite and warm oak. Documentary realism, not glossy advertising. Absolutely no text, no captions, no logos, no watermarks, no UI overlays.",photo-real,,"IG,FB,LI",planning,"The neighbour objected about the colour.

The neighbour objected about the colour.

Not the overlooking bathroom. Not the extra storey. Not the 6 metres of cladding on the gable. The colour.

The case officer spent nine paragraphs dismissing the overlooking objection in one sentence and nine more on whether ‘anthracite grey’ was acceptable when the application said ‘dark grey’ and the planning portal renders it as ‘charcoal’.

This is a real and recurring feature of UK planning and it is extremely funny and it generates real work.

🪟  fenora.pro  —  one record for the whole window job

#planningpermission #planningapplication #conservationarea #listedbuilding #fenorapro #renovation #homeimprovement #diy #makestrends #fenestration #glazing #joinery #doubleglazing #windows #fyp #reels #viral #trending #explore","The neighbour objected about the colour.

The neighbour objected about the colour.

Not the overlooking bathroom. Not the extra storey. Not the 6 metres of cladding on the gable. The colour.

The case officer spent nine paragraphs dismissing the overlooking objection in one sentence and nine more on whether ‘anthracite grey’ was acceptable when the application said ‘dark grey’ and the planning portal renders it as ‘charcoal’.

This is a real and recurring feature of UK planning and it is extremely funny and it generates real work.

🪟  fenora.pro  —  one record for the whole window job","The neighbour objected about the colour.

The neighbour objected about the colour.

Not the overlooking bathroom. Not the extra storey. Not the 6 metres of cladding on the gable. The colour.

The case officer spent nine paragraphs dismissing the overlooking objection in one sentence and nine more on whether ‘anthracite grey’ was acceptable when the application said ‘dark grey’ and the planning portal renders it as ‘charcoal’.

This is a real and recurring feature of UK planning and it is extremely funny and it generates real work.

🪟  fenora.pro  —  one record for the whole window job","The neighbour objected about the colour.

Not the overlooking bathroom. Not the extra storey. Not the 6 metres of cladding on the gable. The colour.

The case officer spent nine paragraphs dismissing the overlooking objection in one sentence and nine more on whether ‘anthracite grey’ was acceptable when the application said ‘dark grey’ and the planning portal renders it as ‘charcoal’.

This is a real and recurring feature of UK planning and it is extremely funny and it generates real work.


— fenora.pro",,08:15,draft,,,,Planning Apps
PL-07,planning,static,,"Nine casements, single storey, 11 weeks of work.","SINGLE STOREY REAR EXTENSION.

Planning application.
Approved in principle.
Conditions attached — material samples, drainage strategy, a revised roof plan and a landscape scheme.
Construction draws issued, then revised, then reissued.
Building regulations, then a building notice, then a completion certificate, then FENSA, then a warranty, then a final inspection with the inspector who says “I’ve never actually seen it before.”

The windows were signed off in week three.",,,,"Photorealistic photograph of a large stack of official planning and building regulation documents bound with a bulldog clip, sitting on top of a technical drawing of a house extension, a hand reaching in on the right, archival and administrative Photorealistic editorial photograph, UK domestic architecture, soft overcast British daylight, shot on 35mm, shallow depth of field, muted natural palette of slate grey, birch plywood, anthracite and warm oak. Documentary realism, not glossy advertising. Absolutely no text, no captions, no logos, no watermarks, no UI overlays.",photo-real,,"IG,FB,LI",planning,"Nine casements, single storey, 11 weeks of work.

SINGLE STOREY REAR EXTENSION.

Planning application.
Approved in principle.
Conditions attached — material samples, drainage strategy, a revised roof plan and a landscape scheme.
Construction draws issued, then revised, then reissued.
Building regulations, then a building notice, then a completion certificate, then FENSA, then a warranty, then a final inspection with the inspector who says “I’ve never actually seen it before.”

The windows were signed off in week three.

🪟  fenora.pro  —  one record for the whole window job

#planningpermission #planningapplication #conservationarea #listedbuilding #fenorapro #homeimprovement #diy #makestrends #fenestration #glazing #joinery #doubleglazing #windows #fyp #reels #viral #trending #explore #reelsinstagram","Nine casements, single storey, 11 weeks of work.

SINGLE STOREY REAR EXTENSION.

Planning application.
Approved in principle.
Conditions attached — material samples, drainage strategy, a revised roof plan and a landscape scheme.
Construction draws issued, then revised, then reissued.
Building regulations, then a building notice, then a completion certificate, then FENSA, then a warranty, then a final inspection with the inspector who says “I’ve never actually seen it before.”

The windows were signed off in week three.

🪟  fenora.pro  —  one record for the whole window job","Nine casements, single storey, 11 weeks of work.

SINGLE STOREY REAR EXTENSION.

Planning application.
Approved in principle.
Conditions attached — material samples, drainage strategy, a revised roof plan and a landscape scheme.
Construction draws issued, then revised, then reissued.
Building regulations, then a building notice, then a completion certificate, then FENSA, then a warranty, then a final inspection with the inspector who says “I’ve never actually seen it before.”

The windows were signed off in week three.

🪟  fenora.pro  —  one record for the whole window job","Nine casements, single storey, 11 weeks of work.

SINGLE STOREY REAR EXTENSION.

Planning application.
Approved in principle.
Conditions attached — material samples, drainage strategy, a revised roof plan and a landscape scheme.
Construction draws issued, then revised, then reissued.
Building regulations, then a building notice, then a completion certificate, then FENSA, then a warranty, then a final inspection with the inspector who says “I’ve never actually seen it before.”

The windows were signed off in week three.


— fenora.pro",,08:15,draft,,,,Planning Apps
PL-08,planning,static,,“The surveyor is not the planner.”,"The building surveyor says the proposed opening is fine.
The planner says the proposed opening is fine.
The council’s conservation officer says the proposed opening is fine but the material is not.
The applicant says the surveyor told them it was fine.

Three professionals, three documents, four months, one window.

Nobody in this chain has ever met another member of the chain.",,,,"Photorealistic photograph of a corkboard of pinned notes, emails, printed drawings and post-it notes connected by red string between rooms, a stopwatch, a sense of stalled bureaucracy, office light, comic conspiracy energy Photorealistic editorial photograph, UK domestic architecture, soft overcast British daylight, shot on 35mm, shallow depth of field, muted natural palette of slate grey, birch plywood, anthracite and warm oak. Documentary realism, not glossy advertising. Absolutely no text, no captions, no logos, no watermarks, no UI overlays.",photo-real,,"IG,FB,LI",planning,"“The surveyor is not the planner.”

The building surveyor says the proposed opening is fine.
The planner says the proposed opening is fine.
The council’s conservation officer says the proposed opening is fine but the material is not.
The applicant says the surveyor told them it was fine.

Three professionals, three documents, four months, one window.

Nobody in this chain has ever met another member of the chain.

🪟  fenora.pro  —  one record for the whole window job

#planningpermission #planningapplication #conservationarea #listedbuilding #fenorapro #diy #makestrends #fenestration #glazing #joinery #doubleglazing #windows #fyp #reels #viral #trending #explore #reelsinstagram #tradeslife","“The surveyor is not the planner.”

The building surveyor says the proposed opening is fine.
The planner says the proposed opening is fine.
The council’s conservation officer says the proposed opening is fine but the material is not.
The applicant says the surveyor told them it was fine.

Three professionals, three documents, four months, one window.

Nobody in this chain has ever met another member of the chain.

🪟  fenora.pro  —  one record for the whole window job","“The surveyor is not the planner.”

The building surveyor says the proposed opening is fine.
The planner says the proposed opening is fine.
The council’s conservation officer says the proposed opening is fine but the material is not.
The applicant says the surveyor told them it was fine.

Three professionals, three documents, four months, one window.

Nobody in this chain has ever met another member of the chain.

🪟  fenora.pro  —  one record for the whole window job","“The surveyor is not the planner.”

The building surveyor says the proposed opening is fine.
The planner says the proposed opening is fine.
The council’s conservation officer says the proposed opening is fine but the material is not.
The applicant says the surveyor told them it was fine.

Three professionals, three documents, four months, one window.

Nobody in this chain has ever met another member of the chain.


— fenora.pro",,08:15,draft,,,,Planning Apps
PL-09,planning,carousel,,Planning application types that mean a window job,"Slide 1: HOUSEHOLDER APPLICATION — one for windows, a shed, a fence and a conservatory all in one.

Slide 2: FULL PLANNING — extension, loft, wraparound, nine casements minimum.

Slide 3: LISTED BUILDING CONSENT — timber or nothing, and a fight.

Slide 4: CONSERVATION AREA — check the Article 4 map, not the conservation area map. They are not the same map.

Slide 5: OUTBUILDING — garage, workshop, garden room, same windows.

Slide 6: CHANGE OF USE — same windows, entirely different job.","All five, filtered to window work, in your patch. fenora.pro/job-finder","All five, filtered to window work, in your patch. fenora.pro/job-finder",,"Photorealistic aerial photograph of a UK residential street with four different houses in various states of building work, scaffolding, an extension frame, a skip, a conservatory frame, grey weather, warm lit windows, cadastral and tidy Photorealistic editorial photograph, UK domestic architecture, soft overcast British daylight, shot on 35mm, shallow depth of field, muted natural palette of slate grey, birch plywood, anthracite and warm oak. Documentary realism, not glossy advertising. Absolutely no text, no captions, no logos, no watermarks, no UI overlays.",photo-real,,"IG,FB,LI",planning,"Planning application types that mean a window job

Slide 1: HOUSEHOLDER APPLICATION — one for windows, a shed, a fence and a conservatory all in one.

Slide 2: FULL PLANNING — extension, loft, wraparound, nine casements minimum.

Slide 3: LISTED BUILDING CONSENT — timber or nothing, and a fight.

Slide 4: CONSERVATION AREA — check the Article 4 map, not the conservation area map. They are not the same map.

Slide 5: OUTBUILDING — garage, workshop, garden room, same windows.

Slide 6: CHANGE OF USE — same windows, entirely different job.

All five, filtered to window work, in your patch. fenora.pro/job-finder

🪟  fenora.pro  —  one record for the whole window job

#planningpermission #planningapplication #conservationarea #listedbuilding #fenorapro #makestrends #fenestration #glazing #joinery #doubleglazing #windows #fyp #reels #viral #trending #explore #reelsinstagram #tradeslife #tradesmen","Planning application types that mean a window job

Slide 1: HOUSEHOLDER APPLICATION — one for windows, a shed, a fence and a conservatory all in one.

Slide 2: FULL PLANNING — extension, loft, wraparound, nine casements minimum.

Slide 3: LISTED BUILDING CONSENT — timber or nothing, and a fight.

Slide 4: CONSERVATION AREA — check the Article 4 map, not the conservation area map. They are not the same map.

Slide 5: OUTBUILDING — garage, workshop, garden room, same windows.

Slide 6: CHANGE OF USE — same windows, entirely different job.

All five, filtered to window work, in your patch. fenora.pro/job-finder

🪟  fenora.pro  —  one record for the whole window job","Planning application types that mean a window job

Slide 1: HOUSEHOLDER APPLICATION — one for windows, a shed, a fence and a conservatory all in one.

Slide 2: FULL PLANNING — extension, loft, wraparound, nine casements minimum.

Slide 3: LISTED BUILDING CONSENT — timber or nothing, and a fight.

Slide 4: CONSERVATION AREA — check the Article 4 map, not the conservation area map. They are not the same map.

Slide 5: OUTBUILDING — garage, workshop, garden room, same windows.

Slide 6: CHANGE OF USE — same windows, entirely different job.

All five, filtered to window work, in your patch. fenora.pro/job-finder

🪟  fenora.pro  —  one record for the whole window job","Planning application types that mean a window job

1. HOUSEHOLDER APPLICATION — one for windows, a shed, a fence and a conservatory all in one.

2. FULL PLANNING — extension, loft, wraparound, nine casements minimum.

3. LISTED BUILDING CONSENT — timber or nothing, and a fight.

4. CONSERVATION AREA — check the Article 4 map, not the conservation area map. They are not the same map.

5. OUTBUILDING — garage, workshop, garden room, same windows.

6. CHANGE OF USE — same windows, entirely different job.

All five, filtered to window work, in your patch. fenora.pro/job-finder


— fenora.pro",,08:15,draft,,,,Planning Apps
PL-10,planning,static,,The houseboat counts. People forget that.,"Houseboats count.
Conservatories count.
Bungalows count.
Coach houses count.
Loft conversions count.
Garage conversions count.
Studios in the garden count.

About a fifth of the window work happening in a given town is happening in buildings that are not houses, and none of them come through a normal sales pipeline because nobody rings a window company about a boat.",,,,"Photorealistic photograph of a narrowboat on a UK canal with newly fitted timber casement windows and a bow door, painted black and green, moored, reflections, golden hour, picturesque and practical Photorealistic editorial photograph, UK domestic architecture, soft overcast British daylight, shot on 35mm, shallow depth of field, muted natural palette of slate grey, birch plywood, anthracite and warm oak. Documentary realism, not glossy advertising. Absolutely no text, no captions, no logos, no watermarks, no UI overlays.",photo-real,,"IG,FB,LI",planning,"The houseboat counts. People forget that.

Houseboats count.
Conservatories count.
Bungalows count.
Coach houses count.
Loft conversions count.
Garage conversions count.
Studios in the garden count.

About a fifth of the window work happening in a given town is happening in buildings that are not houses, and none of them come through a normal sales pipeline because nobody rings a window company about a boat.

🪟  fenora.pro  —  one record for the whole window job

#planningpermission #planningapplication #conservationarea #listedbuilding #fenorapro #fenestration #glazing #joinery #doubleglazing #windows #fyp #reels #viral #trending #explore #reelsinstagram #tradeslife #tradesmen #builderlife","The houseboat counts. People forget that.

Houseboats count.
Conservatories count.
Bungalows count.
Coach houses count.
Loft conversions count.
Garage conversions count.
Studios in the garden count.

About a fifth of the window work happening in a given town is happening in buildings that are not houses, and none of them come through a normal sales pipeline because nobody rings a window company about a boat.

🪟  fenora.pro  —  one record for the whole window job","The houseboat counts. People forget that.

Houseboats count.
Conservatories count.
Bungalows count.
Coach houses count.
Loft conversions count.
Garage conversions count.
Studios in the garden count.

About a fifth of the window work happening in a given town is happening in buildings that are not houses, and none of them come through a normal sales pipeline because nobody rings a window company about a boat.

🪟  fenora.pro  —  one record for the whole window job","The houseboat counts. People forget that.

Houseboats count.
Conservatories count.
Bungalows count.
Coach houses count.
Loft conversions count.
Garage conversions count.
Studios in the garden count.

About a fifth of the window work happening in a given town is happening in buildings that are not houses, and none of them come through a normal sales pipeline because nobody rings a window company about a boat.


— fenora.pro",,08:15,draft,,,,Planning Apps
PL-11,planning,static,,The barn conversion nobody will pay for.,"Change of use: agricultural barn to residential dwelling.

The planning gets granted. The building regulations get involved. The structural engineer says the roof needs work. The floor needs work. The wall insulation needs work. The moisture open-up of 1.2 metres into the gable end has to be coordinated with the fitter or the new window sits in a bucket.

Two years of work, one window in the middle of it, and the window is usually the only line the customer quotes out loud.",,,,"Photorealistic photograph of a large converted UK agricultural barn with new timber windows in the roof and wall, a cow lintel, large steel trusses, dust and scaffolding, big open interior with a person in a hi-vis standing small in the frame, dramatic scale Photorealistic editorial photograph, UK domestic architecture, soft overcast British daylight, shot on 35mm, shallow depth of field, muted natural palette of slate grey, birch plywood, anthracite and warm oak. Documentary realism, not glossy advertising. Absolutely no text, no captions, no logos, no watermarks, no UI overlays.",photo-real,,"IG,FB,LI",planning,"The barn conversion nobody will pay for.

Change of use: agricultural barn to residential dwelling.

The planning gets granted. The building regulations get involved. The structural engineer says the roof needs work. The floor needs work. The wall insulation needs work. The moisture open-up of 1.2 metres into the gable end has to be coordinated with the fitter or the new window sits in a bucket.

Two years of work, one window in the middle of it, and the window is usually the only line the customer quotes out loud.

🪟  fenora.pro  —  one record for the whole window job

#planningpermission #planningapplication #conservationarea #listedbuilding #fenorapro #glazing #joinery #doubleglazing #windows #fyp #reels #viral #trending #explore #reelsinstagram #tradeslife #tradesmen #builderlife #skilledtrades","The barn conversion nobody will pay for.

Change of use: agricultural barn to residential dwelling.

The planning gets granted. The building regulations get involved. The structural engineer says the roof needs work. The floor needs work. The wall insulation needs work. The moisture open-up of 1.2 metres into the gable end has to be coordinated with the fitter or the new window sits in a bucket.

Two years of work, one window in the middle of it, and the window is usually the only line the customer quotes out loud.

🪟  fenora.pro  —  one record for the whole window job","The barn conversion nobody will pay for.

Change of use: agricultural barn to residential dwelling.

The planning gets granted. The building regulations get involved. The structural engineer says the roof needs work. The floor needs work. The wall insulation needs work. The moisture open-up of 1.2 metres into the gable end has to be coordinated with the fitter or the new window sits in a bucket.

Two years of work, one window in the middle of it, and the window is usually the only line the customer quotes out loud.

🪟  fenora.pro  —  one record for the whole window job","The barn conversion nobody will pay for.

Change of use: agricultural barn to residential dwelling.

The planning gets granted. The building regulations get involved. The structural engineer says the roof needs work. The floor needs work. The wall insulation needs work. The moisture open-up of 1.2 metres into the gable end has to be coordinated with the fitter or the new window sits in a bucket.

Two years of work, one window in the middle of it, and the window is usually the only line the customer quotes out loud.


— fenora.pro",,08:15,draft,,,,Planning Apps
PL-12,planning,reel,,“Removal of the conservatory to form a single storey extension”,"THE CONSERVATORY IS NOT A CONSERVATORY.

It was an extension with no foundations, no insulation and no planning permission, built in 1993 out of uPVC and optimism.

And the application to replace it reads: “REMOVAL OF THE CONSERVATORY TO FORM A SINGLE STOREY EXTENSION.”

Underneath that sentence is the easiest nine-window job in the county, because the shell is already there and the ground floor is already high.

Read the description. That is where the money is.","Planning search, filtered to window work. fenora.pro/job-finder","Planning search, filtered to window work. fenora.pro/job-finder",,"Photorealistic 9:16 shot of a UK rear elevation with a white uPVC conservatory attached to a brick house, sunlight glinting off it, a view through to a dark scruffy extension beyond, sky and rain clouds, slightly melancholy and cinematic Photorealistic editorial photograph, UK domestic architecture, soft overcast British daylight, shot on 35mm, shallow depth of field, muted natural palette of slate grey, birch plywood, anthracite and warm oak. Documentary realism, not glossy advertising. Absolutely no text, no captions, no logos, no watermarks, no UI overlays.",photo-real,9:16,"IG,FB,LI",planning,"“Removal of the conservatory to form a single storey extension”

THE CONSERVATORY IS NOT A CONSERVATORY.

It was an extension with no foundations, no insulation and no planning permission, built in 1993 out of uPVC and optimism.

And the application to replace it reads: “REMOVAL OF THE CONSERVATORY TO FORM A SINGLE STOREY EXTENSION.”

Underneath that sentence is the easiest nine-window job in the county, because the shell is already there and the ground floor is already high.

Read the description. That is where the money is.

Planning search, filtered to window work. fenora.pro/job-finder

🪟  fenora.pro  —  one record for the whole window job

#planningpermission #planningapplication #conservationarea #listedbuilding #fenorapro #joinery #doubleglazing #windows #fyp #reels #viral #trending #explore #reelsinstagram #tradeslife #tradesmen #builderlife #skilledtrades #bluecollar","“Removal of the conservatory to form a single storey extension”

THE CONSERVATORY IS NOT A CONSERVATORY.

It was an extension with no foundations, no insulation and no planning permission, built in 1993 out of uPVC and optimism.

And the application to replace it reads: “REMOVAL OF THE CONSERVATORY TO FORM A SINGLE STOREY EXTENSION.”

Underneath that sentence is the easiest nine-window job in the county, because the shell is already there and the ground floor is already high.

Read the description. That is where the money is.

Planning search, filtered to window work. fenora.pro/job-finder

🪟  fenora.pro  —  one record for the whole window job","“Removal of the conservatory to form a single storey extension”

THE CONSERVATORY IS NOT A CONSERVATORY.

It was an extension with no foundations, no insulation and no planning permission, built in 1993 out of uPVC and optimism.

And the application to replace it reads: “REMOVAL OF THE CONSERVATORY TO FORM A SINGLE STOREY EXTENSION.”

Underneath that sentence is the easiest nine-window job in the county, because the shell is already there and the ground floor is already high.

Read the description. That is where the money is.

Planning search, filtered to window work. fenora.pro/job-finder

🪟  fenora.pro  —  one record for the whole window job","“Removal of the conservatory to form a single storey extension”

THE CONSERVATORY IS NOT A CONSERVATORY.

It was an extension with no foundations, no insulation and no planning permission, built in 1993 out of uPVC and optimism.

And the application to replace it reads: “REMOVAL OF THE CONSERVATORY TO FORM A SINGLE STOREY EXTENSION.”

Underneath that sentence is the easiest nine-window job in the county, because the shell is already there and the ground floor is already high.

Read the description. That is where the money is.

Planning search, filtered to window work. fenora.pro/job-finder


— fenora.pro",,08:15,draft,,,,Planning Apps
PL-13,planning,static,,"The non-material amendment. Free money, nobody uses it.","NON-MATERIAL AMENDMENT APPROVED.

That is the whole email. Six words. It means someone changed the spec slightly after approval and the council said yes.

A non-material amendment is a free, fast, low-stakes permission to change your window specification after the application was approved. A different colour. A different bar profile. A different glass.

Every one of those is a £40 item on a £900 window and it is the difference between winning the job and not. It takes one phone call. Almost nobody makes the call.",Track what a job is worth before you knock on the door. fenora.pro,Track what a job is worth before you knock on the door. fenora.pro,,"Photorealistic close-up of an email on a phone screen showing a short official approval message, sitting on top of a workbench beside a RAL swatch and a window frame sample, morning light, quietly triumphant Photorealistic editorial photograph, UK domestic architecture, soft overcast British daylight, shot on 35mm, shallow depth of field, muted natural palette of slate grey, birch plywood, anthracite and warm oak. Documentary realism, not glossy advertising. Absolutely no text, no captions, no logos, no watermarks, no UI overlays.",photo-real,,"IG,FB,LI",planning,"The non-material amendment. Free money, nobody uses it.

NON-MATERIAL AMENDMENT APPROVED.

That is the whole email. Six words. It means someone changed the spec slightly after approval and the council said yes.

A non-material amendment is a free, fast, low-stakes permission to change your window specification after the application was approved. A different colour. A different bar profile. A different glass.

Every one of those is a £40 item on a £900 window and it is the difference between winning the job and not. It takes one phone call. Almost nobody makes the call.

Track what a job is worth before you knock on the door. fenora.pro

🪟  fenora.pro  —  one record for the whole window job

#planningpermission #planningapplication #conservationarea #listedbuilding #fenorapro #doubleglazing #windows #fyp #reels #viral #trending #explore #reelsinstagram #tradeslife #tradesmen #builderlife #skilledtrades #bluecollar #constructionuk","The non-material amendment. Free money, nobody uses it.

NON-MATERIAL AMENDMENT APPROVED.

That is the whole email. Six words. It means someone changed the spec slightly after approval and the council said yes.

A non-material amendment is a free, fast, low-stakes permission to change your window specification after the application was approved. A different colour. A different bar profile. A different glass.

Every one of those is a £40 item on a £900 window and it is the difference between winning the job and not. It takes one phone call. Almost nobody makes the call.

Track what a job is worth before you knock on the door. fenora.pro

🪟  fenora.pro  —  one record for the whole window job","The non-material amendment. Free money, nobody uses it.

NON-MATERIAL AMENDMENT APPROVED.

That is the whole email. Six words. It means someone changed the spec slightly after approval and the council said yes.

A non-material amendment is a free, fast, low-stakes permission to change your window specification after the application was approved. A different colour. A different bar profile. A different glass.

Every one of those is a £40 item on a £900 window and it is the difference between winning the job and not. It takes one phone call. Almost nobody makes the call.

Track what a job is worth before you knock on the door. fenora.pro

🪟  fenora.pro  —  one record for the whole window job","The non-material amendment. Free money, nobody uses it.

NON-MATERIAL AMENDMENT APPROVED.

That is the whole email. Six words. It means someone changed the spec slightly after approval and the council said yes.

A non-material amendment is a free, fast, low-stakes permission to change your window specification after the application was approved. A different colour. A different bar profile. A different glass.

Every one of those is a £40 item on a £900 window and it is the difference between winning the job and not. It takes one phone call. Almost nobody makes the call.

Track what a job is worth before you knock on the door. fenora.pro


— fenora.pro",,08:15,draft,,,,Planning Apps
PL-14,planning,static,,Twelve applications on one street in six weeks.,"One road. One planning committee cycle. Twelve applications.

A new build, two extensions, a barn conversion, a garage conversion, a houseboat application, two Article 4 refusals, a change of use, a roof replacement, a porch, and a hotel.

In three months, that road is a small development. Six of those applications include window work.

Six jobs you could have known about by reading a council website, all in one afternoon, in a radius you already drive.",Planning search with a 25-mile radius and a 12-month window. fenora.pro/job-finder,Planning search with a 25-mile radius and a 12-month window. fenora.pro/job-finder,,"Photorealistic aerial photograph of a UK residential road with multiple properties in various states of building work, scaffolding, excavators, a mobile crane, new builds, overcast day, detailed and busy, warm window lights Photorealistic editorial photograph, UK domestic architecture, soft overcast British daylight, shot on 35mm, shallow depth of field, muted natural palette of slate grey, birch plywood, anthracite and warm oak. Documentary realism, not glossy advertising. Absolutely no text, no captions, no logos, no watermarks, no UI overlays.",photo-real,,"IG,FB,LI",planning,"Twelve applications on one street in six weeks.

One road. One planning committee cycle. Twelve applications.

A new build, two extensions, a barn conversion, a garage conversion, a houseboat application, two Article 4 refusals, a change of use, a roof replacement, a porch, and a hotel.

In three months, that road is a small development. Six of those applications include window work.

Six jobs you could have known about by reading a council website, all in one afternoon, in a radius you already drive.

Planning search with a 25-mile radius and a 12-month window. fenora.pro/job-finder

🪟  fenora.pro  —  one record for the whole window job

#planningpermission #planningapplication #conservationarea #listedbuilding #fenorapro #windows #fyp #reels #viral #trending #explore #reelsinstagram #tradeslife #tradesmen #builderlife #skilledtrades #bluecollar #constructionuk #renovation","Twelve applications on one street in six weeks.

One road. One planning committee cycle. Twelve applications.

A new build, two extensions, a barn conversion, a garage conversion, a houseboat application, two Article 4 refusals, a change of use, a roof replacement, a porch, and a hotel.

In three months, that road is a small development. Six of those applications include window work.

Six jobs you could have known about by reading a council website, all in one afternoon, in a radius you already drive.

Planning search with a 25-mile radius and a 12-month window. fenora.pro/job-finder

🪟  fenora.pro  —  one record for the whole window job","Twelve applications on one street in six weeks.

One road. One planning committee cycle. Twelve applications.

A new build, two extensions, a barn conversion, a garage conversion, a houseboat application, two Article 4 refusals, a change of use, a roof replacement, a porch, and a hotel.

In three months, that road is a small development. Six of those applications include window work.

Six jobs you could have known about by reading a council website, all in one afternoon, in a radius you already drive.

Planning search with a 25-mile radius and a 12-month window. fenora.pro/job-finder

🪟  fenora.pro  —  one record for the whole window job","Twelve applications on one street in six weeks.

One road. One planning committee cycle. Twelve applications.

A new build, two extensions, a barn conversion, a garage conversion, a houseboat application, two Article 4 refusals, a change of use, a roof replacement, a porch, and a hotel.

In three months, that road is a small development. Six of those applications include window work.

Six jobs you could have known about by reading a council website, all in one afternoon, in a radius you already drive.

Planning search with a 25-mile radius and a 12-month window. fenora.pro/job-finder


— fenora.pro",,08:15,draft,,,,Planning Apps
PL-15,planning,static,,You cannot fit uPVC on a listed building. Full stop.,"It has been said in every conservation officer’s letter in the country for thirty years.

A listed building gets timber or nothing. Slim-profile timber, matched to the original joinery, with a heritage justification written by somebody who has done it before.

It is harder. It is slower. It is better paid. And it is the job most window companies cannot be bothered to bid.",,,"Heritage window work is the best-margin work in this trade and it is the segment most likely to be handed to a competitor. The blocker is confidence, not capability.","Photorealistic photograph of a Grade II listed Georgian UK townhouse with beautifully proportioned painted timber sash windows, elegant symmetry, overcast even light, restrained and dignified, architectural photography Photorealistic editorial photograph, UK domestic architecture, soft overcast British daylight, shot on 35mm, shallow depth of field, muted natural palette of slate grey, birch plywood, anthracite and warm oak. Documentary realism, not glossy advertising. Absolutely no text, no captions, no logos, no watermarks, no UI overlays.",photo-real,,"IG,FB,LI",planning,"You cannot fit uPVC on a listed building. Full stop.

It has been said in every conservation officer’s letter in the country for thirty years.

A listed building gets timber or nothing. Slim-profile timber, matched to the original joinery, with a heritage justification written by somebody who has done it before.

It is harder. It is slower. It is better paid. And it is the job most window companies cannot be bothered to bid.

🪟  fenora.pro  —  one record for the whole window job

#planningpermission #planningapplication #conservationarea #listedbuilding #fenorapro #fyp #reels #viral #trending #explore #reelsinstagram #tradeslife #tradesmen #builderlife #skilledtrades #bluecollar #constructionuk #renovation #homeimprovement","You cannot fit uPVC on a listed building. Full stop.

It has been said in every conservation officer’s letter in the country for thirty years.

A listed building gets timber or nothing. Slim-profile timber, matched to the original joinery, with a heritage justification written by somebody who has done it before.

It is harder. It is slower. It is better paid. And it is the job most window companies cannot be bothered to bid.

🪟  fenora.pro  —  one record for the whole window job","You cannot fit uPVC on a listed building. Full stop.

It has been said in every conservation officer’s letter in the country for thirty years.

A listed building gets timber or nothing. Slim-profile timber, matched to the original joinery, with a heritage justification written by somebody who has done it before.

It is harder. It is slower. It is better paid. And it is the job most window companies cannot be bothered to bid.

🪟  fenora.pro  —  one record for the whole window job","Heritage window work is the best-margin work in this trade and it is the segment most likely to be handed to a competitor. The blocker is confidence, not capability.

It has been said in every conservation officer’s letter in the country for thirty years.

A listed building gets timber or nothing. Slim-profile timber, matched to the original joinery, with a heritage justification written by somebody who has done it before.

It is harder. It is slower. It is better paid. And it is the job most window companies cannot be bothered to bid.


— fenora.pro",,08:15,draft,,,,Planning Apps
PL-16,planning,carousel,,Five planning descriptions that are quietly a fortune,"Slide 1: “Replacement fenestration” — your bread and butter.

Slide 2: “Removal of conservatory to form a single storey extension” — nine casements, ready-made shell.

Slide 3: “Change of use from garage to workshop” — same nine casements, different buyer.

Slide 4: “Conversion of agricultural building” — the hardest, slowest, richest.

Slide 5: “Listed building consent” — timber, heritage, and nobody else locally will touch it.

Six months of reading portal emails and you have a pipeline that no cold call could ever build.","Search, save, and turn it into a lead in one click. fenora.pro/job-finder","Search, save, and turn it into a lead in one click. fenora.pro/job-finder",,"Photorealistic still life of a printed council planning application list, a notebook, a highlighter and a hand about to mark one, morning desk light, purposeful and calm, overhead angle Photorealistic editorial photograph, UK domestic architecture, soft overcast British daylight, shot on 35mm, shallow depth of field, muted natural palette of slate grey, birch plywood, anthracite and warm oak. Documentary realism, not glossy advertising. Absolutely no text, no captions, no logos, no watermarks, no UI overlays.",photo-real,,"IG,FB,LI",planning,"Five planning descriptions that are quietly a fortune

Slide 1: “Replacement fenestration” — your bread and butter.

Slide 2: “Removal of conservatory to form a single storey extension” — nine casements, ready-made shell.

Slide 3: “Change of use from garage to workshop” — same nine casements, different buyer.

Slide 4: “Conversion of agricultural building” — the hardest, slowest, richest.

Slide 5: “Listed building consent” — timber, heritage, and nobody else locally will touch it.

Six months of reading portal emails and you have a pipeline that no cold call could ever build.

Search, save, and turn it into a lead in one click. fenora.pro/job-finder

🪟  fenora.pro  —  one record for the whole window job

#planningpermission #planningapplication #conservationarea #listedbuilding #fenorapro #reels #viral #trending #explore #reelsinstagram #tradeslife #tradesmen #builderlife #skilledtrades #bluecollar #constructionuk #renovation #homeimprovement #diy","Five planning descriptions that are quietly a fortune

Slide 1: “Replacement fenestration” — your bread and butter.

Slide 2: “Removal of conservatory to form a single storey extension” — nine casements, ready-made shell.

Slide 3: “Change of use from garage to workshop” — same nine casements, different buyer.

Slide 4: “Conversion of agricultural building” — the hardest, slowest, richest.

Slide 5: “Listed building consent” — timber, heritage, and nobody else locally will touch it.

Six months of reading portal emails and you have a pipeline that no cold call could ever build.

Search, save, and turn it into a lead in one click. fenora.pro/job-finder

🪟  fenora.pro  —  one record for the whole window job","Five planning descriptions that are quietly a fortune

Slide 1: “Replacement fenestration” — your bread and butter.

Slide 2: “Removal of conservatory to form a single storey extension” — nine casements, ready-made shell.

Slide 3: “Change of use from garage to workshop” — same nine casements, different buyer.

Slide 4: “Conversion of agricultural building” — the hardest, slowest, richest.

Slide 5: “Listed building consent” — timber, heritage, and nobody else locally will touch it.

Six months of reading portal emails and you have a pipeline that no cold call could ever build.

Search, save, and turn it into a lead in one click. fenora.pro/job-finder

🪟  fenora.pro  —  one record for the whole window job","Five planning descriptions that are quietly a fortune

1. “Replacement fenestration” — your bread and butter.

2. “Removal of conservatory to form a single storey extension” — nine casements, ready-made shell.

3. “Change of use from garage to workshop” — same nine casements, different buyer.

4. “Conversion of agricultural building” — the hardest, slowest, richest.

5. “Listed building consent” — timber, heritage, and nobody else locally will touch it.

Six months of reading portal emails and you have a pipeline that no cold call could ever build.

Search, save, and turn it into a lead in one click. fenora.pro/job-finder


— fenora.pro",,08:15,draft,,,,Planning Apps
PL-17,planning,static,,The 8-mile radius. Try 8 first.,"Start at 8 miles.

Not 25. Not the county. Eight miles, twelve months, window and door work only.

Eight miles is an hour of driving, so it is a radius you can genuinely serve. Eight miles is small enough that you know every skip hire firm in it. Eight miles is large enough that there is work every week.

Then when you are consistently converting, go to 15. Then 25. Then open the second branch.

The radius is the whole strategy. Everything else is detail.",Start with 8 miles. fenora.pro/job-finder,Start with 8 miles. fenora.pro/job-finder,,"Photorealistic photograph of a UK road with a single person standing in the middle holding a phone, a map of a small circle around them, early morning light, sense of quiet decision-making, wide and cinematic Photorealistic editorial photograph, UK domestic architecture, soft overcast British daylight, shot on 35mm, shallow depth of field, muted natural palette of slate grey, birch plywood, anthracite and warm oak. Documentary realism, not glossy advertising. Absolutely no text, no captions, no logos, no watermarks, no UI overlays.",photo-real,,"IG,FB,LI",planning,"The 8-mile radius. Try 8 first.

Start at 8 miles.

Not 25. Not the county. Eight miles, twelve months, window and door work only.

Eight miles is an hour of driving, so it is a radius you can genuinely serve. Eight miles is small enough that you know every skip hire firm in it. Eight miles is large enough that there is work every week.

Then when you are consistently converting, go to 15. Then 25. Then open the second branch.

The radius is the whole strategy. Everything else is detail.

Start with 8 miles. fenora.pro/job-finder

🪟  fenora.pro  —  one record for the whole window job

#planningpermission #planningapplication #conservationarea #listedbuilding #fenorapro #viral #trending #explore #reelsinstagram #tradeslife #tradesmen #builderlife #skilledtrades #bluecollar #constructionuk #renovation #homeimprovement #diy #makestrends","The 8-mile radius. Try 8 first.

Start at 8 miles.

Not 25. Not the county. Eight miles, twelve months, window and door work only.

Eight miles is an hour of driving, so it is a radius you can genuinely serve. Eight miles is small enough that you know every skip hire firm in it. Eight miles is large enough that there is work every week.

Then when you are consistently converting, go to 15. Then 25. Then open the second branch.

The radius is the whole strategy. Everything else is detail.

Start with 8 miles. fenora.pro/job-finder

🪟  fenora.pro  —  one record for the whole window job","The 8-mile radius. Try 8 first.

Start at 8 miles.

Not 25. Not the county. Eight miles, twelve months, window and door work only.

Eight miles is an hour of driving, so it is a radius you can genuinely serve. Eight miles is small enough that you know every skip hire firm in it. Eight miles is large enough that there is work every week.

Then when you are consistently converting, go to 15. Then 25. Then open the second branch.

The radius is the whole strategy. Everything else is detail.

Start with 8 miles. fenora.pro/job-finder

🪟  fenora.pro  —  one record for the whole window job","The 8-mile radius. Try 8 first.

Start at 8 miles.

Not 25. Not the county. Eight miles, twelve months, window and door work only.

Eight miles is an hour of driving, so it is a radius you can genuinely serve. Eight miles is small enough that you know every skip hire firm in it. Eight miles is large enough that there is work every week.

Then when you are consistently converting, go to 15. Then 25. Then open the second branch.

The radius is the whole strategy. Everything else is detail.

Start with 8 miles. fenora.pro/job-finder


— fenora.pro",,08:15,draft,,,,Planning Apps
PL-18,planning,static,,The 5:42pm panic email.,"At 5:42pm on the Friday, a planning approval lands.

An extension. Three weeks of site work. Nine casements and a bifold to a client who went quiet three weeks ago.

The office closes at six. The job starts Monday. Nobody has a price for this. The glass is a nine-day lead time. Somebody’s phone is about to ring and they are going to say “how much?”

The whole business now depends on whether anyone can turn a planning email into a priced quote in eleven minutes.","Planning approval to priced quote, in minutes. fenora.pro","Planning approval to priced quote, in minutes. fenora.pro",,"Photorealistic photograph of an office at dusk, one screen lit with a planning approval email, a coffee cup, a clock showing just before 6pm, a blurred figure standing up urgently, warm desk lamp against blue window light, cinematic tension Clean product photograph of a modern desktop software interface floating at a slight angle, dark charcoal UI with orange accent, crisp data tables and technical window drawings, soft neutral studio background with realistic reflections and shadow. Abstract unreadable micro-text only. No legible words, no logos, no watermarks.",screen-mock,,"IG,FB,LI",planning,"The 5:42pm panic email.

At 5:42pm on the Friday, a planning approval lands.

An extension. Three weeks of site work. Nine casements and a bifold to a client who went quiet three weeks ago.

The office closes at six. The job starts Monday. Nobody has a price for this. The glass is a nine-day lead time. Somebody’s phone is about to ring and they are going to say “how much?”

The whole business now depends on whether anyone can turn a planning email into a priced quote in eleven minutes.

Planning approval to priced quote, in minutes. fenora.pro

🪟  fenora.pro  —  one record for the whole window job

#planningpermission #planningapplication #conservationarea #listedbuilding #fenorapro #trending #explore #reelsinstagram #tradeslife #tradesmen #builderlife #skilledtrades #bluecollar #constructionuk #renovation #homeimprovement #diy #makestrends #fenestration","The 5:42pm panic email.

At 5:42pm on the Friday, a planning approval lands.

An extension. Three weeks of site work. Nine casements and a bifold to a client who went quiet three weeks ago.

The office closes at six. The job starts Monday. Nobody has a price for this. The glass is a nine-day lead time. Somebody’s phone is about to ring and they are going to say “how much?”

The whole business now depends on whether anyone can turn a planning email into a priced quote in eleven minutes.

Planning approval to priced quote, in minutes. fenora.pro

🪟  fenora.pro  —  one record for the whole window job","The 5:42pm panic email.

At 5:42pm on the Friday, a planning approval lands.

An extension. Three weeks of site work. Nine casements and a bifold to a client who went quiet three weeks ago.

The office closes at six. The job starts Monday. Nobody has a price for this. The glass is a nine-day lead time. Somebody’s phone is about to ring and they are going to say “how much?”

The whole business now depends on whether anyone can turn a planning email into a priced quote in eleven minutes.

Planning approval to priced quote, in minutes. fenora.pro

🪟  fenora.pro  —  one record for the whole window job","The 5:42pm panic email.

At 5:42pm on the Friday, a planning approval lands.

An extension. Three weeks of site work. Nine casements and a bifold to a client who went quiet three weeks ago.

The office closes at six. The job starts Monday. Nobody has a price for this. The glass is a nine-day lead time. Somebody’s phone is about to ring and they are going to say “how much?”

The whole business now depends on whether anyone can turn a planning email into a priced quote in eleven minutes.

Planning approval to priced quote, in minutes. fenora.pro


— fenora.pro",,08:15,draft,,,,Planning Apps
PL-19,planning,static,,“The application is for the house next door.”,"Every single person searching a planning portal finds this eventually.

The address is right. The description is right. The applicant is right. It is the wrong house, the wrong plot, or a house that does not exist yet, or a plot that was sold three times.

The map pins to the street rather than the property. The applicant field is a land registry placeholder. The plans are a site in Essex and the work is in Devon.

Check the plan, not the address. It takes ten seconds and it is the difference between a quote and an apology.",,,,"Photorealistic photograph of a printed site location plan spread on a desk with a red circle on the wrong plot, a site visit clipboard, a hi-vis jacket in the corner, forensic and dry, cool office light Photorealistic editorial photograph, UK domestic architecture, soft overcast British daylight, shot on 35mm, shallow depth of field, muted natural palette of slate grey, birch plywood, anthracite and warm oak. Documentary realism, not glossy advertising. Absolutely no text, no captions, no logos, no watermarks, no UI overlays.",photo-real,,"IG,FB,LI",planning,"“The application is for the house next door.”

Every single person searching a planning portal finds this eventually.

The address is right. The description is right. The applicant is right. It is the wrong house, the wrong plot, or a house that does not exist yet, or a plot that was sold three times.

The map pins to the street rather than the property. The applicant field is a land registry placeholder. The plans are a site in Essex and the work is in Devon.

Check the plan, not the address. It takes ten seconds and it is the difference between a quote and an apology.

🪟  fenora.pro  —  one record for the whole window job

#planningpermission #planningapplication #conservationarea #listedbuilding #fenorapro #explore #reelsinstagram #tradeslife #tradesmen #builderlife #skilledtrades #bluecollar #constructionuk #renovation #homeimprovement #diy #makestrends #fenestration #glazing","“The application is for the house next door.”

Every single person searching a planning portal finds this eventually.

The address is right. The description is right. The applicant is right. It is the wrong house, the wrong plot, or a house that does not exist yet, or a plot that was sold three times.

The map pins to the street rather than the property. The applicant field is a land registry placeholder. The plans are a site in Essex and the work is in Devon.

Check the plan, not the address. It takes ten seconds and it is the difference between a quote and an apology.

🪟  fenora.pro  —  one record for the whole window job","“The application is for the house next door.”

Every single person searching a planning portal finds this eventually.

The address is right. The description is right. The applicant is right. It is the wrong house, the wrong plot, or a house that does not exist yet, or a plot that was sold three times.

The map pins to the street rather than the property. The applicant field is a land registry placeholder. The plans are a site in Essex and the work is in Devon.

Check the plan, not the address. It takes ten seconds and it is the difference between a quote and an apology.

🪟  fenora.pro  —  one record for the whole window job","“The application is for the house next door.”

Every single person searching a planning portal finds this eventually.

The address is right. The description is right. The applicant is right. It is the wrong house, the wrong plot, or a house that does not exist yet, or a plot that was sold three times.

The map pins to the street rather than the property. The applicant field is a land registry placeholder. The plans are a site in Essex and the work is in Devon.

Check the plan, not the address. It takes ten seconds and it is the difference between a quote and an apology.


— fenora.pro",,08:15,draft,,,,Planning Apps
PL-20,planning,static,,"The job finder nobody built, part 2","Job finder part 1: planning applications. Always has been the single richest untapped source of window work in the country.

What it lacked: turning a PDF into a lead, a lead into a survey, a survey into a quote, and a quote into a job — all inside one system, with nothing retyped.

Fenora does the whole line. The application has an address, a distance from your depot, a likely spec and an indicative value. That is a quote that writes itself.",See it. fenora.pro/job-finder,See it. fenora.pro/job-finder,,"Photorealistic dark-mode software interface floating at an angle showing a map with pins, a list of planning applications, and a detail panel with an address and a unit count, clean and modern, on a desk with a coffee, cinematic product shot Clean product photograph of a modern desktop software interface floating at a slight angle, dark charcoal UI with orange accent, crisp data tables and technical window drawings, soft neutral studio background with realistic reflections and shadow. Abstract unreadable micro-text only. No legible words, no logos, no watermarks.",screen-mock,,"IG,FB,LI",planning,"The job finder nobody built, part 2

Job finder part 1: planning applications. Always has been the single richest untapped source of window work in the country.

What it lacked: turning a PDF into a lead, a lead into a survey, a survey into a quote, and a quote into a job — all inside one system, with nothing retyped.

Fenora does the whole line. The application has an address, a distance from your depot, a likely spec and an indicative value. That is a quote that writes itself.

See it. fenora.pro/job-finder

🪟  fenora.pro  —  one record for the whole window job

#planningpermission #planningapplication #conservationarea #listedbuilding #fenorapro #reelsinstagram #tradeslife #tradesmen #builderlife #skilledtrades #bluecollar #constructionuk #renovation #homeimprovement #diy #makestrends #fenestration #glazing #joinery","The job finder nobody built, part 2

Job finder part 1: planning applications. Always has been the single richest untapped source of window work in the country.

What it lacked: turning a PDF into a lead, a lead into a survey, a survey into a quote, and a quote into a job — all inside one system, with nothing retyped.

Fenora does the whole line. The application has an address, a distance from your depot, a likely spec and an indicative value. That is a quote that writes itself.

See it. fenora.pro/job-finder

🪟  fenora.pro  —  one record for the whole window job","The job finder nobody built, part 2

Job finder part 1: planning applications. Always has been the single richest untapped source of window work in the country.

What it lacked: turning a PDF into a lead, a lead into a survey, a survey into a quote, and a quote into a job — all inside one system, with nothing retyped.

Fenora does the whole line. The application has an address, a distance from your depot, a likely spec and an indicative value. That is a quote that writes itself.

See it. fenora.pro/job-finder

🪟  fenora.pro  —  one record for the whole window job","The job finder nobody built, part 2

Job finder part 1: planning applications. Always has been the single richest untapped source of window work in the country.

What it lacked: turning a PDF into a lead, a lead into a survey, a survey into a quote, and a quote into a job — all inside one system, with nothing retyped.

Fenora does the whole line. The application has an address, a distance from your depot, a likely spec and an indicative value. That is a quote that writes itself.

See it. fenora.pro/job-finder


— fenora.pro",,08:15,draft,,,,Planning Apps
MN-01,money,static,,Where the margin actually goes,"You did not lose that margin on the glass.

You lost it in the survey, when the opening was 9mm out and someone decided that would take a wedge.

You lost it in the office, when the fitting was never priced as a phase.

You lost it on the second visit, when the customer said “just while you’re here” and you went back.

You lost it on the delivery, when the frame was 2,180mm and went on two vans.

The factory is the only part of this where the numbers are honest.",Price the fitting. Carry the variation. Keep the margin. fenora.pro,Price the fitting. Carry the variation. Keep the margin. fenora.pro,Window businesses do not lose margin in the factory. They lose it in the four places nobody writes down.,"Photorealistic photographic still life of a crumpled job card, a travel receipt, a stack of small parts and a delivery note on a workbench, a calculator showing a low margin, cold morning light, forensic and sad Photorealistic editorial photograph, UK domestic architecture, soft overcast British daylight, shot on 35mm, shallow depth of field, muted natural palette of slate grey, birch plywood, anthracite and warm oak. Documentary realism, not glossy advertising. Absolutely no text, no captions, no logos, no watermarks, no UI overlays.",photo-real,,"IG,FB,LI",money,"Where the margin actually goes

You did not lose that margin on the glass.

You lost it in the survey, when the opening was 9mm out and someone decided that would take a wedge.

You lost it in the office, when the fitting was never priced as a phase.

You lost it on the second visit, when the customer said “just while you’re here” and you went back.

You lost it on the delivery, when the frame was 2,180mm and went on two vans.

The factory is the only part of this where the numbers are honest.

Price the fitting. Carry the variation. Keep the margin. fenora.pro

🪟  fenora.pro  —  one record for the whole window job

#smallbusiness #tradesbusiness #margin #quoting #fenorapro #tradesmen #builderlife #skilledtrades #bluecollar #constructionuk #renovation #homeimprovement #diy #makestrends #fenestration #glazing #joinery #doubleglazing #windows","Where the margin actually goes

You did not lose that margin on the glass.

You lost it in the survey, when the opening was 9mm out and someone decided that would take a wedge.

You lost it in the office, when the fitting was never priced as a phase.

You lost it on the second visit, when the customer said “just while you’re here” and you went back.

You lost it on the delivery, when the frame was 2,180mm and went on two vans.

The factory is the only part of this where the numbers are honest.

Price the fitting. Carry the variation. Keep the margin. fenora.pro

🪟  fenora.pro  —  one record for the whole window job","Where the margin actually goes

You did not lose that margin on the glass.

You lost it in the survey, when the opening was 9mm out and someone decided that would take a wedge.

You lost it in the office, when the fitting was never priced as a phase.

You lost it on the second visit, when the customer said “just while you’re here” and you went back.

You lost it on the delivery, when the frame was 2,180mm and went on two vans.

The factory is the only part of this where the numbers are honest.

Price the fitting. Carry the variation. Keep the margin. fenora.pro

🪟  fenora.pro  —  one record for the whole window job","Window businesses do not lose margin in the factory. They lose it in the four places nobody writes down.

You did not lose that margin on the glass.

You lost it in the survey, when the opening was 9mm out and someone decided that would take a wedge.

You lost it in the office, when the fitting was never priced as a phase.

You lost it on the second visit, when the customer said “just while you’re here” and you went back.

You lost it on the delivery, when the frame was 2,180mm and went on two vans.

The factory is the only part of this where the numbers are honest.

Price the fitting. Carry the variation. Keep the margin. fenora.pro


— fenora.pro",,08:15,draft,,,,Margin & Money
MN-02,money,static,,“What’s your deposit?”,"Thirty percent is standard. Fifty is better.

A thirty percent deposit buys the glass. A fifty percent deposit buys the glass and the time slot and the fitting crew and the scaffold.

Every day you carry a job you have not been paid for, you are financing somebody else’s business with your own. That is not a customer problem. That is a terms problem.",,,,"Photorealistic close-up of a deposit invoice on a workshop bench, a pen resting on the total, a card reader beside it, a small window frame sample, warm task light, quiet and serious Photorealistic editorial photograph, UK domestic architecture, soft overcast British daylight, shot on 35mm, shallow depth of field, muted natural palette of slate grey, birch plywood, anthracite and warm oak. Documentary realism, not glossy advertising. Absolutely no text, no captions, no logos, no watermarks, no UI overlays.",photo-real,,"IG,FB,LI",money,"“What’s your deposit?”

Thirty percent is standard. Fifty is better.

A thirty percent deposit buys the glass. A fifty percent deposit buys the glass and the time slot and the fitting crew and the scaffold.

Every day you carry a job you have not been paid for, you are financing somebody else’s business with your own. That is not a customer problem. That is a terms problem.

🪟  fenora.pro  —  one record for the whole window job

#smallbusiness #tradesbusiness #margin #quoting #fenorapro #builderlife #skilledtrades #bluecollar #constructionuk #renovation #homeimprovement #diy #makestrends #fenestration #glazing #joinery #doubleglazing #windows #fyp","“What’s your deposit?”

Thirty percent is standard. Fifty is better.

A thirty percent deposit buys the glass. A fifty percent deposit buys the glass and the time slot and the fitting crew and the scaffold.

Every day you carry a job you have not been paid for, you are financing somebody else’s business with your own. That is not a customer problem. That is a terms problem.

🪟  fenora.pro  —  one record for the whole window job","“What’s your deposit?”

Thirty percent is standard. Fifty is better.

A thirty percent deposit buys the glass. A fifty percent deposit buys the glass and the time slot and the fitting crew and the scaffold.

Every day you carry a job you have not been paid for, you are financing somebody else’s business with your own. That is not a customer problem. That is a terms problem.

🪟  fenora.pro  —  one record for the whole window job","“What’s your deposit?”

Thirty percent is standard. Fifty is better.

A thirty percent deposit buys the glass. A fifty percent deposit buys the glass and the time slot and the fitting crew and the scaffold.

Every day you carry a job you have not been paid for, you are financing somebody else’s business with your own. That is not a customer problem. That is a terms problem.


— fenora.pro",,08:15,draft,,,,Margin & Money
MN-03,money,static,,The invoice that says “this doesn’t reconcile”,"The invoice does not reconcile because three people changed three things and none of them told the other two.

The office priced eleven casements. The surveyor measured twelve. The builder has already paid for eight somewhere else.

Nobody did anything wrong. That is the problem. The system allowed three people to be right about different jobs that are supposed to be the same job.",One record. It reconciles. fenora.pro,One record. It reconciles. fenora.pro,An invoice that does not reconcile is a data integrity problem disguised as a finance problem. The finance team can argue about it. The data cannot.,"Photorealistic photograph of a printed invoice and a site survey sheet side by side on an office desk, mismatched numbers circled in red pen, a calculator, a cold cup of coffee, overcast window light, investigative and tense Photorealistic editorial photograph, UK domestic architecture, soft overcast British daylight, shot on 35mm, shallow depth of field, muted natural palette of slate grey, birch plywood, anthracite and warm oak. Documentary realism, not glossy advertising. Absolutely no text, no captions, no logos, no watermarks, no UI overlays.",photo-real,,"IG,FB,LI",money,"The invoice that says “this doesn’t reconcile”

The invoice does not reconcile because three people changed three things and none of them told the other two.

The office priced eleven casements. The surveyor measured twelve. The builder has already paid for eight somewhere else.

Nobody did anything wrong. That is the problem. The system allowed three people to be right about different jobs that are supposed to be the same job.

One record. It reconciles. fenora.pro

🪟  fenora.pro  —  one record for the whole window job

#smallbusiness #tradesbusiness #margin #quoting #fenorapro #skilledtrades #bluecollar #constructionuk #renovation #homeimprovement #diy #makestrends #fenestration #glazing #joinery #doubleglazing #windows #fyp #reels","The invoice that says “this doesn’t reconcile”

The invoice does not reconcile because three people changed three things and none of them told the other two.

The office priced eleven casements. The surveyor measured twelve. The builder has already paid for eight somewhere else.

Nobody did anything wrong. That is the problem. The system allowed three people to be right about different jobs that are supposed to be the same job.

One record. It reconciles. fenora.pro

🪟  fenora.pro  —  one record for the whole window job","The invoice that says “this doesn’t reconcile”

The invoice does not reconcile because three people changed three things and none of them told the other two.

The office priced eleven casements. The surveyor measured twelve. The builder has already paid for eight somewhere else.

Nobody did anything wrong. That is the problem. The system allowed three people to be right about different jobs that are supposed to be the same job.

One record. It reconciles. fenora.pro

🪟  fenora.pro  —  one record for the whole window job","An invoice that does not reconcile is a data integrity problem disguised as a finance problem. The finance team can argue about it. The data cannot.

The invoice does not reconcile because three people changed three things and none of them told the other two.

The office priced eleven casements. The surveyor measured twelve. The builder has already paid for eight somewhere else.

Nobody did anything wrong. That is the problem. The system allowed three people to be right about different jobs that are supposed to be the same job.

One record. It reconciles. fenora.pro


— fenora.pro",,08:15,draft,,,,Margin & Money
MN-04,money,reel,,Turnover is a vanity metric. Here is the one that matters.,"Turnover is the easiest number to brag about and the least useful number to have.

What actually tells you whether you have a business:

Gross margin percentage, measured on jobs closed, not jobs quoted.
Average days from enquiry to cash.
Remakes as a percentage of units made.
How many times one job got typed into a system.

Four numbers. You can get all four out of one record. You cannot get them out of a spreadsheet and a gut feel.",Judge it on the numbers. fenora.pro,Judge it on the numbers. fenora.pro,,"Photorealistic 9:16 shot of a tradesperson standing in a workshop doorway reviewing a tablet showing clean dark dashboards, stacked window frames behind, warm directional light, confident and grounded, portrait framing Photorealistic candid documentary photograph of a UK tradesperson at work, hi-vis and worn workwear, tools and laser measure in frame, overcast British daylight, van or scaffold hinted in background, slightly chaotic and real, not staged. Muted natural palette, 35mm, shallow depth of field. Absolutely no text, no captions, no logos, no watermarks, no UI overlays.",photo-trades,9:16,"IG,FB,LI",money,"Turnover is a vanity metric. Here is the one that matters.

Turnover is the easiest number to brag about and the least useful number to have.

What actually tells you whether you have a business:

Gross margin percentage, measured on jobs closed, not jobs quoted.
Average days from enquiry to cash.
Remakes as a percentage of units made.
How many times one job got typed into a system.

Four numbers. You can get all four out of one record. You cannot get them out of a spreadsheet and a gut feel.

Judge it on the numbers. fenora.pro

🪟  fenora.pro  —  one record for the whole window job

#smallbusiness #tradesbusiness #margin #quoting #fenorapro #bluecollar #constructionuk #renovation #homeimprovement #diy #makestrends #fenestration #glazing #joinery #doubleglazing #windows #fyp #reels #viral","Turnover is a vanity metric. Here is the one that matters.

Turnover is the easiest number to brag about and the least useful number to have.

What actually tells you whether you have a business:

Gross margin percentage, measured on jobs closed, not jobs quoted.
Average days from enquiry to cash.
Remakes as a percentage of units made.
How many times one job got typed into a system.

Four numbers. You can get all four out of one record. You cannot get them out of a spreadsheet and a gut feel.

Judge it on the numbers. fenora.pro

🪟  fenora.pro  —  one record for the whole window job","Turnover is a vanity metric. Here is the one that matters.

Turnover is the easiest number to brag about and the least useful number to have.

What actually tells you whether you have a business:

Gross margin percentage, measured on jobs closed, not jobs quoted.
Average days from enquiry to cash.
Remakes as a percentage of units made.
How many times one job got typed into a system.

Four numbers. You can get all four out of one record. You cannot get them out of a spreadsheet and a gut feel.

Judge it on the numbers. fenora.pro

🪟  fenora.pro  —  one record for the whole window job","Turnover is a vanity metric. Here is the one that matters.

Turnover is the easiest number to brag about and the least useful number to have.

What actually tells you whether you have a business:

Gross margin percentage, measured on jobs closed, not jobs quoted.
Average days from enquiry to cash.
Remakes as a percentage of units made.
How many times one job got typed into a system.

Four numbers. You can get all four out of one record. You cannot get them out of a spreadsheet and a gut feel.

Judge it on the numbers. fenora.pro


— fenora.pro",,08:15,draft,,,,Margin & Money
MN-05,money,static,,Eight quotes. Two jobs. Why?,"You quoted eight.
You won two.

The other six were not lost on price. They were lost to a company that answered the phone on the first ring, quoted on the spot, and had a drawing in the email before the customer closed the browser.

You lost because you were thorough and they were available. Being available is a feature. Being thorough is a feature. You can have both. That is the whole product.",Thorough and fast. Fenora does both. fenora.pro,Thorough and fast. Fenora does both. fenora.pro,The common belief in this trade is that speed requires cutting corners. It does not. It requires not retyping things.,"Photorealistic scene of two tradespeople at a kitchen table, one on a laptop showing a window drawing, one on a phone mid-call, coffee cups, a printer, papers, purposeful energy, warm morning light, documentary business photography Photorealistic candid documentary photograph of a UK tradesperson at work, hi-vis and worn workwear, tools and laser measure in frame, overcast British daylight, van or scaffold hinted in background, slightly chaotic and real, not staged. Muted natural palette, 35mm, shallow depth of field. Absolutely no text, no captions, no logos, no watermarks, no UI overlays.",photo-trades,,"IG,FB,LI",money,"Eight quotes. Two jobs. Why?

You quoted eight.
You won two.

The other six were not lost on price. They were lost to a company that answered the phone on the first ring, quoted on the spot, and had a drawing in the email before the customer closed the browser.

You lost because you were thorough and they were available. Being available is a feature. Being thorough is a feature. You can have both. That is the whole product.

Thorough and fast. Fenora does both. fenora.pro

🪟  fenora.pro  —  one record for the whole window job

#smallbusiness #tradesbusiness #margin #quoting #fenorapro #constructionuk #renovation #homeimprovement #diy #makestrends #fenestration #glazing #joinery #doubleglazing #windows #fyp #reels #viral #trending","Eight quotes. Two jobs. Why?

You quoted eight.
You won two.

The other six were not lost on price. They were lost to a company that answered the phone on the first ring, quoted on the spot, and had a drawing in the email before the customer closed the browser.

You lost because you were thorough and they were available. Being available is a feature. Being thorough is a feature. You can have both. That is the whole product.

Thorough and fast. Fenora does both. fenora.pro

🪟  fenora.pro  —  one record for the whole window job","Eight quotes. Two jobs. Why?

You quoted eight.
You won two.

The other six were not lost on price. They were lost to a company that answered the phone on the first ring, quoted on the spot, and had a drawing in the email before the customer closed the browser.

You lost because you were thorough and they were available. Being available is a feature. Being thorough is a feature. You can have both. That is the whole product.

Thorough and fast. Fenora does both. fenora.pro

🪟  fenora.pro  —  one record for the whole window job","The common belief in this trade is that speed requires cutting corners. It does not. It requires not retyping things.

You quoted eight.
You won two.

The other six were not lost on price. They were lost to a company that answered the phone on the first ring, quoted on the spot, and had a drawing in the email before the customer closed the browser.

You lost because you were thorough and they were available. Being available is a feature. Being thorough is a feature. You can have both. That is the whole product.

Thorough and fast. Fenora does both. fenora.pro


— fenora.pro",,08:15,draft,,,,Margin & Money
MN-06,money,static,,The retrofit problem nobody prices,"A new build window is a product.

A retrofit is an archaeology project with a frame at the end.

Hidden cavity, unknown wall build-up, a lintel that may or may not be structural, a previous owner who did something creative in 2004, a screed that will be in the way of the door swing, and a customer who has no idea any of this exists.

Price the survey properly and the job makes money. Skimp on the survey and it is a two-day job that takes five.",,,,"Photorealistic photograph of a partly opened-up UK wall around a window during a survey, cavity exposed with old insulation, a steel rule probing, a lintel visible, torch light, forensic and slightly grubby, investigative Photorealistic candid documentary photograph of a UK tradesperson at work, hi-vis and worn workwear, tools and laser measure in frame, overcast British daylight, van or scaffold hinted in background, slightly chaotic and real, not staged. Muted natural palette, 35mm, shallow depth of field. Absolutely no text, no captions, no logos, no watermarks, no UI overlays.",photo-trades,,"IG,FB,LI",money,"The retrofit problem nobody prices

A new build window is a product.

A retrofit is an archaeology project with a frame at the end.

Hidden cavity, unknown wall build-up, a lintel that may or may not be structural, a previous owner who did something creative in 2004, a screed that will be in the way of the door swing, and a customer who has no idea any of this exists.

Price the survey properly and the job makes money. Skimp on the survey and it is a two-day job that takes five.

🪟  fenora.pro  —  one record for the whole window job

#smallbusiness #tradesbusiness #margin #quoting #fenorapro #renovation #homeimprovement #diy #makestrends #fenestration #glazing #joinery #doubleglazing #windows #fyp #reels #viral #trending #explore","The retrofit problem nobody prices

A new build window is a product.

A retrofit is an archaeology project with a frame at the end.

Hidden cavity, unknown wall build-up, a lintel that may or may not be structural, a previous owner who did something creative in 2004, a screed that will be in the way of the door swing, and a customer who has no idea any of this exists.

Price the survey properly and the job makes money. Skimp on the survey and it is a two-day job that takes five.

🪟  fenora.pro  —  one record for the whole window job","The retrofit problem nobody prices

A new build window is a product.

A retrofit is an archaeology project with a frame at the end.

Hidden cavity, unknown wall build-up, a lintel that may or may not be structural, a previous owner who did something creative in 2004, a screed that will be in the way of the door swing, and a customer who has no idea any of this exists.

Price the survey properly and the job makes money. Skimp on the survey and it is a two-day job that takes five.

🪟  fenora.pro  —  one record for the whole window job","The retrofit problem nobody prices

A new build window is a product.

A retrofit is an archaeology project with a frame at the end.

Hidden cavity, unknown wall build-up, a lintel that may or may not be structural, a previous owner who did something creative in 2004, a screed that will be in the way of the door swing, and a customer who has no idea any of this exists.

Price the survey properly and the job makes money. Skimp on the survey and it is a two-day job that takes five.


— fenora.pro",,08:15,draft,,,,Margin & Money
MN-07,money,static,,“Can we pay in instalments?”,"Yes.

And the answer to “can we pay in instalments?” is yes, in the same way that the answer to “can we build this house?” is yes.

The question is what the instalment plan costs you and what it is attached to. Never attach a payment plan to an unclear scope. Every time.",,,,"Photorealistic desk still life of a staged payment schedule document, a calculator, a set of keys, a window frame sample in the background, warm afternoon light, business and slightly tense Photorealistic editorial photograph, UK domestic architecture, soft overcast British daylight, shot on 35mm, shallow depth of field, muted natural palette of slate grey, birch plywood, anthracite and warm oak. Documentary realism, not glossy advertising. Absolutely no text, no captions, no logos, no watermarks, no UI overlays.",photo-real,,"IG,FB,LI",money,"“Can we pay in instalments?”

Yes.

And the answer to “can we pay in instalments?” is yes, in the same way that the answer to “can we build this house?” is yes.

The question is what the instalment plan costs you and what it is attached to. Never attach a payment plan to an unclear scope. Every time.

🪟  fenora.pro  —  one record for the whole window job

#smallbusiness #tradesbusiness #margin #quoting #fenorapro #homeimprovement #diy #makestrends #fenestration #glazing #joinery #doubleglazing #windows #fyp #reels #viral #trending #explore #reelsinstagram","“Can we pay in instalments?”

Yes.

And the answer to “can we pay in instalments?” is yes, in the same way that the answer to “can we build this house?” is yes.

The question is what the instalment plan costs you and what it is attached to. Never attach a payment plan to an unclear scope. Every time.

🪟  fenora.pro  —  one record for the whole window job","“Can we pay in instalments?”

Yes.

And the answer to “can we pay in instalments?” is yes, in the same way that the answer to “can we build this house?” is yes.

The question is what the instalment plan costs you and what it is attached to. Never attach a payment plan to an unclear scope. Every time.

🪟  fenora.pro  —  one record for the whole window job","“Can we pay in instalments?”

Yes.

And the answer to “can we pay in instalments?” is yes, in the same way that the answer to “can we build this house?” is yes.

The question is what the instalment plan costs you and what it is attached to. Never attach a payment plan to an unclear scope. Every time.


— fenora.pro",,08:15,draft,,,,Margin & Money
MN-08,money,static,,The custom classification nobody checks,"Timber windows: 4418.
Aluminium windows: 7610.
uPVC windows: 3925.

These are real commodity codes and they are set once per product and then they follow the unit into the paperwork, the delivery note and whatever the paperwork eventually becomes.

Get one wrong on a mixed-material order and you have a customs query about a job you finished in March, answered by someone who has never heard of your company, on a Friday.","Codes set once, carried everywhere. fenora.pro","Codes set once, carried everywhere. fenora.pro",,"Photorealistic macro photograph of a shipping label and delivery documentation attached to a stack of window frames on a pallet in a workshop, barcode visible but unreadable, strapping, warehouse light, documentary and precise Photorealistic editorial photograph, UK domestic architecture, soft overcast British daylight, shot on 35mm, shallow depth of field, muted natural palette of slate grey, birch plywood, anthracite and warm oak. Documentary realism, not glossy advertising. Absolutely no text, no captions, no logos, no watermarks, no UI overlays.",photo-real,,"IG,FB,LI",money,"The custom classification nobody checks

Timber windows: 4418.
Aluminium windows: 7610.
uPVC windows: 3925.

These are real commodity codes and they are set once per product and then they follow the unit into the paperwork, the delivery note and whatever the paperwork eventually becomes.

Get one wrong on a mixed-material order and you have a customs query about a job you finished in March, answered by someone who has never heard of your company, on a Friday.

Codes set once, carried everywhere. fenora.pro

🪟  fenora.pro  —  one record for the whole window job

#smallbusiness #tradesbusiness #margin #quoting #fenorapro #diy #makestrends #fenestration #glazing #joinery #doubleglazing #windows #fyp #reels #viral #trending #explore #reelsinstagram #tradeslife","The custom classification nobody checks

Timber windows: 4418.
Aluminium windows: 7610.
uPVC windows: 3925.

These are real commodity codes and they are set once per product and then they follow the unit into the paperwork, the delivery note and whatever the paperwork eventually becomes.

Get one wrong on a mixed-material order and you have a customs query about a job you finished in March, answered by someone who has never heard of your company, on a Friday.

Codes set once, carried everywhere. fenora.pro

🪟  fenora.pro  —  one record for the whole window job","The custom classification nobody checks

Timber windows: 4418.
Aluminium windows: 7610.
uPVC windows: 3925.

These are real commodity codes and they are set once per product and then they follow the unit into the paperwork, the delivery note and whatever the paperwork eventually becomes.

Get one wrong on a mixed-material order and you have a customs query about a job you finished in March, answered by someone who has never heard of your company, on a Friday.

Codes set once, carried everywhere. fenora.pro

🪟  fenora.pro  —  one record for the whole window job","The custom classification nobody checks

Timber windows: 4418.
Aluminium windows: 7610.
uPVC windows: 3925.

These are real commodity codes and they are set once per product and then they follow the unit into the paperwork, the delivery note and whatever the paperwork eventually becomes.

Get one wrong on a mixed-material order and you have a customs query about a job you finished in March, answered by someone who has never heard of your company, on a Friday.

Codes set once, carried everywhere. fenora.pro


— fenora.pro",,08:15,draft,,,,Margin & Money
MN-09,money,carousel,,The five numbers a window business should actually run,"Slide 1: Margin realised ÷ margin quoted. Anything under 0.85 is a problem.

Slide 2: Remakes ÷ units made. Over 2% is a fire.

Slide 3: Days enquiry to cash. Over 45 is a cashflow problem, not a sales problem.

Slide 4: Re-entries per job. Should be one. It is never one.

Slide 5: Quote-to-win rate. If it is under 25% you have a pricing problem, not a lead problem.

Five numbers. All from one record. All honest.",Held to four honest measures. fenora.pro,Held to four honest measures. fenora.pro,,"Photorealistic dark-mode dashboard interface floating at an angle showing five simple large metric tiles with charts, clean and modern, neutral background, cinematic product lighting, uncluttered Clean product photograph of a modern desktop software interface floating at a slight angle, dark charcoal UI with orange accent, crisp data tables and technical window drawings, soft neutral studio background with realistic reflections and shadow. Abstract unreadable micro-text only. No legible words, no logos, no watermarks.",screen-mock,,"IG,FB,LI",money,"The five numbers a window business should actually run

Slide 1: Margin realised ÷ margin quoted. Anything under 0.85 is a problem.

Slide 2: Remakes ÷ units made. Over 2% is a fire.

Slide 3: Days enquiry to cash. Over 45 is a cashflow problem, not a sales problem.

Slide 4: Re-entries per job. Should be one. It is never one.

Slide 5: Quote-to-win rate. If it is under 25% you have a pricing problem, not a lead problem.

Five numbers. All from one record. All honest.

Held to four honest measures. fenora.pro

🪟  fenora.pro  —  one record for the whole window job

#smallbusiness #tradesbusiness #margin #quoting #fenorapro #makestrends #fenestration #glazing #joinery #doubleglazing #windows #fyp #reels #viral #trending #explore #reelsinstagram #tradeslife #tradesmen","The five numbers a window business should actually run

Slide 1: Margin realised ÷ margin quoted. Anything under 0.85 is a problem.

Slide 2: Remakes ÷ units made. Over 2% is a fire.

Slide 3: Days enquiry to cash. Over 45 is a cashflow problem, not a sales problem.

Slide 4: Re-entries per job. Should be one. It is never one.

Slide 5: Quote-to-win rate. If it is under 25% you have a pricing problem, not a lead problem.

Five numbers. All from one record. All honest.

Held to four honest measures. fenora.pro

🪟  fenora.pro  —  one record for the whole window job","The five numbers a window business should actually run

Slide 1: Margin realised ÷ margin quoted. Anything under 0.85 is a problem.

Slide 2: Remakes ÷ units made. Over 2% is a fire.

Slide 3: Days enquiry to cash. Over 45 is a cashflow problem, not a sales problem.

Slide 4: Re-entries per job. Should be one. It is never one.

Slide 5: Quote-to-win rate. If it is under 25% you have a pricing problem, not a lead problem.

Five numbers. All from one record. All honest.

Held to four honest measures. fenora.pro

🪟  fenora.pro  —  one record for the whole window job","The five numbers a window business should actually run

1. Margin realised ÷ margin quoted. Anything under 0.85 is a problem.

2. Remakes ÷ units made. Over 2% is a fire.

3. Days enquiry to cash. Over 45 is a cashflow problem, not a sales problem.

4. Re-entries per job. Should be one. It is never one.

5. Quote-to-win rate. If it is under 25% you have a pricing problem, not a lead problem.

Five numbers. All from one record. All honest.

Held to four honest measures. fenora.pro


— fenora.pro",,08:15,draft,,,,Margin & Money
MN-10,money,static,,"Yours, yours, yours.","Your rates. Your glass prices. Your hardware packs. Your fitting rates. Your margin.

That is the entire pricing model of this platform and it is the reason it works.

Because the only pricing engine that will ever be correct for a window business is the one running inside that window business, using the numbers that are already in that head, that got adjusted four times this year because a supplier went up in March.",Your numbers. fenora.pro,Your numbers. fenora.pro,"Generic pricing data is the reason generic quoting software never works in this trade. The rates live in the business, not in the software.","Photorealistic still life of a price book, a supplier invoice showing a March increase, a calculator, handwritten margin notes in the margin, a coffee cup, warm desk light, authentic and businesslike Photorealistic editorial photograph, UK domestic architecture, soft overcast British daylight, shot on 35mm, shallow depth of field, muted natural palette of slate grey, birch plywood, anthracite and warm oak. Documentary realism, not glossy advertising. Absolutely no text, no captions, no logos, no watermarks, no UI overlays.",photo-real,,"IG,FB,LI",money,"Yours, yours, yours.

Your rates. Your glass prices. Your hardware packs. Your fitting rates. Your margin.

That is the entire pricing model of this platform and it is the reason it works.

Because the only pricing engine that will ever be correct for a window business is the one running inside that window business, using the numbers that are already in that head, that got adjusted four times this year because a supplier went up in March.

Your numbers. fenora.pro

🪟  fenora.pro  —  one record for the whole window job

#smallbusiness #tradesbusiness #margin #quoting #fenorapro #fenestration #glazing #joinery #doubleglazing #windows #fyp #reels #viral #trending #explore #reelsinstagram #tradeslife #tradesmen #builderlife","Yours, yours, yours.

Your rates. Your glass prices. Your hardware packs. Your fitting rates. Your margin.

That is the entire pricing model of this platform and it is the reason it works.

Because the only pricing engine that will ever be correct for a window business is the one running inside that window business, using the numbers that are already in that head, that got adjusted four times this year because a supplier went up in March.

Your numbers. fenora.pro

🪟  fenora.pro  —  one record for the whole window job","Yours, yours, yours.

Your rates. Your glass prices. Your hardware packs. Your fitting rates. Your margin.

That is the entire pricing model of this platform and it is the reason it works.

Because the only pricing engine that will ever be correct for a window business is the one running inside that window business, using the numbers that are already in that head, that got adjusted four times this year because a supplier went up in March.

Your numbers. fenora.pro

🪟  fenora.pro  —  one record for the whole window job","Generic pricing data is the reason generic quoting software never works in this trade. The rates live in the business, not in the software.

Your rates. Your glass prices. Your hardware packs. Your fitting rates. Your margin.

That is the entire pricing model of this platform and it is the reason it works.

Because the only pricing engine that will ever be correct for a window business is the one running inside that window business, using the numbers that are already in that head, that got adjusted four times this year because a supplier went up in March.

Your numbers. fenora.pro


— fenora.pro",,08:15,draft,,,,Margin & Money
CT-01,contrarian,static,,Unpopular: your fitting cost is not a percentage.,"Every window quote in Britain prices fitting as a percentage of the units. Every single one.

The problem is that a fitted casement into a good square opening is 40 minutes. A heritage box sash into a 1970s retrofit with a buried lintel is eleven hours. A french door under a soffit you cannot reach is a day and a half and a prayer.

It is not a percentage. It is a programme. Price it as a programme and you will find out you have been giving away six percent of every job for a decade.","Fitting priced as a phase, not a percentage. fenora.pro","Fitting priced as a phase, not a percentage. fenora.pro",Pricing fitting as a percentage is the single most expensive habit in UK window manufacturing. Here is the argument against it.,"Photorealistic wide shot of a tradesperson on a step ladder trying to reach the top of a window set high under a deep soffit in a UK house, one arm fully extended, another tradesperson watching and laughing, tool belt, comic and relatable Photorealistic candid documentary photograph of a UK tradesperson at work, hi-vis and worn workwear, tools and laser measure in frame, overcast British daylight, van or scaffold hinted in background, slightly chaotic and real, not staged. Muted natural palette, 35mm, shallow depth of field. Absolutely no text, no captions, no logos, no watermarks, no UI overlays.",photo-trades,,"IG,FB,LI",contrarian,"Unpopular: your fitting cost is not a percentage.

Every window quote in Britain prices fitting as a percentage of the units. Every single one.

The problem is that a fitted casement into a good square opening is 40 minutes. A heritage box sash into a 1970s retrofit with a buried lintel is eleven hours. A french door under a soffit you cannot reach is a day and a half and a prayer.

It is not a percentage. It is a programme. Price it as a programme and you will find out you have been giving away six percent of every job for a decade.

Fitting priced as a phase, not a percentage. fenora.pro

🪟  fenora.pro  —  one record for the whole window job

#tradesindustry #unpopularopinion #buildintrade #tradesuk #fenorapro #tradesmen #builderlife #skilledtrades #bluecollar #constructionuk #renovation #homeimprovement #diy #makestrends #fenestration #glazing #joinery #doubleglazing #windows","Unpopular: your fitting cost is not a percentage.

Every window quote in Britain prices fitting as a percentage of the units. Every single one.

The problem is that a fitted casement into a good square opening is 40 minutes. A heritage box sash into a 1970s retrofit with a buried lintel is eleven hours. A french door under a soffit you cannot reach is a day and a half and a prayer.

It is not a percentage. It is a programme. Price it as a programme and you will find out you have been giving away six percent of every job for a decade.

Fitting priced as a phase, not a percentage. fenora.pro

🪟  fenora.pro  —  one record for the whole window job","Unpopular: your fitting cost is not a percentage.

Every window quote in Britain prices fitting as a percentage of the units. Every single one.

The problem is that a fitted casement into a good square opening is 40 minutes. A heritage box sash into a 1970s retrofit with a buried lintel is eleven hours. A french door under a soffit you cannot reach is a day and a half and a prayer.

It is not a percentage. It is a programme. Price it as a programme and you will find out you have been giving away six percent of every job for a decade.

Fitting priced as a phase, not a percentage. fenora.pro

🪟  fenora.pro  —  one record for the whole window job","Pricing fitting as a percentage is the single most expensive habit in UK window manufacturing. Here is the argument against it.

Every window quote in Britain prices fitting as a percentage of the units. Every single one.

The problem is that a fitted casement into a good square opening is 40 minutes. A heritage box sash into a 1970s retrofit with a buried lintel is eleven hours. A french door under a soffit you cannot reach is a day and a half and a prayer.

It is not a percentage. It is a programme. Price it as a programme and you will find out you have been giving away six percent of every job for a decade.

Fitting priced as a phase, not a percentage. fenora.pro


— fenora.pro",,08:15,draft,,,,Contrarian Takes
CT-02,contrarian,static,,“Cheapest quote” is not the cheapest job.,"The cheapest quote is the job that is missing its most expensive part.

The scaffold is not in it.
The making good is not in it.
The second visit is not in it.
The skip is not in it.
The 1970s electrics behind the plaster are not in it.

They are all on page four. Page four is written after the customer has signed page one.",,,,"Photorealistic overhead photograph of a multi-page window quote with the first page showing a happy low total and later pages containing dense small print exclusions, a highlighter parked on a line, dramatic side lighting, slightly sinister Photorealistic editorial photograph, UK domestic architecture, soft overcast British daylight, shot on 35mm, shallow depth of field, muted natural palette of slate grey, birch plywood, anthracite and warm oak. Documentary realism, not glossy advertising. Absolutely no text, no captions, no logos, no watermarks, no UI overlays.",photo-real,,"IG,FB,LI",contrarian,"“Cheapest quote” is not the cheapest job.

The cheapest quote is the job that is missing its most expensive part.

The scaffold is not in it.
The making good is not in it.
The second visit is not in it.
The skip is not in it.
The 1970s electrics behind the plaster are not in it.

They are all on page four. Page four is written after the customer has signed page one.

🪟  fenora.pro  —  one record for the whole window job

#tradesindustry #unpopularopinion #buildintrade #tradesuk #fenorapro #builderlife #skilledtrades #bluecollar #constructionuk #renovation #homeimprovement #diy #makestrends #fenestration #glazing #joinery #doubleglazing #windows #fyp","“Cheapest quote” is not the cheapest job.

The cheapest quote is the job that is missing its most expensive part.

The scaffold is not in it.
The making good is not in it.
The second visit is not in it.
The skip is not in it.
The 1970s electrics behind the plaster are not in it.

They are all on page four. Page four is written after the customer has signed page one.

🪟  fenora.pro  —  one record for the whole window job","“Cheapest quote” is not the cheapest job.

The cheapest quote is the job that is missing its most expensive part.

The scaffold is not in it.
The making good is not in it.
The second visit is not in it.
The skip is not in it.
The 1970s electrics behind the plaster are not in it.

They are all on page four. Page four is written after the customer has signed page one.

🪟  fenora.pro  —  one record for the whole window job","“Cheapest quote” is not the cheapest job.

The cheapest quote is the job that is missing its most expensive part.

The scaffold is not in it.
The making good is not in it.
The second visit is not in it.
The skip is not in it.
The 1970s electrics behind the plaster are not in it.

They are all on page four. Page four is written after the customer has signed page one.


— fenora.pro",,08:15,draft,,,,Contrarian Takes
CT-03,contrarian,carousel,,Your CRM does not know what a window is,"Slide 1: It has a field called “Product”.

Slide 2: You put “8 windows” in it.

Slide 3: It cannot tell whether they are timber or uPVC, whether they are glazed, whether the survey has been done, whether the glass is ordered, or whether the money has arrived.

Slide 4: It cannot tell you if the job is profitable. Not even roughly. Not even badly.

Slide 5: It is not a CRM. It is a phone book with a deal stage.",A CRM that knows what a window is. fenora.pro,A CRM that knows what a window is. fenora.pro,,"Photorealistic dark-mode software interface floating at an angle showing a generic CRM contact record with a single text field containing a window count, deliberately sparse and slightly sad, neutral background, product photography lighting Clean product photograph of a modern desktop software interface floating at a slight angle, dark charcoal UI with orange accent, crisp data tables and technical window drawings, soft neutral studio background with realistic reflections and shadow. Abstract unreadable micro-text only. No legible words, no logos, no watermarks.",screen-mock,,"IG,FB,LI",contrarian,"Your CRM does not know what a window is

Slide 1: It has a field called “Product”.

Slide 2: You put “8 windows” in it.

Slide 3: It cannot tell whether they are timber or uPVC, whether they are glazed, whether the survey has been done, whether the glass is ordered, or whether the money has arrived.

Slide 4: It cannot tell you if the job is profitable. Not even roughly. Not even badly.

Slide 5: It is not a CRM. It is a phone book with a deal stage.

A CRM that knows what a window is. fenora.pro

🪟  fenora.pro  —  one record for the whole window job

#tradesindustry #unpopularopinion #buildintrade #tradesuk #fenorapro #skilledtrades #bluecollar #constructionuk #renovation #homeimprovement #diy #makestrends #fenestration #glazing #joinery #doubleglazing #windows #fyp #reels","Your CRM does not know what a window is

Slide 1: It has a field called “Product”.

Slide 2: You put “8 windows” in it.

Slide 3: It cannot tell whether they are timber or uPVC, whether they are glazed, whether the survey has been done, whether the glass is ordered, or whether the money has arrived.

Slide 4: It cannot tell you if the job is profitable. Not even roughly. Not even badly.

Slide 5: It is not a CRM. It is a phone book with a deal stage.

A CRM that knows what a window is. fenora.pro

🪟  fenora.pro  —  one record for the whole window job","Your CRM does not know what a window is

Slide 1: It has a field called “Product”.

Slide 2: You put “8 windows” in it.

Slide 3: It cannot tell whether they are timber or uPVC, whether they are glazed, whether the survey has been done, whether the glass is ordered, or whether the money has arrived.

Slide 4: It cannot tell you if the job is profitable. Not even roughly. Not even badly.

Slide 5: It is not a CRM. It is a phone book with a deal stage.

A CRM that knows what a window is. fenora.pro

🪟  fenora.pro  —  one record for the whole window job","Your CRM does not know what a window is

1. It has a field called “Product”.

2. You put “8 windows” in it.

3. It cannot tell whether they are timber or uPVC, whether they are glazed, whether the survey has been done, whether the glass is ordered, or whether the money has arrived.

4. It cannot tell you if the job is profitable. Not even roughly. Not even badly.

5. It is not a CRM. It is a phone book with a deal stage.

A CRM that knows what a window is. fenora.pro


— fenora.pro",,08:15,draft,,,,Contrarian Takes
CT-04,contrarian,static,,Seven systems and one person keeping them in step,"Most window businesses do not have one system. They have seven, and one person in the middle, and that person is on annual leave in August.

CRM. Spreadsheet. Survey app. Quoting software. WhatsApp. Calendar. Delivery app.

The whole business is load-bearing on one person remembering that all seven are correct today. That is not a process. That is a personality.",Seven systems to one. fenora.pro,Seven systems to one. fenora.pro,,"Photorealistic photograph of a cluttered tradesperson's office desk with a laptop, a clipboard, a spiral-bound survey book, a wall calendar, a phone showing a chat, a delivery app on a tablet, highlighter pens, coffee, warm chaotic light, relatable Photorealistic editorial photograph, UK domestic architecture, soft overcast British daylight, shot on 35mm, shallow depth of field, muted natural palette of slate grey, birch plywood, anthracite and warm oak. Documentary realism, not glossy advertising. Absolutely no text, no captions, no logos, no watermarks, no UI overlays.",photo-real,,"IG,FB,LI",contrarian,"Seven systems and one person keeping them in step

Most window businesses do not have one system. They have seven, and one person in the middle, and that person is on annual leave in August.

CRM. Spreadsheet. Survey app. Quoting software. WhatsApp. Calendar. Delivery app.

The whole business is load-bearing on one person remembering that all seven are correct today. That is not a process. That is a personality.

Seven systems to one. fenora.pro

🪟  fenora.pro  —  one record for the whole window job

#tradesindustry #unpopularopinion #buildintrade #tradesuk #fenorapro #bluecollar #constructionuk #renovation #homeimprovement #diy #makestrends #fenestration #glazing #joinery #doubleglazing #windows #fyp #reels #viral","Seven systems and one person keeping them in step

Most window businesses do not have one system. They have seven, and one person in the middle, and that person is on annual leave in August.

CRM. Spreadsheet. Survey app. Quoting software. WhatsApp. Calendar. Delivery app.

The whole business is load-bearing on one person remembering that all seven are correct today. That is not a process. That is a personality.

Seven systems to one. fenora.pro

🪟  fenora.pro  —  one record for the whole window job","Seven systems and one person keeping them in step

Most window businesses do not have one system. They have seven, and one person in the middle, and that person is on annual leave in August.

CRM. Spreadsheet. Survey app. Quoting software. WhatsApp. Calendar. Delivery app.

The whole business is load-bearing on one person remembering that all seven are correct today. That is not a process. That is a personality.

Seven systems to one. fenora.pro

🪟  fenora.pro  —  one record for the whole window job","Seven systems and one person keeping them in step

Most window businesses do not have one system. They have seven, and one person in the middle, and that person is on annual leave in August.

CRM. Spreadsheet. Survey app. Quoting software. WhatsApp. Calendar. Delivery app.

The whole business is load-bearing on one person remembering that all seven are correct today. That is not a process. That is a personality.

Seven systems to one. fenora.pro


— fenora.pro",,08:15,draft,,,,Contrarian Takes
CT-05,contrarian,static,,The remake is the most expensive thing in the business.,"A remake is not just timber and glass.

A remake is a re-survey, a re-quote, a renegotiation, a new delivery, a second install, a second set of making good, a second customer phone call, a second apology and a customer who will now mention it to everyone they know.

One remake costs more than a year of software.

One remake almost always starts with two systems and one missed email.",,,"If you only measure one number in window manufacturing, measure the remake rate. Everything else is downstream of it.","Photorealistic photograph of a stack of ruined window frame offcuts and broken glass in a workshop skip, a broken IGU with a cracked pane visible, a gloved hand hovering, harsh light, melancholy and forensic Photorealistic editorial photograph, UK domestic architecture, soft overcast British daylight, shot on 35mm, shallow depth of field, muted natural palette of slate grey, birch plywood, anthracite and warm oak. Documentary realism, not glossy advertising. Absolutely no text, no captions, no logos, no watermarks, no UI overlays.",photo-real,,"IG,FB,LI",contrarian,"The remake is the most expensive thing in the business.

A remake is not just timber and glass.

A remake is a re-survey, a re-quote, a renegotiation, a new delivery, a second install, a second set of making good, a second customer phone call, a second apology and a customer who will now mention it to everyone they know.

One remake costs more than a year of software.

One remake almost always starts with two systems and one missed email.

🪟  fenora.pro  —  one record for the whole window job

#tradesindustry #unpopularopinion #buildintrade #tradesuk #fenorapro #constructionuk #renovation #homeimprovement #diy #makestrends #fenestration #glazing #joinery #doubleglazing #windows #fyp #reels #viral #trending","The remake is the most expensive thing in the business.

A remake is not just timber and glass.

A remake is a re-survey, a re-quote, a renegotiation, a new delivery, a second install, a second set of making good, a second customer phone call, a second apology and a customer who will now mention it to everyone they know.

One remake costs more than a year of software.

One remake almost always starts with two systems and one missed email.

🪟  fenora.pro  —  one record for the whole window job","The remake is the most expensive thing in the business.

A remake is not just timber and glass.

A remake is a re-survey, a re-quote, a renegotiation, a new delivery, a second install, a second set of making good, a second customer phone call, a second apology and a customer who will now mention it to everyone they know.

One remake costs more than a year of software.

One remake almost always starts with two systems and one missed email.

🪟  fenora.pro  —  one record for the whole window job","If you only measure one number in window manufacturing, measure the remake rate. Everything else is downstream of it.

A remake is not just timber and glass.

A remake is a re-survey, a re-quote, a renegotiation, a new delivery, a second install, a second set of making good, a second customer phone call, a second apology and a customer who will now mention it to everyone they know.

One remake costs more than a year of software.

One remake almost always starts with two systems and one missed email.


— fenora.pro",,08:15,draft,,,,Contrarian Takes
CT-06,contrarian,reel,,Stop calling it a survey. It is an investigation.,"A survey is not someone pointing a tape at a hole.

A survey is: is this wall load-bearing. Where is the cavity. Why is there a pipe. Is the lintel original. Is that plaster load-bearing or is that 30mm of nothing. Is the reveal square. Is the cill going to be level. Is the render sound. Is the cavity wall insulated. Is the floor in the way. Is the socket in the wrong place.

And it is all captured in a way the office can actually use, the workshop can actually trust, and the installer can actually see on the day.",The survey app that IS the quote. fenora.pro,The survey app that IS the quote. fenora.pro,,"Photorealistic 9:16 shot of a surveyor in a UK room with a laser measure, a probe, a torch, a notebook and a phone, shot from a low dramatic angle with dust in a beam of light, serious and cinematic, documentary hero shot Photorealistic candid documentary photograph of a UK tradesperson at work, hi-vis and worn workwear, tools and laser measure in frame, overcast British daylight, van or scaffold hinted in background, slightly chaotic and real, not staged. Muted natural palette, 35mm, shallow depth of field. Absolutely no text, no captions, no logos, no watermarks, no UI overlays.",photo-trades,9:16,"IG,FB,LI",contrarian,"Stop calling it a survey. It is an investigation.

A survey is not someone pointing a tape at a hole.

A survey is: is this wall load-bearing. Where is the cavity. Why is there a pipe. Is the lintel original. Is that plaster load-bearing or is that 30mm of nothing. Is the reveal square. Is the cill going to be level. Is the render sound. Is the cavity wall insulated. Is the floor in the way. Is the socket in the wrong place.

And it is all captured in a way the office can actually use, the workshop can actually trust, and the installer can actually see on the day.

The survey app that IS the quote. fenora.pro

🪟  fenora.pro  —  one record for the whole window job

#tradesindustry #unpopularopinion #buildintrade #tradesuk #fenorapro #renovation #homeimprovement #diy #makestrends #fenestration #glazing #joinery #doubleglazing #windows #fyp #reels #viral #trending #explore","Stop calling it a survey. It is an investigation.

A survey is not someone pointing a tape at a hole.

A survey is: is this wall load-bearing. Where is the cavity. Why is there a pipe. Is the lintel original. Is that plaster load-bearing or is that 30mm of nothing. Is the reveal square. Is the cill going to be level. Is the render sound. Is the cavity wall insulated. Is the floor in the way. Is the socket in the wrong place.

And it is all captured in a way the office can actually use, the workshop can actually trust, and the installer can actually see on the day.

The survey app that IS the quote. fenora.pro

🪟  fenora.pro  —  one record for the whole window job","Stop calling it a survey. It is an investigation.

A survey is not someone pointing a tape at a hole.

A survey is: is this wall load-bearing. Where is the cavity. Why is there a pipe. Is the lintel original. Is that plaster load-bearing or is that 30mm of nothing. Is the reveal square. Is the cill going to be level. Is the render sound. Is the cavity wall insulated. Is the floor in the way. Is the socket in the wrong place.

And it is all captured in a way the office can actually use, the workshop can actually trust, and the installer can actually see on the day.

The survey app that IS the quote. fenora.pro

🪟  fenora.pro  —  one record for the whole window job","Stop calling it a survey. It is an investigation.

A survey is not someone pointing a tape at a hole.

A survey is: is this wall load-bearing. Where is the cavity. Why is there a pipe. Is the lintel original. Is that plaster load-bearing or is that 30mm of nothing. Is the reveal square. Is the cill going to be level. Is the render sound. Is the cavity wall insulated. Is the floor in the way. Is the socket in the wrong place.

And it is all captured in a way the office can actually use, the workshop can actually trust, and the installer can actually see on the day.

The survey app that IS the quote. fenora.pro


— fenora.pro",,08:15,draft,,,,Contrarian Takes
CT-07,contrarian,static,,“We’re just a family firm.” You are a software company too.,"Every person in this trade carries a small, bespoke, undocumented business logic in their head.

Rates. Supplier relationships. What a rough opening is worth. Which fitter to send. Which customer pays. Which job to do first. How much to apologise. When to walk away.

It is not written down. It is not tested. It is not backed up. It works right up until the day it is needed and cannot be found.

That is what software is: making the person in the head legible.",Write it down. Once. fenora.pro,Write it down. Once. fenora.pro,"Most small businesses already run on software. It is just in someone's head, undocumented, untested, and gone the day they take a holiday.","Photorealistic contemplative photograph of an older tradesperson in a workshop, hand resting on a timber window frame, tools and dust in the air, a quiet thoughtful mood, single shaft of window light, documentary portrait Photorealistic candid documentary photograph of a UK tradesperson at work, hi-vis and worn workwear, tools and laser measure in frame, overcast British daylight, van or scaffold hinted in background, slightly chaotic and real, not staged. Muted natural palette, 35mm, shallow depth of field. Absolutely no text, no captions, no logos, no watermarks, no UI overlays.",photo-trades,,"IG,FB,LI",contrarian,"“We’re just a family firm.” You are a software company too.

Every person in this trade carries a small, bespoke, undocumented business logic in their head.

Rates. Supplier relationships. What a rough opening is worth. Which fitter to send. Which customer pays. Which job to do first. How much to apologise. When to walk away.

It is not written down. It is not tested. It is not backed up. It works right up until the day it is needed and cannot be found.

That is what software is: making the person in the head legible.

Write it down. Once. fenora.pro

🪟  fenora.pro  —  one record for the whole window job

#tradesindustry #unpopularopinion #buildintrade #tradesuk #fenorapro #homeimprovement #diy #makestrends #fenestration #glazing #joinery #doubleglazing #windows #fyp #reels #viral #trending #explore #reelsinstagram","“We’re just a family firm.” You are a software company too.

Every person in this trade carries a small, bespoke, undocumented business logic in their head.

Rates. Supplier relationships. What a rough opening is worth. Which fitter to send. Which customer pays. Which job to do first. How much to apologise. When to walk away.

It is not written down. It is not tested. It is not backed up. It works right up until the day it is needed and cannot be found.

That is what software is: making the person in the head legible.

Write it down. Once. fenora.pro

🪟  fenora.pro  —  one record for the whole window job","“We’re just a family firm.” You are a software company too.

Every person in this trade carries a small, bespoke, undocumented business logic in their head.

Rates. Supplier relationships. What a rough opening is worth. Which fitter to send. Which customer pays. Which job to do first. How much to apologise. When to walk away.

It is not written down. It is not tested. It is not backed up. It works right up until the day it is needed and cannot be found.

That is what software is: making the person in the head legible.

Write it down. Once. fenora.pro

🪟  fenora.pro  —  one record for the whole window job","Most small businesses already run on software. It is just in someone's head, undocumented, untested, and gone the day they take a holiday.

Every person in this trade carries a small, bespoke, undocumented business logic in their head.

Rates. Supplier relationships. What a rough opening is worth. Which fitter to send. Which customer pays. Which job to do first. How much to apologise. When to walk away.

It is not written down. It is not tested. It is not backed up. It works right up until the day it is needed and cannot be found.

That is what software is: making the person in the head legible.

Write it down. Once. fenora.pro


— fenora.pro",,08:15,draft,,,,Contrarian Takes
CT-08,contrarian,static,,The most expensive sentence in construction.,"“It’ll be fine.”

Said about a cill. Said about a foam bead. Said about a frame on a bad reveal. Said about a scaffold. Said about a load on a van.

It will probably be fine. It is also, in the rare occasion it is not, the most expensive sentence anyone in the room will ever utter, and there is never a second chance attached to it.",,,,"Photorealistic close-up of two tradespeople in a doorway, one talking and gesturing, one listening with arms folded, a questionable window installation visible behind them, tense standoff, moody natural light, cinematic Photorealistic editorial photograph, UK domestic architecture, soft overcast British daylight, shot on 35mm, shallow depth of field, muted natural palette of slate grey, birch plywood, anthracite and warm oak. Documentary realism, not glossy advertising. Absolutely no text, no captions, no logos, no watermarks, no UI overlays.",photo-real,,"IG,FB,LI",contrarian,"The most expensive sentence in construction.

“It’ll be fine.”

Said about a cill. Said about a foam bead. Said about a frame on a bad reveal. Said about a scaffold. Said about a load on a van.

It will probably be fine. It is also, in the rare occasion it is not, the most expensive sentence anyone in the room will ever utter, and there is never a second chance attached to it.

🪟  fenora.pro  —  one record for the whole window job

#tradesindustry #unpopularopinion #buildintrade #tradesuk #fenorapro #diy #makestrends #fenestration #glazing #joinery #doubleglazing #windows #fyp #reels #viral #trending #explore #reelsinstagram #tradeslife","The most expensive sentence in construction.

“It’ll be fine.”

Said about a cill. Said about a foam bead. Said about a frame on a bad reveal. Said about a scaffold. Said about a load on a van.

It will probably be fine. It is also, in the rare occasion it is not, the most expensive sentence anyone in the room will ever utter, and there is never a second chance attached to it.

🪟  fenora.pro  —  one record for the whole window job","The most expensive sentence in construction.

“It’ll be fine.”

Said about a cill. Said about a foam bead. Said about a frame on a bad reveal. Said about a scaffold. Said about a load on a van.

It will probably be fine. It is also, in the rare occasion it is not, the most expensive sentence anyone in the room will ever utter, and there is never a second chance attached to it.

🪟  fenora.pro  —  one record for the whole window job","The most expensive sentence in construction.

“It’ll be fine.”

Said about a cill. Said about a foam bead. Said about a frame on a bad reveal. Said about a scaffold. Said about a load on a van.

It will probably be fine. It is also, in the rare occasion it is not, the most expensive sentence anyone in the room will ever utter, and there is never a second chance attached to it.


— fenora.pro",,08:15,draft,,,,Contrarian Takes
CT-09,contrarian,carousel,,We will not publish your testimonials.,"Slide 1: You are about to spend a year of your life on this.

Slide 2: You will not put our logo on your van, or let us photograph your work, or write a paragraph for our website.

Slide 3: And that is completely fine.

Slide 4: So we will not publish numbers we cannot evidence either. No invented case studies. No “300% ROI”. No testimonials with suspiciously round figures.

Slide 5: We publish four measures: time to quote, remakes, margin held, and re-entries. Real customers. Real figures. Agreed before publication.","Proof, not adjectives. fenora.pro","Proof, not adjectives. fenora.pro","We do not publish customer testimonials. We publish four measurable outcomes instead, and only with the customer's agreement on the figures. Here is why.","Photorealistic understated dark-mode web page floating at an angle showing a clean, sparse layout with four simple stat blocks and no photographs, restrained and honest, neutral background, minimal product photography Clean product photograph of a modern desktop software interface floating at a slight angle, dark charcoal UI with orange accent, crisp data tables and technical window drawings, soft neutral studio background with realistic reflections and shadow. Abstract unreadable micro-text only. No legible words, no logos, no watermarks.",screen-mock,,"IG,FB,LI",contrarian,"We will not publish your testimonials.

Slide 1: You are about to spend a year of your life on this.

Slide 2: You will not put our logo on your van, or let us photograph your work, or write a paragraph for our website.

Slide 3: And that is completely fine.

Slide 4: So we will not publish numbers we cannot evidence either. No invented case studies. No “300% ROI”. No testimonials with suspiciously round figures.

Slide 5: We publish four measures: time to quote, remakes, margin held, and re-entries. Real customers. Real figures. Agreed before publication.

Proof, not adjectives. fenora.pro

🪟  fenora.pro  —  one record for the whole window job

#tradesindustry #unpopularopinion #buildintrade #tradesuk #fenorapro #makestrends #fenestration #glazing #joinery #doubleglazing #windows #fyp #reels #viral #trending #explore #reelsinstagram #tradeslife #tradesmen","We will not publish your testimonials.

Slide 1: You are about to spend a year of your life on this.

Slide 2: You will not put our logo on your van, or let us photograph your work, or write a paragraph for our website.

Slide 3: And that is completely fine.

Slide 4: So we will not publish numbers we cannot evidence either. No invented case studies. No “300% ROI”. No testimonials with suspiciously round figures.

Slide 5: We publish four measures: time to quote, remakes, margin held, and re-entries. Real customers. Real figures. Agreed before publication.

Proof, not adjectives. fenora.pro

🪟  fenora.pro  —  one record for the whole window job","We will not publish your testimonials.

Slide 1: You are about to spend a year of your life on this.

Slide 2: You will not put our logo on your van, or let us photograph your work, or write a paragraph for our website.

Slide 3: And that is completely fine.

Slide 4: So we will not publish numbers we cannot evidence either. No invented case studies. No “300% ROI”. No testimonials with suspiciously round figures.

Slide 5: We publish four measures: time to quote, remakes, margin held, and re-entries. Real customers. Real figures. Agreed before publication.

Proof, not adjectives. fenora.pro

🪟  fenora.pro  —  one record for the whole window job","We do not publish customer testimonials. We publish four measurable outcomes instead, and only with the customer's agreement on the figures. Here is why.

1. You are about to spend a year of your life on this.

2. You will not put our logo on your van, or let us photograph your work, or write a paragraph for our website.

3. And that is completely fine.

4. So we will not publish numbers we cannot evidence either. No invented case studies. No “300% ROI”. No testimonials with suspiciously round figures.

5. We publish four measures: time to quote, remakes, margin held, and re-entries. Real customers. Real figures. Agreed before publication.

Proof, not adjectives. fenora.pro


— fenora.pro",,08:15,draft,,,,Contrarian Takes
CT-10,contrarian,static,,Nobody wants another generic window advert.,"Nobody in this country has ever looked at a picture of a bright white bay window in an empty lounge and thought “I want one of those.”

They want their own house to not be cold in January. They want to stop hearing the road. They want the bathroom to not smell. They want to be able to open something without negotiating with a swollen frame.

The whole industry advertises the product and none of it advertises the outcome. Here is the outcome.","Windows, properly specified. fenora.pro","Windows, properly specified. fenora.pro",,"Photorealistic warm photograph of a lived-in UK family kitchen in winter evening, condensation on the new window gone, a kettle steaming, warm lamp light, a family blurred in the background, genuinely cosy, not a showroom, documentary warmth Photorealistic editorial photograph, UK domestic architecture, soft overcast British daylight, shot on 35mm, shallow depth of field, muted natural palette of slate grey, birch plywood, anthracite and warm oak. Documentary realism, not glossy advertising. Absolutely no text, no captions, no logos, no watermarks, no UI overlays.",photo-real,,"IG,FB,LI",contrarian,"Nobody wants another generic window advert.

Nobody in this country has ever looked at a picture of a bright white bay window in an empty lounge and thought “I want one of those.”

They want their own house to not be cold in January. They want to stop hearing the road. They want the bathroom to not smell. They want to be able to open something without negotiating with a swollen frame.

The whole industry advertises the product and none of it advertises the outcome. Here is the outcome.

Windows, properly specified. fenora.pro

🪟  fenora.pro  —  one record for the whole window job

#tradesindustry #unpopularopinion #buildintrade #tradesuk #fenorapro #fenestration #glazing #joinery #doubleglazing #windows #fyp #reels #viral #trending #explore #reelsinstagram #tradeslife #tradesmen #builderlife","Nobody wants another generic window advert.

Nobody in this country has ever looked at a picture of a bright white bay window in an empty lounge and thought “I want one of those.”

They want their own house to not be cold in January. They want to stop hearing the road. They want the bathroom to not smell. They want to be able to open something without negotiating with a swollen frame.

The whole industry advertises the product and none of it advertises the outcome. Here is the outcome.

Windows, properly specified. fenora.pro

🪟  fenora.pro  —  one record for the whole window job","Nobody wants another generic window advert.

Nobody in this country has ever looked at a picture of a bright white bay window in an empty lounge and thought “I want one of those.”

They want their own house to not be cold in January. They want to stop hearing the road. They want the bathroom to not smell. They want to be able to open something without negotiating with a swollen frame.

The whole industry advertises the product and none of it advertises the outcome. Here is the outcome.

Windows, properly specified. fenora.pro

🪟  fenora.pro  —  one record for the whole window job","Nobody wants another generic window advert.

Nobody in this country has ever looked at a picture of a bright white bay window in an empty lounge and thought “I want one of those.”

They want their own house to not be cold in January. They want to stop hearing the road. They want the bathroom to not smell. They want to be able to open something without negotiating with a swollen frame.

The whole industry advertises the product and none of it advertises the outcome. Here is the outcome.

Windows, properly specified. fenora.pro


— fenora.pro",,08:15,draft,,,,Contrarian Takes
CT-11,contrarian,static,,The customer is not comparing your price. They are comparing your patience.,"Three companies quoted. All three about the same money.

The one who rang back on the Tuesday about the reveal, sent the photo of the lintel, warned them about the cavity, and told them honestly that the cheaper option was a risk — got the job.

Nobody chose the best window. They chose the person who had clearly already been to the house in their head.",,,,"Photorealistic photograph of a tradesperson's desk mid-conversation, a phone showing an outgoing call, printed survey photos spread out, a window frame sample, warm lamp light, thoughtful and human, documentary Photorealistic candid documentary photograph of a UK tradesperson at work, hi-vis and worn workwear, tools and laser measure in frame, overcast British daylight, van or scaffold hinted in background, slightly chaotic and real, not staged. Muted natural palette, 35mm, shallow depth of field. Absolutely no text, no captions, no logos, no watermarks, no UI overlays.",photo-trades,,"IG,FB,LI",contrarian,"The customer is not comparing your price. They are comparing your patience.

Three companies quoted. All three about the same money.

The one who rang back on the Tuesday about the reveal, sent the photo of the lintel, warned them about the cavity, and told them honestly that the cheaper option was a risk — got the job.

Nobody chose the best window. They chose the person who had clearly already been to the house in their head.

🪟  fenora.pro  —  one record for the whole window job

#tradesindustry #unpopularopinion #buildintrade #tradesuk #fenorapro #glazing #joinery #doubleglazing #windows #fyp #reels #viral #trending #explore #reelsinstagram #tradeslife #tradesmen #builderlife #skilledtrades","The customer is not comparing your price. They are comparing your patience.

Three companies quoted. All three about the same money.

The one who rang back on the Tuesday about the reveal, sent the photo of the lintel, warned them about the cavity, and told them honestly that the cheaper option was a risk — got the job.

Nobody chose the best window. They chose the person who had clearly already been to the house in their head.

🪟  fenora.pro  —  one record for the whole window job","The customer is not comparing your price. They are comparing your patience.

Three companies quoted. All three about the same money.

The one who rang back on the Tuesday about the reveal, sent the photo of the lintel, warned them about the cavity, and told them honestly that the cheaper option was a risk — got the job.

Nobody chose the best window. They chose the person who had clearly already been to the house in their head.

🪟  fenora.pro  —  one record for the whole window job","The customer is not comparing your price. They are comparing your patience.

Three companies quoted. All three about the same money.

The one who rang back on the Tuesday about the reveal, sent the photo of the lintel, warned them about the cavity, and told them honestly that the cheaper option was a risk — got the job.

Nobody chose the best window. They chose the person who had clearly already been to the house in their head.


— fenora.pro",,08:15,draft,,,,Contrarian Takes
CT-12,contrarian,static,,Unpopular: nobody is coming to you for the glass.,"The public will buy a window off a price. The trade will not.

A fitter does not care about your spacer bar. A fitter cares whether the frame is heavy, whether the packers are in the van, whether the person selling it picked up the phone, and whether the size on the drawing is the size that arrives.

Stop selling to the public. Serve the fitter properly and the public comes with them.",,,This industry markets to homeowners. It should market to fitters. Every serious conversion in the trade happens because a fitter told a homeowner it was fine.,"Photorealistic portrait photograph of a UK window fitter in workwear standing confidently on a residential doorstep, holding a tablet, looking directly at camera, warm morning light, shallow depth of field, capable and human Photorealistic candid documentary photograph of a UK tradesperson at work, hi-vis and worn workwear, tools and laser measure in frame, overcast British daylight, van or scaffold hinted in background, slightly chaotic and real, not staged. Muted natural palette, 35mm, shallow depth of field. Absolutely no text, no captions, no logos, no watermarks, no UI overlays.",photo-trades,,"IG,FB,LI",contrarian,"Unpopular: nobody is coming to you for the glass.

The public will buy a window off a price. The trade will not.

A fitter does not care about your spacer bar. A fitter cares whether the frame is heavy, whether the packers are in the van, whether the person selling it picked up the phone, and whether the size on the drawing is the size that arrives.

Stop selling to the public. Serve the fitter properly and the public comes with them.

🪟  fenora.pro  —  one record for the whole window job

#tradesindustry #unpopularopinion #buildintrade #tradesuk #fenorapro #joinery #doubleglazing #windows #fyp #reels #viral #trending #explore #reelsinstagram #tradeslife #tradesmen #builderlife #skilledtrades #bluecollar","Unpopular: nobody is coming to you for the glass.

The public will buy a window off a price. The trade will not.

A fitter does not care about your spacer bar. A fitter cares whether the frame is heavy, whether the packers are in the van, whether the person selling it picked up the phone, and whether the size on the drawing is the size that arrives.

Stop selling to the public. Serve the fitter properly and the public comes with them.

🪟  fenora.pro  —  one record for the whole window job","Unpopular: nobody is coming to you for the glass.

The public will buy a window off a price. The trade will not.

A fitter does not care about your spacer bar. A fitter cares whether the frame is heavy, whether the packers are in the van, whether the person selling it picked up the phone, and whether the size on the drawing is the size that arrives.

Stop selling to the public. Serve the fitter properly and the public comes with them.

🪟  fenora.pro  —  one record for the whole window job","This industry markets to homeowners. It should market to fitters. Every serious conversion in the trade happens because a fitter told a homeowner it was fine.

The public will buy a window off a price. The trade will not.

A fitter does not care about your spacer bar. A fitter cares whether the frame is heavy, whether the packers are in the van, whether the person selling it picked up the phone, and whether the size on the drawing is the size that arrives.

Stop selling to the public. Serve the fitter properly and the public comes with them.


— fenora.pro",,08:15,draft,,,,Contrarian Takes
CT-13,contrarian,static,,The re-entry tax.,"Count it. Pick one job from enquiry to final invoice.

Typed into the CRM. Re-typed into the spreadsheet. Re-typed into the survey app. Re-typed into the quote. Re-typed into the cut list. Re-keyed into the delivery app. Re-keyed into the invoice.

Now count how many of those seven versions still agree with each other. Pick a job where somebody corrected the width on the third one. There is your remake.",One record. Zero re-entries. fenora.pro,One record. Zero re-entries. fenora.pro,,"Photorealistic overhead photograph of a single job sheet covered in six different handwritings and annotations in six different pens, some parts crossed out, arrows everywhere, a coffee ring, forensic and chaotic, overhead light Photorealistic editorial photograph, UK domestic architecture, soft overcast British daylight, shot on 35mm, shallow depth of field, muted natural palette of slate grey, birch plywood, anthracite and warm oak. Documentary realism, not glossy advertising. Absolutely no text, no captions, no logos, no watermarks, no UI overlays.",photo-real,,"IG,FB,LI",contrarian,"The re-entry tax.

Count it. Pick one job from enquiry to final invoice.

Typed into the CRM. Re-typed into the spreadsheet. Re-typed into the survey app. Re-typed into the quote. Re-typed into the cut list. Re-keyed into the delivery app. Re-keyed into the invoice.

Now count how many of those seven versions still agree with each other. Pick a job where somebody corrected the width on the third one. There is your remake.

One record. Zero re-entries. fenora.pro

🪟  fenora.pro  —  one record for the whole window job

#tradesindustry #unpopularopinion #buildintrade #tradesuk #fenorapro #doubleglazing #windows #fyp #reels #viral #trending #explore #reelsinstagram #tradeslife #tradesmen #builderlife #skilledtrades #bluecollar #constructionuk","The re-entry tax.

Count it. Pick one job from enquiry to final invoice.

Typed into the CRM. Re-typed into the spreadsheet. Re-typed into the survey app. Re-typed into the quote. Re-typed into the cut list. Re-keyed into the delivery app. Re-keyed into the invoice.

Now count how many of those seven versions still agree with each other. Pick a job where somebody corrected the width on the third one. There is your remake.

One record. Zero re-entries. fenora.pro

🪟  fenora.pro  —  one record for the whole window job","The re-entry tax.

Count it. Pick one job from enquiry to final invoice.

Typed into the CRM. Re-typed into the spreadsheet. Re-typed into the survey app. Re-typed into the quote. Re-typed into the cut list. Re-keyed into the delivery app. Re-keyed into the invoice.

Now count how many of those seven versions still agree with each other. Pick a job where somebody corrected the width on the third one. There is your remake.

One record. Zero re-entries. fenora.pro

🪟  fenora.pro  —  one record for the whole window job","The re-entry tax.

Count it. Pick one job from enquiry to final invoice.

Typed into the CRM. Re-typed into the spreadsheet. Re-typed into the survey app. Re-typed into the quote. Re-typed into the cut list. Re-keyed into the delivery app. Re-keyed into the invoice.

Now count how many of those seven versions still agree with each other. Pick a job where somebody corrected the width on the third one. There is your remake.

One record. Zero re-entries. fenora.pro


— fenora.pro",,08:15,draft,,,,Contrarian Takes
CT-14,contrarian,static,,“We’ll sort it out on site.”,"“We’ll sort it out on site” is how every job becomes a five-day job.

It is a phrase that contains no information. It has no owner, no cost, no time, no material and no definition of done.

It is also, genuinely, the most reassuring sentence in construction, which is probably why we all keep saying it.",,,,"Photorealistic photograph of a workbench with a scribbled note, a tape measure, a badly written list, a hi-vis jacket, and a van door open in the background with low evening light, warm and vague, aspirational ambiguity Photorealistic editorial photograph, UK domestic architecture, soft overcast British daylight, shot on 35mm, shallow depth of field, muted natural palette of slate grey, birch plywood, anthracite and warm oak. Documentary realism, not glossy advertising. Absolutely no text, no captions, no logos, no watermarks, no UI overlays.",photo-real,,"IG,FB,LI",contrarian,"“We’ll sort it out on site.”

“We’ll sort it out on site” is how every job becomes a five-day job.

It is a phrase that contains no information. It has no owner, no cost, no time, no material and no definition of done.

It is also, genuinely, the most reassuring sentence in construction, which is probably why we all keep saying it.

🪟  fenora.pro  —  one record for the whole window job

#tradesindustry #unpopularopinion #buildintrade #tradesuk #fenorapro #windows #fyp #reels #viral #trending #explore #reelsinstagram #tradeslife #tradesmen #builderlife #skilledtrades #bluecollar #constructionuk #renovation","“We’ll sort it out on site.”

“We’ll sort it out on site” is how every job becomes a five-day job.

It is a phrase that contains no information. It has no owner, no cost, no time, no material and no definition of done.

It is also, genuinely, the most reassuring sentence in construction, which is probably why we all keep saying it.

🪟  fenora.pro  —  one record for the whole window job","“We’ll sort it out on site.”

“We’ll sort it out on site” is how every job becomes a five-day job.

It is a phrase that contains no information. It has no owner, no cost, no time, no material and no definition of done.

It is also, genuinely, the most reassuring sentence in construction, which is probably why we all keep saying it.

🪟  fenora.pro  —  one record for the whole window job","“We’ll sort it out on site.”

It is a phrase that contains no information. It has no owner, no cost, no time, no material and no definition of done.

It is also, genuinely, the most reassuring sentence in construction, which is probably why we all keep saying it.


— fenora.pro",,08:15,draft,,,,Contrarian Takes
CT-15,contrarian,carousel,,The three things a window quote should tell you and usually doesn’t,"Slide 1: WHERE THE WATER GOES. Rain, run, down, out. Cill fall, horn detail, the whole thing. If that is not on the drawing, it is not been thought about.

Slide 2: HOW BIG THE GLASS IS. Not the window. The glass. Sightlines eat 28%.

Slide 3: WHAT HAPPENS IF IT IS WRONG. The variation process. Who approves it, who pays for it, how long it takes. If the quote does not say, you are carrying that risk, alone, forever.",Quote the details. fenora.pro,Quote the details. fenora.pro,,"Photorealistic technical photograph of a window cill detail drawing on paper beside a physical installed cill, rainwater droplets beading and running, a slope indicator, warm desk light, analytical and beautiful Photorealistic editorial photograph, UK domestic architecture, soft overcast British daylight, shot on 35mm, shallow depth of field, muted natural palette of slate grey, birch plywood, anthracite and warm oak. Documentary realism, not glossy advertising. Absolutely no text, no captions, no logos, no watermarks, no UI overlays.",photo-real,,"IG,FB,LI",contrarian,"The three things a window quote should tell you and usually doesn’t

Slide 1: WHERE THE WATER GOES. Rain, run, down, out. Cill fall, horn detail, the whole thing. If that is not on the drawing, it is not been thought about.

Slide 2: HOW BIG THE GLASS IS. Not the window. The glass. Sightlines eat 28%.

Slide 3: WHAT HAPPENS IF IT IS WRONG. The variation process. Who approves it, who pays for it, how long it takes. If the quote does not say, you are carrying that risk, alone, forever.

Quote the details. fenora.pro

🪟  fenora.pro  —  one record for the whole window job

#tradesindustry #unpopularopinion #buildintrade #tradesuk #fenorapro #fyp #reels #viral #trending #explore #reelsinstagram #tradeslife #tradesmen #builderlife #skilledtrades #bluecollar #constructionuk #renovation #homeimprovement","The three things a window quote should tell you and usually doesn’t

Slide 1: WHERE THE WATER GOES. Rain, run, down, out. Cill fall, horn detail, the whole thing. If that is not on the drawing, it is not been thought about.

Slide 2: HOW BIG THE GLASS IS. Not the window. The glass. Sightlines eat 28%.

Slide 3: WHAT HAPPENS IF IT IS WRONG. The variation process. Who approves it, who pays for it, how long it takes. If the quote does not say, you are carrying that risk, alone, forever.

Quote the details. fenora.pro

🪟  fenora.pro  —  one record for the whole window job","The three things a window quote should tell you and usually doesn’t

Slide 1: WHERE THE WATER GOES. Rain, run, down, out. Cill fall, horn detail, the whole thing. If that is not on the drawing, it is not been thought about.

Slide 2: HOW BIG THE GLASS IS. Not the window. The glass. Sightlines eat 28%.

Slide 3: WHAT HAPPENS IF IT IS WRONG. The variation process. Who approves it, who pays for it, how long it takes. If the quote does not say, you are carrying that risk, alone, forever.

Quote the details. fenora.pro

🪟  fenora.pro  —  one record for the whole window job","The three things a window quote should tell you and usually doesn’t

1. WHERE THE WATER GOES. Rain, run, down, out. Cill fall, horn detail, the whole thing. If that is not on the drawing, it is not been thought about.

2. HOW BIG THE GLASS IS. Not the window. The glass. Sightlines eat 28%.

3. WHAT HAPPENS IF IT IS WRONG. The variation process. Who approves it, who pays for it, how long it takes. If the quote does not say, you are carrying that risk, alone, forever.

Quote the details. fenora.pro


— fenora.pro",,08:15,draft,,,,Contrarian Takes
CT-16,contrarian,static,,Your business is not a window business. It is a logistics business.,"You sell frames, but what you actually do is move a fragile, awkward, made-to-measure object from a factory to a specific opening in a specific house on a specific day, through a specific gate, past a specific dog.

The window is the payload. The job is the route. Most of the failures happen on the road and in the reveal, not in the factory.","Load, route, conditions, signature. fenora.pro","Load, route, conditions, signature. fenora.pro",,"Photorealistic photograph of a delivery van loaded with window frames reversing through narrow UK terraced streets, a colleague spotting from a pavement, tight clearance, a wheelie bin, late afternoon light, documentary and dynamic Photorealistic candid documentary photograph of a UK tradesperson at work, hi-vis and worn workwear, tools and laser measure in frame, overcast British daylight, van or scaffold hinted in background, slightly chaotic and real, not staged. Muted natural palette, 35mm, shallow depth of field. Absolutely no text, no captions, no logos, no watermarks, no UI overlays.",photo-trades,,"IG,FB,LI",contrarian,"Your business is not a window business. It is a logistics business.

You sell frames, but what you actually do is move a fragile, awkward, made-to-measure object from a factory to a specific opening in a specific house on a specific day, through a specific gate, past a specific dog.

The window is the payload. The job is the route. Most of the failures happen on the road and in the reveal, not in the factory.

Load, route, conditions, signature. fenora.pro

🪟  fenora.pro  —  one record for the whole window job

#tradesindustry #unpopularopinion #buildintrade #tradesuk #fenorapro #reels #viral #trending #explore #reelsinstagram #tradeslife #tradesmen #builderlife #skilledtrades #bluecollar #constructionuk #renovation #homeimprovement #diy","Your business is not a window business. It is a logistics business.

You sell frames, but what you actually do is move a fragile, awkward, made-to-measure object from a factory to a specific opening in a specific house on a specific day, through a specific gate, past a specific dog.

The window is the payload. The job is the route. Most of the failures happen on the road and in the reveal, not in the factory.

Load, route, conditions, signature. fenora.pro

🪟  fenora.pro  —  one record for the whole window job","Your business is not a window business. It is a logistics business.

You sell frames, but what you actually do is move a fragile, awkward, made-to-measure object from a factory to a specific opening in a specific house on a specific day, through a specific gate, past a specific dog.

The window is the payload. The job is the route. Most of the failures happen on the road and in the reveal, not in the factory.

Load, route, conditions, signature. fenora.pro

🪟  fenora.pro  —  one record for the whole window job","Your business is not a window business. It is a logistics business.

You sell frames, but what you actually do is move a fragile, awkward, made-to-measure object from a factory to a specific opening in a specific house on a specific day, through a specific gate, past a specific dog.

The window is the payload. The job is the route. Most of the failures happen on the road and in the reveal, not in the factory.

Load, route, conditions, signature. fenora.pro


— fenora.pro",,08:15,draft,,,,Contrarian Takes
CT-17,contrarian,static,,Most window businesses cannot answer one question.,"“What did that job actually make you?”

Not the quote. The job. After the glass, the fittings, the second visit, the van hire and the three hours you spent on a variation nobody invoiced.

Most businesses genuinely do not know. Not because they are not trading, but because the information needed to know lives in four places and none of them talk.","Margin held, not just margin quoted. fenora.pro","Margin held, not just margin quoted. fenora.pro","If you cannot answer 'what did that job actually make me', you are running a hobby with a payroll attached.","Photorealistic close-up of a hand hovering over a calculator on an office desk beside a job file and a coffee cup, dim late afternoon light, a sense of not knowing, contemplative and relatable Photorealistic editorial photograph, UK domestic architecture, soft overcast British daylight, shot on 35mm, shallow depth of field, muted natural palette of slate grey, birch plywood, anthracite and warm oak. Documentary realism, not glossy advertising. Absolutely no text, no captions, no logos, no watermarks, no UI overlays.",photo-real,,"IG,FB,LI",contrarian,"Most window businesses cannot answer one question.

“What did that job actually make you?”

Not the quote. The job. After the glass, the fittings, the second visit, the van hire and the three hours you spent on a variation nobody invoiced.

Most businesses genuinely do not know. Not because they are not trading, but because the information needed to know lives in four places and none of them talk.

Margin held, not just margin quoted. fenora.pro

🪟  fenora.pro  —  one record for the whole window job

#tradesindustry #unpopularopinion #buildintrade #tradesuk #fenorapro #viral #trending #explore #reelsinstagram #tradeslife #tradesmen #builderlife #skilledtrades #bluecollar #constructionuk #renovation #homeimprovement #diy #makestrends","Most window businesses cannot answer one question.

“What did that job actually make you?”

Not the quote. The job. After the glass, the fittings, the second visit, the van hire and the three hours you spent on a variation nobody invoiced.

Most businesses genuinely do not know. Not because they are not trading, but because the information needed to know lives in four places and none of them talk.

Margin held, not just margin quoted. fenora.pro

🪟  fenora.pro  —  one record for the whole window job","Most window businesses cannot answer one question.

“What did that job actually make you?”

Not the quote. The job. After the glass, the fittings, the second visit, the van hire and the three hours you spent on a variation nobody invoiced.

Most businesses genuinely do not know. Not because they are not trading, but because the information needed to know lives in four places and none of them talk.

Margin held, not just margin quoted. fenora.pro

🪟  fenora.pro  —  one record for the whole window job","If you cannot answer 'what did that job actually make me', you are running a hobby with a payroll attached.

“What did that job actually make you?”

Not the quote. The job. After the glass, the fittings, the second visit, the van hire and the three hours you spent on a variation nobody invoiced.

Most businesses genuinely do not know. Not because they are not trading, but because the information needed to know lives in four places and none of them talk.

Margin held, not just margin quoted. fenora.pro


— fenora.pro",,08:15,draft,,,,Contrarian Takes
CT-18,contrarian,static,,Unpopular: your lead generation is fine.,"You do not have a marketing problem.

You have a follow-up problem. The last lead that quoted with you and did not buy — have you rung them? Have you asked what happened? Have you rung them again in March?

In this trade, the average job is won long after the quote goes out, usually by whoever is still being polite. Most businesses stop being polite after two contacts.

Do the boring thing eight more times.",,,,"Photorealistic photograph of a tradesperson in a van making a follow-up call, a handwritten list of customer names on the dashboard, coffee, late afternoon sun, purposeful and unglamorous, documentary Photorealistic candid documentary photograph of a UK tradesperson at work, hi-vis and worn workwear, tools and laser measure in frame, overcast British daylight, van or scaffold hinted in background, slightly chaotic and real, not staged. Muted natural palette, 35mm, shallow depth of field. Absolutely no text, no captions, no logos, no watermarks, no UI overlays.",photo-trades,,"IG,FB,LI",contrarian,"Unpopular: your lead generation is fine.

You do not have a marketing problem.

You have a follow-up problem. The last lead that quoted with you and did not buy — have you rung them? Have you asked what happened? Have you rung them again in March?

In this trade, the average job is won long after the quote goes out, usually by whoever is still being polite. Most businesses stop being polite after two contacts.

Do the boring thing eight more times.

🪟  fenora.pro  —  one record for the whole window job

#tradesindustry #unpopularopinion #buildintrade #tradesuk #fenorapro #trending #explore #reelsinstagram #tradeslife #tradesmen #builderlife #skilledtrades #bluecollar #constructionuk #renovation #homeimprovement #diy #makestrends #fenestration","Unpopular: your lead generation is fine.

You do not have a marketing problem.

You have a follow-up problem. The last lead that quoted with you and did not buy — have you rung them? Have you asked what happened? Have you rung them again in March?

In this trade, the average job is won long after the quote goes out, usually by whoever is still being polite. Most businesses stop being polite after two contacts.

Do the boring thing eight more times.

🪟  fenora.pro  —  one record for the whole window job","Unpopular: your lead generation is fine.

You do not have a marketing problem.

You have a follow-up problem. The last lead that quoted with you and did not buy — have you rung them? Have you asked what happened? Have you rung them again in March?

In this trade, the average job is won long after the quote goes out, usually by whoever is still being polite. Most businesses stop being polite after two contacts.

Do the boring thing eight more times.

🪟  fenora.pro  —  one record for the whole window job","Unpopular: your lead generation is fine.

You do not have a marketing problem.

You have a follow-up problem. The last lead that quoted with you and did not buy — have you rung them? Have you asked what happened? Have you rung them again in March?

In this trade, the average job is won long after the quote goes out, usually by whoever is still being polite. Most businesses stop being polite after two contacts.

Do the boring thing eight more times.


— fenora.pro",,08:15,draft,,,,Contrarian Takes
WIP-01,wip,static,,"Drawn to scale, before anyone has a price.","The drawing comes first.

Not the price. The drawing. Because the drawing is the product and the price is a consequence of it, and a company that does it the other way round ends up quoting things it cannot make.

Every unit in this system is drawn as it will be manufactured — pane by pane, with sizes, glazing, bars, cills, horns, hardware and separate internal and external colours.

The drawing on the quote is the drawing the workshop builds from.",fenora.pro,fenora.pro,,"Photorealistic close-up of a technical window elevation drawing on paper on a workbench, dimension lines and annotations, a pencil, a scale rule and a corner sample of the actual frame beside it, warm side light, precise and satisfying Photorealistic editorial photograph, UK domestic architecture, soft overcast British daylight, shot on 35mm, shallow depth of field, muted natural palette of slate grey, birch plywood, anthracite and warm oak. Documentary realism, not glossy advertising. Absolutely no text, no captions, no logos, no watermarks, no UI overlays.",photo-real,,"IG,FB,LI",wip,"Drawn to scale, before anyone has a price.

The drawing comes first.

Not the price. The drawing. Because the drawing is the product and the price is a consequence of it, and a company that does it the other way round ends up quoting things it cannot make.

Every unit in this system is drawn as it will be manufactured — pane by pane, with sizes, glazing, bars, cills, horns, hardware and separate internal and external colours.

The drawing on the quote is the drawing the workshop builds from.

fenora.pro

🪟  fenora.pro  —  one record for the whole window job

#buildinpublic #saasbuild #logistics #behindthescenes #fenorapro #tradesmen #builderlife #skilledtrades #bluecollar #constructionuk #renovation #homeimprovement #diy #makestrends #fenestration #glazing #joinery #doubleglazing #windows","Drawn to scale, before anyone has a price.

The drawing comes first.

Not the price. The drawing. Because the drawing is the product and the price is a consequence of it, and a company that does it the other way round ends up quoting things it cannot make.

Every unit in this system is drawn as it will be manufactured — pane by pane, with sizes, glazing, bars, cills, horns, hardware and separate internal and external colours.

The drawing on the quote is the drawing the workshop builds from.

fenora.pro

🪟  fenora.pro  —  one record for the whole window job","Drawn to scale, before anyone has a price.

The drawing comes first.

Not the price. The drawing. Because the drawing is the product and the price is a consequence of it, and a company that does it the other way round ends up quoting things it cannot make.

Every unit in this system is drawn as it will be manufactured — pane by pane, with sizes, glazing, bars, cills, horns, hardware and separate internal and external colours.

The drawing on the quote is the drawing the workshop builds from.

fenora.pro

🪟  fenora.pro  —  one record for the whole window job","Drawn to scale, before anyone has a price.

The drawing comes first.

Not the price. The drawing. Because the drawing is the product and the price is a consequence of it, and a company that does it the other way round ends up quoting things it cannot make.

Every unit in this system is drawn as it will be manufactured — pane by pane, with sizes, glazing, bars, cills, horns, hardware and separate internal and external colours.

The drawing on the quote is the drawing the workshop builds from.

fenora.pro


— fenora.pro",,08:15,draft,,,,Behind the Scenes
WIP-02,wip,reel,,"From enquiry to signature, in one record","ENQUIRY → SURVEY → CONFIGURE → QUOTE → SIGNED

One record the whole way.

Not seven systems with a person in the middle.

One record that carries the address, the specification, the evidence, the price, the drawings and the history from the first phone call to the final invoice.

Same record. Different screens. Nobody retypes anything.",See it. fenora.pro,See it. fenora.pro,,"Photorealistic 9:16 screen-focused shot of a clean dark interface showing a vertical job pipeline with stages and a single record card following through each one, cinematic reflections, moody studio lighting, modern and precise Clean product photograph of a modern desktop software interface floating at a slight angle, dark charcoal UI with orange accent, crisp data tables and technical window drawings, soft neutral studio background with realistic reflections and shadow. Abstract unreadable micro-text only. No legible words, no logos, no watermarks.",screen-mock,9:16,"IG,FB,LI",wip,"From enquiry to signature, in one record

ENQUIRY → SURVEY → CONFIGURE → QUOTE → SIGNED

One record the whole way.

Not seven systems with a person in the middle.

One record that carries the address, the specification, the evidence, the price, the drawings and the history from the first phone call to the final invoice.

Same record. Different screens. Nobody retypes anything.

See it. fenora.pro

🪟  fenora.pro  —  one record for the whole window job

#buildinpublic #saasbuild #logistics #behindthescenes #fenorapro #builderlife #skilledtrades #bluecollar #constructionuk #renovation #homeimprovement #diy #makestrends #fenestration #glazing #joinery #doubleglazing #windows #fyp","From enquiry to signature, in one record

ENQUIRY → SURVEY → CONFIGURE → QUOTE → SIGNED

One record the whole way.

Not seven systems with a person in the middle.

One record that carries the address, the specification, the evidence, the price, the drawings and the history from the first phone call to the final invoice.

Same record. Different screens. Nobody retypes anything.

See it. fenora.pro

🪟  fenora.pro  —  one record for the whole window job","From enquiry to signature, in one record

ENQUIRY → SURVEY → CONFIGURE → QUOTE → SIGNED

One record the whole way.

Not seven systems with a person in the middle.

One record that carries the address, the specification, the evidence, the price, the drawings and the history from the first phone call to the final invoice.

Same record. Different screens. Nobody retypes anything.

See it. fenora.pro

🪟  fenora.pro  —  one record for the whole window job","From enquiry to signature, in one record

ENQUIRY → SURVEY → CONFIGURE → QUOTE → SIGNED

One record the whole way.

Not seven systems with a person in the middle.

One record that carries the address, the specification, the evidence, the price, the drawings and the history from the first phone call to the final invoice.

Same record. Different screens. Nobody retypes anything.

See it. fenora.pro


— fenora.pro",,08:15,draft,,,,Behind the Scenes
WIP-03,wip,static,,The DXF export nobody asked for and everybody needs.,"You configure it once.

It goes into the quote, the survey, the cut list, the label, the workshop drawing and the DXF the CNC and the nesting software and the glass supplier and the delivery note.

One drawing, drawn once, correct everywhere.

The alternative is the same window being drawn nine times by nine people, nine slightly differently, and one of them being wrong.","DXF export, in the quote and the job. fenora.pro","DXF export, in the quote and the job. fenora.pro",,"Photorealistic still life of a laptop showing a technical window elevation, a printed drawing beside it, a roll of printed labels, a barcode scanner, a CNC router blurred in the background, workshop light, documentary and precise Clean product photograph of a modern desktop software interface floating at a slight angle, dark charcoal UI with orange accent, crisp data tables and technical window drawings, soft neutral studio background with realistic reflections and shadow. Abstract unreadable micro-text only. No legible words, no logos, no watermarks.",screen-mock,,"IG,FB,LI",wip,"The DXF export nobody asked for and everybody needs.

You configure it once.

It goes into the quote, the survey, the cut list, the label, the workshop drawing and the DXF the CNC and the nesting software and the glass supplier and the delivery note.

One drawing, drawn once, correct everywhere.

The alternative is the same window being drawn nine times by nine people, nine slightly differently, and one of them being wrong.

DXF export, in the quote and the job. fenora.pro

🪟  fenora.pro  —  one record for the whole window job

#buildinpublic #saasbuild #logistics #behindthescenes #fenorapro #skilledtrades #bluecollar #constructionuk #renovation #homeimprovement #diy #makestrends #fenestration #glazing #joinery #doubleglazing #windows #fyp #reels","The DXF export nobody asked for and everybody needs.

You configure it once.

It goes into the quote, the survey, the cut list, the label, the workshop drawing and the DXF the CNC and the nesting software and the glass supplier and the delivery note.

One drawing, drawn once, correct everywhere.

The alternative is the same window being drawn nine times by nine people, nine slightly differently, and one of them being wrong.

DXF export, in the quote and the job. fenora.pro

🪟  fenora.pro  —  one record for the whole window job","The DXF export nobody asked for and everybody needs.

You configure it once.

It goes into the quote, the survey, the cut list, the label, the workshop drawing and the DXF the CNC and the nesting software and the glass supplier and the delivery note.

One drawing, drawn once, correct everywhere.

The alternative is the same window being drawn nine times by nine people, nine slightly differently, and one of them being wrong.

DXF export, in the quote and the job. fenora.pro

🪟  fenora.pro  —  one record for the whole window job","The DXF export nobody asked for and everybody needs.

You configure it once.

It goes into the quote, the survey, the cut list, the label, the workshop drawing and the DXF the CNC and the nesting software and the glass supplier and the delivery note.

One drawing, drawn once, correct everywhere.

The alternative is the same window being drawn nine times by nine people, nine slightly differently, and one of them being wrong.

DXF export, in the quote and the job. fenora.pro


— fenora.pro",,08:15,draft,,,,Behind the Scenes
WIP-04,wip,static,,A variation is not a problem. A hidden variation is a problem.,"The reveal is 9mm different from the quote.

That is not a disaster. That is Tuesday.

It gets photographed on site, flagged against the opening, priced in the office against your actual rates, approved by the customer on their phone, and pushed straight back onto the quote.

The disaster version is the one that sits in somebody’s notebook for nine days and gets discovered in the workshop by a cutting machine.","Variations evidenced, priced, approved, carried. fenora.pro","Variations evidenced, priced, approved, carried. fenora.pro","Variations are not exceptions. They are a known, priced, manageable part of every window job. The only thing you can eliminate is the surprise.","Photorealistic photograph of a phone held up at a window opening showing a photo of a measurement discrepancy, a laser measure and a notebook beside it, evidence gathering, morning light, documentary and hopeful Photorealistic candid documentary photograph of a UK tradesperson at work, hi-vis and worn workwear, tools and laser measure in frame, overcast British daylight, van or scaffold hinted in background, slightly chaotic and real, not staged. Muted natural palette, 35mm, shallow depth of field. Absolutely no text, no captions, no logos, no watermarks, no UI overlays.",photo-trades,,"IG,FB,LI",wip,"A variation is not a problem. A hidden variation is a problem.

The reveal is 9mm different from the quote.

That is not a disaster. That is Tuesday.

It gets photographed on site, flagged against the opening, priced in the office against your actual rates, approved by the customer on their phone, and pushed straight back onto the quote.

The disaster version is the one that sits in somebody’s notebook for nine days and gets discovered in the workshop by a cutting machine.

Variations evidenced, priced, approved, carried. fenora.pro

🪟  fenora.pro  —  one record for the whole window job

#buildinpublic #saasbuild #logistics #behindthescenes #fenorapro #bluecollar #constructionuk #renovation #homeimprovement #diy #makestrends #fenestration #glazing #joinery #doubleglazing #windows #fyp #reels #viral","A variation is not a problem. A hidden variation is a problem.

The reveal is 9mm different from the quote.

That is not a disaster. That is Tuesday.

It gets photographed on site, flagged against the opening, priced in the office against your actual rates, approved by the customer on their phone, and pushed straight back onto the quote.

The disaster version is the one that sits in somebody’s notebook for nine days and gets discovered in the workshop by a cutting machine.

Variations evidenced, priced, approved, carried. fenora.pro

🪟  fenora.pro  —  one record for the whole window job","A variation is not a problem. A hidden variation is a problem.

The reveal is 9mm different from the quote.

That is not a disaster. That is Tuesday.

It gets photographed on site, flagged against the opening, priced in the office against your actual rates, approved by the customer on their phone, and pushed straight back onto the quote.

The disaster version is the one that sits in somebody’s notebook for nine days and gets discovered in the workshop by a cutting machine.

Variations evidenced, priced, approved, carried. fenora.pro

🪟  fenora.pro  —  one record for the whole window job","Variations are not exceptions. They are a known, priced, manageable part of every window job. The only thing you can eliminate is the surprise.

The reveal is 9mm different from the quote.

That is not a disaster. That is Tuesday.

It gets photographed on site, flagged against the opening, priced in the office against your actual rates, approved by the customer on their phone, and pushed straight back onto the quote.

The disaster version is the one that sits in somebody’s notebook for nine days and gets discovered in the workshop by a cutting machine.

Variations evidenced, priced, approved, carried. fenora.pro


— fenora.pro",,08:15,draft,,,,Behind the Scenes
WIP-05,wip,static,,Offline is not a feature. It is Tuesday in Worcestershire.,"Half of this country has no signal, or one bar, or signal that only works if you stand on the step with your arm up.

So the survey app measures, photographs, annotates, records voice notes and completes the opening — with no connection at all — and syncs when it finds some.

Because a survey that stops working in a barn is a survey that does not get done.",Works with no signal. fenora.pro,Works with no signal. fenora.pro,,"Photorealistic photograph of a surveyor in a stone barn or rural outbuilding holding a phone with no signal, a laser measure and tape, dark interior with light through a small window, determined, atmospheric, cinematic Photorealistic candid documentary photograph of a UK tradesperson at work, hi-vis and worn workwear, tools and laser measure in frame, overcast British daylight, van or scaffold hinted in background, slightly chaotic and real, not staged. Muted natural palette, 35mm, shallow depth of field. Absolutely no text, no captions, no logos, no watermarks, no UI overlays.",photo-trades,,"IG,FB,LI",wip,"Offline is not a feature. It is Tuesday in Worcestershire.

Half of this country has no signal, or one bar, or signal that only works if you stand on the step with your arm up.

So the survey app measures, photographs, annotates, records voice notes and completes the opening — with no connection at all — and syncs when it finds some.

Because a survey that stops working in a barn is a survey that does not get done.

Works with no signal. fenora.pro

🪟  fenora.pro  —  one record for the whole window job

#buildinpublic #saasbuild #logistics #behindthescenes #fenorapro #constructionuk #renovation #homeimprovement #diy #makestrends #fenestration #glazing #joinery #doubleglazing #windows #fyp #reels #viral #trending","Offline is not a feature. It is Tuesday in Worcestershire.

Half of this country has no signal, or one bar, or signal that only works if you stand on the step with your arm up.

So the survey app measures, photographs, annotates, records voice notes and completes the opening — with no connection at all — and syncs when it finds some.

Because a survey that stops working in a barn is a survey that does not get done.

Works with no signal. fenora.pro

🪟  fenora.pro  —  one record for the whole window job","Offline is not a feature. It is Tuesday in Worcestershire.

Half of this country has no signal, or one bar, or signal that only works if you stand on the step with your arm up.

So the survey app measures, photographs, annotates, records voice notes and completes the opening — with no connection at all — and syncs when it finds some.

Because a survey that stops working in a barn is a survey that does not get done.

Works with no signal. fenora.pro

🪟  fenora.pro  —  one record for the whole window job","Offline is not a feature. It is Tuesday in Worcestershire.

Half of this country has no signal, or one bar, or signal that only works if you stand on the step with your arm up.

So the survey app measures, photographs, annotates, records voice notes and completes the opening — with no connection at all — and syncs when it finds some.

Because a survey that stops working in a barn is a survey that does not get done.

Works with no signal. fenora.pro


— fenora.pro",,08:15,draft,,,,Behind the Scenes
WIP-06,wip,carousel,,What a survey actually captures now,"Slide 1: The quoted size and spec, already on the phone, opening by opening. You are checking against something, not starting from nothing.

Slide 2: Three internal readings and an external one, because one reading is a rumour and three is a fact.

Slide 3: The production size, calculated, not guessed.

Slide 4: Photos with overlays — exterior, opening, cill, trickle vent close-up.

Slide 5: Voice notes that transcribe themselves.

Slide 6: A signed-off survey that becomes the job, without anyone typing anything.",Surveying that feeds quoting. fenora.pro,Surveying that feeds quoting. fenora.pro,,"Photorealistic macro photograph of a phone screen in a tradesperson’s hand showing a clean measurement interface, a laser measure and a tape blurred in the background, warm workshop light, crisp and modern Clean product photograph of a modern desktop software interface floating at a slight angle, dark charcoal UI with orange accent, crisp data tables and technical window drawings, soft neutral studio background with realistic reflections and shadow. Abstract unreadable micro-text only. No legible words, no logos, no watermarks.",screen-mock,,"IG,FB,LI",wip,"What a survey actually captures now

Slide 1: The quoted size and spec, already on the phone, opening by opening. You are checking against something, not starting from nothing.

Slide 2: Three internal readings and an external one, because one reading is a rumour and three is a fact.

Slide 3: The production size, calculated, not guessed.

Slide 4: Photos with overlays — exterior, opening, cill, trickle vent close-up.

Slide 5: Voice notes that transcribe themselves.

Slide 6: A signed-off survey that becomes the job, without anyone typing anything.

Surveying that feeds quoting. fenora.pro

🪟  fenora.pro  —  one record for the whole window job

#buildinpublic #saasbuild #logistics #behindthescenes #fenorapro #renovation #homeimprovement #diy #makestrends #fenestration #glazing #joinery #doubleglazing #windows #fyp #reels #viral #trending #explore","What a survey actually captures now

Slide 1: The quoted size and spec, already on the phone, opening by opening. You are checking against something, not starting from nothing.

Slide 2: Three internal readings and an external one, because one reading is a rumour and three is a fact.

Slide 3: The production size, calculated, not guessed.

Slide 4: Photos with overlays — exterior, opening, cill, trickle vent close-up.

Slide 5: Voice notes that transcribe themselves.

Slide 6: A signed-off survey that becomes the job, without anyone typing anything.

Surveying that feeds quoting. fenora.pro

🪟  fenora.pro  —  one record for the whole window job","What a survey actually captures now

Slide 1: The quoted size and spec, already on the phone, opening by opening. You are checking against something, not starting from nothing.

Slide 2: Three internal readings and an external one, because one reading is a rumour and three is a fact.

Slide 3: The production size, calculated, not guessed.

Slide 4: Photos with overlays — exterior, opening, cill, trickle vent close-up.

Slide 5: Voice notes that transcribe themselves.

Slide 6: A signed-off survey that becomes the job, without anyone typing anything.

Surveying that feeds quoting. fenora.pro

🪟  fenora.pro  —  one record for the whole window job","What a survey actually captures now

1. The quoted size and spec, already on the phone, opening by opening. You are checking against something, not starting from nothing.

2. Three internal readings and an external one, because one reading is a rumour and three is a fact.

3. The production size, calculated, not guessed.

4. Photos with overlays — exterior, opening, cill, trickle vent close-up.

5. Voice notes that transcribe themselves.

6. A signed-off survey that becomes the job, without anyone typing anything.

Surveying that feeds quoting. fenora.pro


— fenora.pro",,08:15,draft,,,,Behind the Scenes
WIP-07,wip,static,,A load cannot leave until these are ticked.,"Delivery conditions on the job:

Production complete.
Survey signed off.
Balance received.
Customer confirmed date.

Any one of those outstanding and the load does not move, and the reason is printed on the screen, and the driver can see exactly why.

The number of “we turned up and they weren’t ready” phone calls this deletes is not small.","Conditions before dispatch, stated. fenora.pro","Conditions before dispatch, stated. fenora.pro",,"Photorealistic photograph of a loading bay with a van being loaded with window frames, a clipboard on a hood showing a checklist, a fitter and a driver coordinating, early morning light, industrial and calm, documentary Photorealistic candid documentary photograph of a UK tradesperson at work, hi-vis and worn workwear, tools and laser measure in frame, overcast British daylight, van or scaffold hinted in background, slightly chaotic and real, not staged. Muted natural palette, 35mm, shallow depth of field. Absolutely no text, no captions, no logos, no watermarks, no UI overlays.",photo-trades,,"IG,FB,LI",wip,"A load cannot leave until these are ticked.

Delivery conditions on the job:

Production complete.
Survey signed off.
Balance received.
Customer confirmed date.

Any one of those outstanding and the load does not move, and the reason is printed on the screen, and the driver can see exactly why.

The number of “we turned up and they weren’t ready” phone calls this deletes is not small.

Conditions before dispatch, stated. fenora.pro

🪟  fenora.pro  —  one record for the whole window job

#buildinpublic #saasbuild #logistics #behindthescenes #fenorapro #homeimprovement #diy #makestrends #fenestration #glazing #joinery #doubleglazing #windows #fyp #reels #viral #trending #explore #reelsinstagram","A load cannot leave until these are ticked.

Delivery conditions on the job:

Production complete.
Survey signed off.
Balance received.
Customer confirmed date.

Any one of those outstanding and the load does not move, and the reason is printed on the screen, and the driver can see exactly why.

The number of “we turned up and they weren’t ready” phone calls this deletes is not small.

Conditions before dispatch, stated. fenora.pro

🪟  fenora.pro  —  one record for the whole window job","A load cannot leave until these are ticked.

Delivery conditions on the job:

Production complete.
Survey signed off.
Balance received.
Customer confirmed date.

Any one of those outstanding and the load does not move, and the reason is printed on the screen, and the driver can see exactly why.

The number of “we turned up and they weren’t ready” phone calls this deletes is not small.

Conditions before dispatch, stated. fenora.pro

🪟  fenora.pro  —  one record for the whole window job","A load cannot leave until these are ticked.

Delivery conditions on the job:

Production complete.
Survey signed off.
Balance received.
Customer confirmed date.

Any one of those outstanding and the load does not move, and the reason is printed on the screen, and the driver can see exactly why.

The number of “we turned up and they weren’t ready” phone calls this deletes is not small.

Conditions before dispatch, stated. fenora.pro


— fenora.pro",,08:15,draft,,,,Behind the Scenes
WIP-08,wip,static,,"The route, the stops, the ETAs.","Three stops. 46 miles. Back by 15:20.

Faversham first. Canterbury second. Whitstable third.

The customer gets a tracking link and an arrival window, not a phone call at 7am to say “we might be an hour late, or might be three hours, or might be tomorrow, but definitely something.”

An arrival window is the cheapest customer service tool ever invented and almost nobody in this trade uses one.","Routed, tracked, signed for. fenora.pro","Routed, tracked, signed for. fenora.pro",,"Photorealistic photograph of a tablet mounted in a van cab showing a route with three stops and arrival times, a UK country road through the windscreen, morning light, crisp and modern, documentary Clean product photograph of a modern desktop software interface floating at a slight angle, dark charcoal UI with orange accent, crisp data tables and technical window drawings, soft neutral studio background with realistic reflections and shadow. Abstract unreadable micro-text only. No legible words, no logos, no watermarks.",screen-mock,,"IG,FB,LI",wip,"The route, the stops, the ETAs.

Three stops. 46 miles. Back by 15:20.

Faversham first. Canterbury second. Whitstable third.

The customer gets a tracking link and an arrival window, not a phone call at 7am to say “we might be an hour late, or might be three hours, or might be tomorrow, but definitely something.”

An arrival window is the cheapest customer service tool ever invented and almost nobody in this trade uses one.

Routed, tracked, signed for. fenora.pro

🪟  fenora.pro  —  one record for the whole window job

#buildinpublic #saasbuild #logistics #behindthescenes #fenorapro #diy #makestrends #fenestration #glazing #joinery #doubleglazing #windows #fyp #reels #viral #trending #explore #reelsinstagram #tradeslife","The route, the stops, the ETAs.

Three stops. 46 miles. Back by 15:20.

Faversham first. Canterbury second. Whitstable third.

The customer gets a tracking link and an arrival window, not a phone call at 7am to say “we might be an hour late, or might be three hours, or might be tomorrow, but definitely something.”

An arrival window is the cheapest customer service tool ever invented and almost nobody in this trade uses one.

Routed, tracked, signed for. fenora.pro

🪟  fenora.pro  —  one record for the whole window job","The route, the stops, the ETAs.

Three stops. 46 miles. Back by 15:20.

Faversham first. Canterbury second. Whitstable third.

The customer gets a tracking link and an arrival window, not a phone call at 7am to say “we might be an hour late, or might be three hours, or might be tomorrow, but definitely something.”

An arrival window is the cheapest customer service tool ever invented and almost nobody in this trade uses one.

Routed, tracked, signed for. fenora.pro

🪟  fenora.pro  —  one record for the whole window job","The route, the stops, the ETAs.

Three stops. 46 miles. Back by 15:20.

Faversham first. Canterbury second. Whitstable third.

The customer gets a tracking link and an arrival window, not a phone call at 7am to say “we might be an hour late, or might be three hours, or might be tomorrow, but definitely something.”

An arrival window is the cheapest customer service tool ever invented and almost nobody in this trade uses one.

Routed, tracked, signed for. fenora.pro


— fenora.pro",,08:15,draft,,,,Behind the Scenes
WIP-09,wip,reel,,A job moving across the system in nine seconds,"One job. Nine screens. Nine seconds. No retyping.

Lead. Survey booked. Surveyed. Configured. Quoted. Won. In production. Loaded. Delivered.

Same record the whole way, with the address, the sizes, the drawings, the price, the evidence, the people and the outstanding conditions attached to it from the start to the signature at the door.

That is the whole product. That is the whole pitch. It is just one record that does not get dropped.",fenora.pro,fenora.pro,,"Photorealistic 9:16 shot of a tradesperson holding a phone showing a clean job record, with a delivery van and window frames softly blurred in the background, warm directional light, confident and grounded, portrait framing Photorealistic candid documentary photograph of a UK tradesperson at work, hi-vis and worn workwear, tools and laser measure in frame, overcast British daylight, van or scaffold hinted in background, slightly chaotic and real, not staged. Muted natural palette, 35mm, shallow depth of field. Absolutely no text, no captions, no logos, no watermarks, no UI overlays.",photo-trades,9:16,"IG,FB,LI",wip,"A job moving across the system in nine seconds

One job. Nine screens. Nine seconds. No retyping.

Lead. Survey booked. Surveyed. Configured. Quoted. Won. In production. Loaded. Delivered.

Same record the whole way, with the address, the sizes, the drawings, the price, the evidence, the people and the outstanding conditions attached to it from the start to the signature at the door.

That is the whole product. That is the whole pitch. It is just one record that does not get dropped.

fenora.pro

🪟  fenora.pro  —  one record for the whole window job

#buildinpublic #saasbuild #logistics #behindthescenes #fenorapro #makestrends #fenestration #glazing #joinery #doubleglazing #windows #fyp #reels #viral #trending #explore #reelsinstagram #tradeslife #tradesmen","A job moving across the system in nine seconds

One job. Nine screens. Nine seconds. No retyping.

Lead. Survey booked. Surveyed. Configured. Quoted. Won. In production. Loaded. Delivered.

Same record the whole way, with the address, the sizes, the drawings, the price, the evidence, the people and the outstanding conditions attached to it from the start to the signature at the door.

That is the whole product. That is the whole pitch. It is just one record that does not get dropped.

fenora.pro

🪟  fenora.pro  —  one record for the whole window job","A job moving across the system in nine seconds

One job. Nine screens. Nine seconds. No retyping.

Lead. Survey booked. Surveyed. Configured. Quoted. Won. In production. Loaded. Delivered.

Same record the whole way, with the address, the sizes, the drawings, the price, the evidence, the people and the outstanding conditions attached to it from the start to the signature at the door.

That is the whole product. That is the whole pitch. It is just one record that does not get dropped.

fenora.pro

🪟  fenora.pro  —  one record for the whole window job","A job moving across the system in nine seconds

One job. Nine screens. Nine seconds. No retyping.

Lead. Survey booked. Surveyed. Configured. Quoted. Won. In production. Loaded. Delivered.

Same record the whole way, with the address, the sizes, the drawings, the price, the evidence, the people and the outstanding conditions attached to it from the start to the signature at the door.

That is the whole product. That is the whole pitch. It is just one record that does not get dropped.

fenora.pro


— fenora.pro",,08:15,draft,,,,Behind the Scenes
WIP-10,wip,static,,We shipped the frame viewer. Here is why.,"Because everyone kept telling us the frame was ‘too slim’ and then buying the one that was too chunky.

The frame viewer shows exactly how much glass you are giving away, in millimetres, from every angle, before anyone commits to a single number.

It is not a marketing feature. It is a way of stopping an argument in the office with a drawing instead of a debate.","Frame viewer, live. fenora.pro","Frame viewer, live. fenora.pro",,"Photorealistic dark-mode software interface floating at an angle showing a 3D window model with a sightline dimension being adjusted, a light shining through the glass, clean and modern, neutral studio background, product lighting Clean product photograph of a modern desktop software interface floating at a slight angle, dark charcoal UI with orange accent, crisp data tables and technical window drawings, soft neutral studio background with realistic reflections and shadow. Abstract unreadable micro-text only. No legible words, no logos, no watermarks.",screen-mock,,"IG,FB,LI",wip,"We shipped the frame viewer. Here is why.

Because everyone kept telling us the frame was ‘too slim’ and then buying the one that was too chunky.

The frame viewer shows exactly how much glass you are giving away, in millimetres, from every angle, before anyone commits to a single number.

It is not a marketing feature. It is a way of stopping an argument in the office with a drawing instead of a debate.

Frame viewer, live. fenora.pro

🪟  fenora.pro  —  one record for the whole window job

#buildinpublic #saasbuild #logistics #behindthescenes #fenorapro #fenestration #glazing #joinery #doubleglazing #windows #fyp #reels #viral #trending #explore #reelsinstagram #tradeslife #tradesmen #builderlife","We shipped the frame viewer. Here is why.

Because everyone kept telling us the frame was ‘too slim’ and then buying the one that was too chunky.

The frame viewer shows exactly how much glass you are giving away, in millimetres, from every angle, before anyone commits to a single number.

It is not a marketing feature. It is a way of stopping an argument in the office with a drawing instead of a debate.

Frame viewer, live. fenora.pro

🪟  fenora.pro  —  one record for the whole window job","We shipped the frame viewer. Here is why.

Because everyone kept telling us the frame was ‘too slim’ and then buying the one that was too chunky.

The frame viewer shows exactly how much glass you are giving away, in millimetres, from every angle, before anyone commits to a single number.

It is not a marketing feature. It is a way of stopping an argument in the office with a drawing instead of a debate.

Frame viewer, live. fenora.pro

🪟  fenora.pro  —  one record for the whole window job","We shipped the frame viewer. Here is why.

Because everyone kept telling us the frame was ‘too slim’ and then buying the one that was too chunky.

The frame viewer shows exactly how much glass you are giving away, in millimetres, from every angle, before anyone commits to a single number.

It is not a marketing feature. It is a way of stopping an argument in the office with a drawing instead of a debate.

Frame viewer, live. fenora.pro


— fenora.pro",,08:15,draft,,,,Behind the Scenes
WIP-11,wip,static,,Six hundred emails a day that were not emails.,"Before this existed, this job lived in an inbox. A survey went in. A quote went out. A variation came back. A drawing got emailed. A cut list got retyped.

Nothing was wrong with any of those emails individually. The problem was that the job did not exist anywhere except as a chain of messages between six people, none of whom could see the whole thing.

Now the job exists. The emails are just notifications.",,,,"Photorealistic still life of an office desk buried in printed emails and job sheets, a laptop in the background showing a calm clean interface, a coffee cup, late light, before-and-after energy, warm Clean product photograph of a modern desktop software interface floating at a slight angle, dark charcoal UI with orange accent, crisp data tables and technical window drawings, soft neutral studio background with realistic reflections and shadow. Abstract unreadable micro-text only. No legible words, no logos, no watermarks.",screen-mock,,"IG,FB,LI",wip,"Six hundred emails a day that were not emails.

Before this existed, this job lived in an inbox. A survey went in. A quote went out. A variation came back. A drawing got emailed. A cut list got retyped.

Nothing was wrong with any of those emails individually. The problem was that the job did not exist anywhere except as a chain of messages between six people, none of whom could see the whole thing.

Now the job exists. The emails are just notifications.

🪟  fenora.pro  —  one record for the whole window job

#buildinpublic #saasbuild #logistics #behindthescenes #fenorapro #glazing #joinery #doubleglazing #windows #fyp #reels #viral #trending #explore #reelsinstagram #tradeslife #tradesmen #builderlife #skilledtrades","Six hundred emails a day that were not emails.

Before this existed, this job lived in an inbox. A survey went in. A quote went out. A variation came back. A drawing got emailed. A cut list got retyped.

Nothing was wrong with any of those emails individually. The problem was that the job did not exist anywhere except as a chain of messages between six people, none of whom could see the whole thing.

Now the job exists. The emails are just notifications.

🪟  fenora.pro  —  one record for the whole window job","Six hundred emails a day that were not emails.

Before this existed, this job lived in an inbox. A survey went in. A quote went out. A variation came back. A drawing got emailed. A cut list got retyped.

Nothing was wrong with any of those emails individually. The problem was that the job did not exist anywhere except as a chain of messages between six people, none of whom could see the whole thing.

Now the job exists. The emails are just notifications.

🪟  fenora.pro  —  one record for the whole window job","Six hundred emails a day that were not emails.

Before this existed, this job lived in an inbox. A survey went in. A quote went out. A variation came back. A drawing got emailed. A cut list got retyped.

Nothing was wrong with any of those emails individually. The problem was that the job did not exist anywhere except as a chain of messages between six people, none of whom could see the whole thing.

Now the job exists. The emails are just notifications.


— fenora.pro",,08:15,draft,,,,Behind the Scenes
WIP-12,wip,carousel,,"Materials: three systems, one quote","Slide 1: TIMBER. Redwood, Accoya, sapele, oak, merenti. Box or spiral frame widths and depths. Cill projection, horns, arch profiles. Priced from section, species and glass — not from a square-metre figure.

Slide 2: ALUMINIUM. Thermally broken with polyamide break. Sightlines drawn to the millimetre so the glass area is honest. Powder coat in and out, including dual colour.

Slide 3: uPVC. Chamber count, reinforcement, welded or mechanically jointed. Chamfered or sculptured beading. Priced against your fabricator’s actual profile rates.

Slide 4: All three, on the same quote, each drawn in its own terms.","Timber, aluminium and uPVC. One configurator. fenora.pro","Timber, aluminium and uPVC. One configurator. fenora.pro",,"Photorealistic display of three window samples — timber, anthracite aluminium and white uPVC — arranged side by side on a dark surface under studio lighting, each with a different profile cross-section, premium and precise Photorealistic editorial photograph, UK domestic architecture, soft overcast British daylight, shot on 35mm, shallow depth of field, muted natural palette of slate grey, birch plywood, anthracite and warm oak. Documentary realism, not glossy advertising. Absolutely no text, no captions, no logos, no watermarks, no UI overlays.",photo-real,,"IG,FB,LI",wip,"Materials: three systems, one quote

Slide 1: TIMBER. Redwood, Accoya, sapele, oak, merenti. Box or spiral frame widths and depths. Cill projection, horns, arch profiles. Priced from section, species and glass — not from a square-metre figure.

Slide 2: ALUMINIUM. Thermally broken with polyamide break. Sightlines drawn to the millimetre so the glass area is honest. Powder coat in and out, including dual colour.

Slide 3: uPVC. Chamber count, reinforcement, welded or mechanically jointed. Chamfered or sculptured beading. Priced against your fabricator’s actual profile rates.

Slide 4: All three, on the same quote, each drawn in its own terms.

Timber, aluminium and uPVC. One configurator. fenora.pro

🪟  fenora.pro  —  one record for the whole window job

#buildinpublic #saasbuild #logistics #behindthescenes #fenorapro #joinery #doubleglazing #windows #fyp #reels #viral #trending #explore #reelsinstagram #tradeslife #tradesmen #builderlife #skilledtrades #bluecollar","Materials: three systems, one quote

Slide 1: TIMBER. Redwood, Accoya, sapele, oak, merenti. Box or spiral frame widths and depths. Cill projection, horns, arch profiles. Priced from section, species and glass — not from a square-metre figure.

Slide 2: ALUMINIUM. Thermally broken with polyamide break. Sightlines drawn to the millimetre so the glass area is honest. Powder coat in and out, including dual colour.

Slide 3: uPVC. Chamber count, reinforcement, welded or mechanically jointed. Chamfered or sculptured beading. Priced against your fabricator’s actual profile rates.

Slide 4: All three, on the same quote, each drawn in its own terms.

Timber, aluminium and uPVC. One configurator. fenora.pro

🪟  fenora.pro  —  one record for the whole window job","Materials: three systems, one quote

Slide 1: TIMBER. Redwood, Accoya, sapele, oak, merenti. Box or spiral frame widths and depths. Cill projection, horns, arch profiles. Priced from section, species and glass — not from a square-metre figure.

Slide 2: ALUMINIUM. Thermally broken with polyamide break. Sightlines drawn to the millimetre so the glass area is honest. Powder coat in and out, including dual colour.

Slide 3: uPVC. Chamber count, reinforcement, welded or mechanically jointed. Chamfered or sculptured beading. Priced against your fabricator’s actual profile rates.

Slide 4: All three, on the same quote, each drawn in its own terms.

Timber, aluminium and uPVC. One configurator. fenora.pro

🪟  fenora.pro  —  one record for the whole window job","Materials: three systems, one quote

1. TIMBER. Redwood, Accoya, sapele, oak, merenti. Box or spiral frame widths and depths. Cill projection, horns, arch profiles. Priced from section, species and glass — not from a square-metre figure.

2. ALUMINIUM. Thermally broken with polyamide break. Sightlines drawn to the millimetre so the glass area is honest. Powder coat in and out, including dual colour.

3. uPVC. Chamber count, reinforcement, welded or mechanically jointed. Chamfered or sculptured beading. Priced against your fabricator’s actual profile rates.

4. All three, on the same quote, each drawn in its own terms.

Timber, aluminium and uPVC. One configurator. fenora.pro


— fenora.pro",,08:15,draft,,,,Behind the Scenes
WIP-13,wip,static,,"Every unit, one line, everywhere.","Frame. Section. Glass. Bars. Cill. Horns. Ironmongery. Finish in. Finish out. Fixings. Sealant.

That is the specification, and it is set on the unit — not on a job, not on a customer, not in an email — and then it is carried, unchanged, into the quotation, the survey, the workshop paperwork and the delivery note.

The same ten facts. Every time. Everywhere. Unchanged.

That is not a feature. That is the entire concept.",Specified once. Used everywhere. fenora.pro,Specified once. Used everywhere. fenora.pro,"The whole architecture of this product is one sentence: specify once, carry everywhere. Everything else is detail.","Photorealistic extreme close-up of a window frame corner section on a dark surface, internal and external finishes visible, tiny labels and markers, macro studio lighting, engineering beauty, precise Photorealistic editorial photograph, UK domestic architecture, soft overcast British daylight, shot on 35mm, shallow depth of field, muted natural palette of slate grey, birch plywood, anthracite and warm oak. Documentary realism, not glossy advertising. Absolutely no text, no captions, no logos, no watermarks, no UI overlays.",photo-real,,"IG,FB,LI",wip,"Every unit, one line, everywhere.

Frame. Section. Glass. Bars. Cill. Horns. Ironmongery. Finish in. Finish out. Fixings. Sealant.

That is the specification, and it is set on the unit — not on a job, not on a customer, not in an email — and then it is carried, unchanged, into the quotation, the survey, the workshop paperwork and the delivery note.

The same ten facts. Every time. Everywhere. Unchanged.

That is not a feature. That is the entire concept.

Specified once. Used everywhere. fenora.pro

🪟  fenora.pro  —  one record for the whole window job

#buildinpublic #saasbuild #logistics #behindthescenes #fenorapro #doubleglazing #windows #fyp #reels #viral #trending #explore #reelsinstagram #tradeslife #tradesmen #builderlife #skilledtrades #bluecollar #constructionuk","Every unit, one line, everywhere.

Frame. Section. Glass. Bars. Cill. Horns. Ironmongery. Finish in. Finish out. Fixings. Sealant.

That is the specification, and it is set on the unit — not on a job, not on a customer, not in an email — and then it is carried, unchanged, into the quotation, the survey, the workshop paperwork and the delivery note.

The same ten facts. Every time. Everywhere. Unchanged.

That is not a feature. That is the entire concept.

Specified once. Used everywhere. fenora.pro

🪟  fenora.pro  —  one record for the whole window job","Every unit, one line, everywhere.

Frame. Section. Glass. Bars. Cill. Horns. Ironmongery. Finish in. Finish out. Fixings. Sealant.

That is the specification, and it is set on the unit — not on a job, not on a customer, not in an email — and then it is carried, unchanged, into the quotation, the survey, the workshop paperwork and the delivery note.

The same ten facts. Every time. Everywhere. Unchanged.

That is not a feature. That is the entire concept.

Specified once. Used everywhere. fenora.pro

🪟  fenora.pro  —  one record for the whole window job","The whole architecture of this product is one sentence: specify once, carry everywhere. Everything else is detail.

Frame. Section. Glass. Bars. Cill. Horns. Ironmongery. Finish in. Finish out. Fixings. Sealant.

That is the specification, and it is set on the unit — not on a job, not on a customer, not in an email — and then it is carried, unchanged, into the quotation, the survey, the workshop paperwork and the delivery note.

The same ten facts. Every time. Everywhere. Unchanged.

That is not a feature. That is the entire concept.

Specified once. Used everywhere. fenora.pro


— fenora.pro",,08:15,draft,,,,Behind the Scenes
WIP-14,wip,reel,,"Signed on the doorstep, not next month","The quote is on a phone.
The customer reads the drawing. They read the specification. They sign.

The accepted specification becomes the order, and the order already has the drawing on it, and the drawing is the one the workshop will build from.

There is no gap between the thing they agreed to and the thing that gets made. In this industry, that gap is where the entire problem lives.",Signed while the interest is there. fenora.pro,Signed while the interest is there. fenora.pro,,"Photorealistic 9:16 shot of a customer standing at their own front door signing on a phone, a tradesperson holding the door, warm afternoon light, new windows visible in the background of the hall, hopeful and human, portrait framing Photorealistic candid documentary photograph of a UK tradesperson at work, hi-vis and worn workwear, tools and laser measure in frame, overcast British daylight, van or scaffold hinted in background, slightly chaotic and real, not staged. Muted natural palette, 35mm, shallow depth of field. Absolutely no text, no captions, no logos, no watermarks, no UI overlays.",photo-trades,9:16,"IG,FB,LI",wip,"Signed on the doorstep, not next month

The quote is on a phone.
The customer reads the drawing. They read the specification. They sign.

The accepted specification becomes the order, and the order already has the drawing on it, and the drawing is the one the workshop will build from.

There is no gap between the thing they agreed to and the thing that gets made. In this industry, that gap is where the entire problem lives.

Signed while the interest is there. fenora.pro

🪟  fenora.pro  —  one record for the whole window job

#buildinpublic #saasbuild #logistics #behindthescenes #fenorapro #windows #fyp #reels #viral #trending #explore #reelsinstagram #tradeslife #tradesmen #builderlife #skilledtrades #bluecollar #constructionuk #renovation","Signed on the doorstep, not next month

The quote is on a phone.
The customer reads the drawing. They read the specification. They sign.

The accepted specification becomes the order, and the order already has the drawing on it, and the drawing is the one the workshop will build from.

There is no gap between the thing they agreed to and the thing that gets made. In this industry, that gap is where the entire problem lives.

Signed while the interest is there. fenora.pro

🪟  fenora.pro  —  one record for the whole window job","Signed on the doorstep, not next month

The quote is on a phone.
The customer reads the drawing. They read the specification. They sign.

The accepted specification becomes the order, and the order already has the drawing on it, and the drawing is the one the workshop will build from.

There is no gap between the thing they agreed to and the thing that gets made. In this industry, that gap is where the entire problem lives.

Signed while the interest is there. fenora.pro

🪟  fenora.pro  —  one record for the whole window job","Signed on the doorstep, not next month

The quote is on a phone.
The customer reads the drawing. They read the specification. They sign.

The accepted specification becomes the order, and the order already has the drawing on it, and the drawing is the one the workshop will build from.

There is no gap between the thing they agreed to and the thing that gets made. In this industry, that gap is where the entire problem lives.

Signed while the interest is there. fenora.pro


— fenora.pro",,08:15,draft,,,,Behind the Scenes
WIP-15,wip,static,,"One job, one number, on every screen.","Opportunity: £54,150.
Quotation Q-1184, Rev 2: £17,184 inc VAT.
Survey S-0342: 7 of 7, 2 variations, signed off.
Job J-0871: 62%, glazing, delivery 18 Aug.
Delivery DEL-1042: in transit, ETA 11:40.

One address. One customer. One job. One number that does not change depending on which screen you are looking at.

If it does change, that is the bug, and we would like to hear about it.",One record for the whole job. fenora.pro,One record for the whole job. fenora.pro,,"Photorealistic dark-mode software interface floating at an angle showing a single job record with linked panels — customer, value, survey status, production percentage, delivery ETA — arranged as one connected card, modern and clean, neutral background Clean product photograph of a modern desktop software interface floating at a slight angle, dark charcoal UI with orange accent, crisp data tables and technical window drawings, soft neutral studio background with realistic reflections and shadow. Abstract unreadable micro-text only. No legible words, no logos, no watermarks.",screen-mock,,"IG,FB,LI",wip,"One job, one number, on every screen.

Opportunity: £54,150.
Quotation Q-1184, Rev 2: £17,184 inc VAT.
Survey S-0342: 7 of 7, 2 variations, signed off.
Job J-0871: 62%, glazing, delivery 18 Aug.
Delivery DEL-1042: in transit, ETA 11:40.

One address. One customer. One job. One number that does not change depending on which screen you are looking at.

If it does change, that is the bug, and we would like to hear about it.

One record for the whole job. fenora.pro

🪟  fenora.pro  —  one record for the whole window job

#buildinpublic #saasbuild #logistics #behindthescenes #fenorapro #fyp #reels #viral #trending #explore #reelsinstagram #tradeslife #tradesmen #builderlife #skilledtrades #bluecollar #constructionuk #renovation #homeimprovement","One job, one number, on every screen.

Opportunity: £54,150.
Quotation Q-1184, Rev 2: £17,184 inc VAT.
Survey S-0342: 7 of 7, 2 variations, signed off.
Job J-0871: 62%, glazing, delivery 18 Aug.
Delivery DEL-1042: in transit, ETA 11:40.

One address. One customer. One job. One number that does not change depending on which screen you are looking at.

If it does change, that is the bug, and we would like to hear about it.

One record for the whole job. fenora.pro

🪟  fenora.pro  —  one record for the whole window job","One job, one number, on every screen.

Opportunity: £54,150.
Quotation Q-1184, Rev 2: £17,184 inc VAT.
Survey S-0342: 7 of 7, 2 variations, signed off.
Job J-0871: 62%, glazing, delivery 18 Aug.
Delivery DEL-1042: in transit, ETA 11:40.

One address. One customer. One job. One number that does not change depending on which screen you are looking at.

If it does change, that is the bug, and we would like to hear about it.

One record for the whole job. fenora.pro

🪟  fenora.pro  —  one record for the whole window job","One job, one number, on every screen.

Opportunity: £54,150.
Quotation Q-1184, Rev 2: £17,184 inc VAT.
Survey S-0342: 7 of 7, 2 variations, signed off.
Job J-0871: 62%, glazing, delivery 18 Aug.
Delivery DEL-1042: in transit, ETA 11:40.

One address. One customer. One job. One number that does not change depending on which screen you are looking at.

If it does change, that is the bug, and we would like to hear about it.

One record for the whole job. fenora.pro


— fenora.pro",,08:15,draft,,,,Behind the Scenes
BP-01,build-in-public,static,,Why we don’t do testimonials,"“Why don’t you put customers on your website?”

Because not one window business in this country wants their margins, their remakes and their re-entries on the internet, and I am not going to ask them to.

So here is what we will publish instead: time to quote, remakes, margin held, re-entries. Four numbers. Real businesses. Agreed before publication. Never invented.

If we cannot evidence it, it does not go on the site.",The four measures. fenora.pro,The four measures. fenora.pro,,"Photorealistic understated photograph of an empty chair at a plain desk in a workshop, morning light, no logo, a notebook and a pen, quiet and honest, documentary, muted Photorealistic editorial photograph, UK domestic architecture, soft overcast British daylight, shot on 35mm, shallow depth of field, muted natural palette of slate grey, birch plywood, anthracite and warm oak. Documentary realism, not glossy advertising. Absolutely no text, no captions, no logos, no watermarks, no UI overlays.",photo-real,,"IG,FB,LI",build,"Why we don’t do testimonials

“Why don’t you put customers on your website?”

Because not one window business in this country wants their margins, their remakes and their re-entries on the internet, and I am not going to ask them to.

So here is what we will publish instead: time to quote, remakes, margin held, re-entries. Four numbers. Real businesses. Agreed before publication. Never invented.

If we cannot evidence it, it does not go on the site.

The four measures. fenora.pro

🪟  fenora.pro  —  one record for the whole window job

#buildinpublic #indiehacker #saasfounder #startuplife #fenorapro #tradesmen #builderlife #skilledtrades #bluecollar #constructionuk #renovation #homeimprovement #diy #makestrends #fenestration #glazing #joinery #doubleglazing #windows","Why we don’t do testimonials

“Why don’t you put customers on your website?”

Because not one window business in this country wants their margins, their remakes and their re-entries on the internet, and I am not going to ask them to.

So here is what we will publish instead: time to quote, remakes, margin held, re-entries. Four numbers. Real businesses. Agreed before publication. Never invented.

If we cannot evidence it, it does not go on the site.

The four measures. fenora.pro

🪟  fenora.pro  —  one record for the whole window job","Why we don’t do testimonials

“Why don’t you put customers on your website?”

Because not one window business in this country wants their margins, their remakes and their re-entries on the internet, and I am not going to ask them to.

So here is what we will publish instead: time to quote, remakes, margin held, re-entries. Four numbers. Real businesses. Agreed before publication. Never invented.

If we cannot evidence it, it does not go on the site.

The four measures. fenora.pro

🪟  fenora.pro  —  one record for the whole window job","Why we don’t do testimonials

“Why don’t you put customers on your website?”

Because not one window business in this country wants their margins, their remakes and their re-entries on the internet, and I am not going to ask them to.

So here is what we will publish instead: time to quote, remakes, margin held, re-entries. Four numbers. Real businesses. Agreed before publication. Never invented.

If we cannot evidence it, it does not go on the site.

The four measures. fenora.pro


— fenora.pro",,08:15,draft,,,,Build In Public
BP-02,build-in-public,carousel,,Everything on the website has a price,"Slide 1: The subscription, the seats and the modules are all priced on the page.

Slide 2: No “contact us for a quote”.

Slide 3: No “tailored to your business”.

Slide 4: No discovery call before somebody is told what it costs.

Slide 5: If you want to buy it, you can buy it today. If you want to argue with it, you can argue with it publicly, which is a much better way to run a company.",See what it costs. fenora.pro/pricing,See what it costs. fenora.pro/pricing,,"Photorealistic clean minimal photograph of a printed price sheet on a plain desk next to a laptop and a coffee, no branding, no logos, neutral daylight, honest and plain, top-down Photorealistic editorial photograph, UK domestic architecture, soft overcast British daylight, shot on 35mm, shallow depth of field, muted natural palette of slate grey, birch plywood, anthracite and warm oak. Documentary realism, not glossy advertising. Absolutely no text, no captions, no logos, no watermarks, no UI overlays.",photo-real,,"IG,FB,LI",build,"Everything on the website has a price

Slide 1: The subscription, the seats and the modules are all priced on the page.

Slide 2: No “contact us for a quote”.

Slide 3: No “tailored to your business”.

Slide 4: No discovery call before somebody is told what it costs.

Slide 5: If you want to buy it, you can buy it today. If you want to argue with it, you can argue with it publicly, which is a much better way to run a company.

See what it costs. fenora.pro/pricing

🪟  fenora.pro  —  one record for the whole window job

#buildinpublic #indiehacker #saasfounder #startuplife #fenorapro #builderlife #skilledtrades #bluecollar #constructionuk #renovation #homeimprovement #diy #makestrends #fenestration #glazing #joinery #doubleglazing #windows #fyp","Everything on the website has a price

Slide 1: The subscription, the seats and the modules are all priced on the page.

Slide 2: No “contact us for a quote”.

Slide 3: No “tailored to your business”.

Slide 4: No discovery call before somebody is told what it costs.

Slide 5: If you want to buy it, you can buy it today. If you want to argue with it, you can argue with it publicly, which is a much better way to run a company.

See what it costs. fenora.pro/pricing

🪟  fenora.pro  —  one record for the whole window job","Everything on the website has a price

Slide 1: The subscription, the seats and the modules are all priced on the page.

Slide 2: No “contact us for a quote”.

Slide 3: No “tailored to your business”.

Slide 4: No discovery call before somebody is told what it costs.

Slide 5: If you want to buy it, you can buy it today. If you want to argue with it, you can argue with it publicly, which is a much better way to run a company.

See what it costs. fenora.pro/pricing

🪟  fenora.pro  —  one record for the whole window job","Everything on the website has a price

1. The subscription, the seats and the modules are all priced on the page.

2. No “contact us for a quote”.

3. No “tailored to your business”.

4. No discovery call before somebody is told what it costs.

5. If you want to buy it, you can buy it today. If you want to argue with it, you can argue with it publicly, which is a much better way to run a company.

See what it costs. fenora.pro/pricing


— fenora.pro",,08:15,draft,,,,Build In Public
BP-03,build-in-public,reel,,The feature I built after one phone call,"One phone call. Tuesday. 9:40am.

A surveyor said: “I’m standing on a wet step trying to attach a photo to a survey and it will not upload, and the customer is watching me, and now I have to drive somewhere with signal and come back.”

Three weeks later that app works with no signal at all.

That is the entire product roadmap. It is just a list of things people said no to in a kitchen on a Tuesday.",fenora.pro,fenora.pro,,"Photorealistic 9:16 shot of a surveyor on a doorstep in the rain holding a phone, a van behind, moody blue-grey weather, warm doorway light spilling out, determined and human, portrait framing Photorealistic candid documentary photograph of a UK tradesperson at work, hi-vis and worn workwear, tools and laser measure in frame, overcast British daylight, van or scaffold hinted in background, slightly chaotic and real, not staged. Muted natural palette, 35mm, shallow depth of field. Absolutely no text, no captions, no logos, no watermarks, no UI overlays.",photo-trades,9:16,"IG,FB,LI",build,"The feature I built after one phone call

One phone call. Tuesday. 9:40am.

A surveyor said: “I’m standing on a wet step trying to attach a photo to a survey and it will not upload, and the customer is watching me, and now I have to drive somewhere with signal and come back.”

Three weeks later that app works with no signal at all.

That is the entire product roadmap. It is just a list of things people said no to in a kitchen on a Tuesday.

fenora.pro

🪟  fenora.pro  —  one record for the whole window job

#buildinpublic #indiehacker #saasfounder #startuplife #fenorapro #skilledtrades #bluecollar #constructionuk #renovation #homeimprovement #diy #makestrends #fenestration #glazing #joinery #doubleglazing #windows #fyp #reels","The feature I built after one phone call

One phone call. Tuesday. 9:40am.

A surveyor said: “I’m standing on a wet step trying to attach a photo to a survey and it will not upload, and the customer is watching me, and now I have to drive somewhere with signal and come back.”

Three weeks later that app works with no signal at all.

That is the entire product roadmap. It is just a list of things people said no to in a kitchen on a Tuesday.

fenora.pro

🪟  fenora.pro  —  one record for the whole window job","The feature I built after one phone call

One phone call. Tuesday. 9:40am.

A surveyor said: “I’m standing on a wet step trying to attach a photo to a survey and it will not upload, and the customer is watching me, and now I have to drive somewhere with signal and come back.”

Three weeks later that app works with no signal at all.

That is the entire product roadmap. It is just a list of things people said no to in a kitchen on a Tuesday.

fenora.pro

🪟  fenora.pro  —  one record for the whole window job","The feature I built after one phone call

One phone call. Tuesday. 9:40am.

A surveyor said: “I’m standing on a wet step trying to attach a photo to a survey and it will not upload, and the customer is watching me, and now I have to drive somewhere with signal and come back.”

Three weeks later that app works with no signal at all.

That is the entire product roadmap. It is just a list of things people said no to in a kitchen on a Tuesday.

fenora.pro


— fenora.pro",,08:15,draft,,,,Build In Public
BP-04,build-in-public,static,,I did not start this to sell software.,"I started this because I have watched window companies lose money on jobs they had already won, and every single one of them could tell me exactly what happened, and every single one of them said the same sentence.

“It was just a system thing.”

It is never a system thing. It is a survey that never reached the workshop, a quote that never reached the office, a variation that reached nobody.

It is a systems thing. It is exactly and only a systems thing.",fenora.pro,fenora.pro,,"Photorealistic portrait photograph of a person working alone at a desk late in the evening, laptop glow, workshop or garage space, a stack of printed drawings, quiet and committed, documentary, muted Photorealistic editorial photograph, UK domestic architecture, soft overcast British daylight, shot on 35mm, shallow depth of field, muted natural palette of slate grey, birch plywood, anthracite and warm oak. Documentary realism, not glossy advertising. Absolutely no text, no captions, no logos, no watermarks, no UI overlays.",photo-real,,"IG,FB,LI",build,"I did not start this to sell software.

I started this because I have watched window companies lose money on jobs they had already won, and every single one of them could tell me exactly what happened, and every single one of them said the same sentence.

“It was just a system thing.”

It is never a system thing. It is a survey that never reached the workshop, a quote that never reached the office, a variation that reached nobody.

It is a systems thing. It is exactly and only a systems thing.

fenora.pro

🪟  fenora.pro  —  one record for the whole window job

#buildinpublic #indiehacker #saasfounder #startuplife #fenorapro #bluecollar #constructionuk #renovation #homeimprovement #diy #makestrends #fenestration #glazing #joinery #doubleglazing #windows #fyp #reels #viral","I did not start this to sell software.

I started this because I have watched window companies lose money on jobs they had already won, and every single one of them could tell me exactly what happened, and every single one of them said the same sentence.

“It was just a system thing.”

It is never a system thing. It is a survey that never reached the workshop, a quote that never reached the office, a variation that reached nobody.

It is a systems thing. It is exactly and only a systems thing.

fenora.pro

🪟  fenora.pro  —  one record for the whole window job","I did not start this to sell software.

I started this because I have watched window companies lose money on jobs they had already won, and every single one of them could tell me exactly what happened, and every single one of them said the same sentence.

“It was just a system thing.”

It is never a system thing. It is a survey that never reached the workshop, a quote that never reached the office, a variation that reached nobody.

It is a systems thing. It is exactly and only a systems thing.

fenora.pro

🪟  fenora.pro  —  one record for the whole window job","I did not start this to sell software.

I started this because I have watched window companies lose money on jobs they had already won, and every single one of them could tell me exactly what happened, and every single one of them said the same sentence.

“It was just a system thing.”

It is never a system thing. It is a survey that never reached the workshop, a quote that never reached the office, a variation that reached nobody.

It is a systems thing. It is exactly and only a systems thing.

fenora.pro


— fenora.pro",,08:15,draft,,,,Build In Public
BP-05,build-in-public,static,,The bug that made me rebuild the survey app,"It did not lose data. That was never the problem.

The problem was that it worked, and it was easy, and it made me happy, and it was wrong — because it let a surveyor complete a job and call it done while a variation sat unresolved three screens away.

The app was making a decision that was not the app’s to make.

That took four months to rebuild and it is the single best change we have made.",,,,"Photorealistic photograph of a whiteboard covered in a chaotic diagram of user flows being redrawn, sticky notes, marker, a laptop with a debugger open, late night, engineering frustration, warm desk light Clean product photograph of a modern desktop software interface floating at a slight angle, dark charcoal UI with orange accent, crisp data tables and technical window drawings, soft neutral studio background with realistic reflections and shadow. Abstract unreadable micro-text only. No legible words, no logos, no watermarks.",screen-mock,,"IG,FB,LI",build,"The bug that made me rebuild the survey app

It did not lose data. That was never the problem.

The problem was that it worked, and it was easy, and it made me happy, and it was wrong — because it let a surveyor complete a job and call it done while a variation sat unresolved three screens away.

The app was making a decision that was not the app’s to make.

That took four months to rebuild and it is the single best change we have made.

🪟  fenora.pro  —  one record for the whole window job

#buildinpublic #indiehacker #saasfounder #startuplife #fenorapro #constructionuk #renovation #homeimprovement #diy #makestrends #fenestration #glazing #joinery #doubleglazing #windows #fyp #reels #viral #trending","The bug that made me rebuild the survey app

It did not lose data. That was never the problem.

The problem was that it worked, and it was easy, and it made me happy, and it was wrong — because it let a surveyor complete a job and call it done while a variation sat unresolved three screens away.

The app was making a decision that was not the app’s to make.

That took four months to rebuild and it is the single best change we have made.

🪟  fenora.pro  —  one record for the whole window job","The bug that made me rebuild the survey app

It did not lose data. That was never the problem.

The problem was that it worked, and it was easy, and it made me happy, and it was wrong — because it let a surveyor complete a job and call it done while a variation sat unresolved three screens away.

The app was making a decision that was not the app’s to make.

That took four months to rebuild and it is the single best change we have made.

🪟  fenora.pro  —  one record for the whole window job","The bug that made me rebuild the survey app

It did not lose data. That was never the problem.

The problem was that it worked, and it was easy, and it made me happy, and it was wrong — because it let a surveyor complete a job and call it done while a variation sat unresolved three screens away.

The app was making a decision that was not the app’s to make.

That took four months to rebuild and it is the single best change we have made.


— fenora.pro",,08:15,draft,,,,Build In Public
BP-06,build-in-public,static,,Published pricing is a positioning decision,"There is a way to sell software that involves a discovery call, a needs analysis, a proposal, a negotiation and a four-month evaluation.

And there is a way to publish the price and let people buy it.

Most businesses in this trade do not have the luxury of the second option because they do not believe their price is defensible. Every one of them is wrong, and the ones who fix it win back three months of pipeline in a fortnight.",fenora.pro/pricing,fenora.pro/pricing,Publishing your price is not a discount strategy. It is a positioning strategy. It tells the market you are confident in what you built.,"Photorealistic photograph of a simple printed price sheet pinned to a workshop wall next to a whiteboard of jobs, morning light, plain and confident, documentary, no branding Photorealistic editorial photograph, UK domestic architecture, soft overcast British daylight, shot on 35mm, shallow depth of field, muted natural palette of slate grey, birch plywood, anthracite and warm oak. Documentary realism, not glossy advertising. Absolutely no text, no captions, no logos, no watermarks, no UI overlays.",photo-real,,"IG,FB,LI",build,"Published pricing is a positioning decision

There is a way to sell software that involves a discovery call, a needs analysis, a proposal, a negotiation and a four-month evaluation.

And there is a way to publish the price and let people buy it.

Most businesses in this trade do not have the luxury of the second option because they do not believe their price is defensible. Every one of them is wrong, and the ones who fix it win back three months of pipeline in a fortnight.

fenora.pro/pricing

🪟  fenora.pro  —  one record for the whole window job

#buildinpublic #indiehacker #saasfounder #startuplife #fenorapro #renovation #homeimprovement #diy #makestrends #fenestration #glazing #joinery #doubleglazing #windows #fyp #reels #viral #trending #explore","Published pricing is a positioning decision

There is a way to sell software that involves a discovery call, a needs analysis, a proposal, a negotiation and a four-month evaluation.

And there is a way to publish the price and let people buy it.

Most businesses in this trade do not have the luxury of the second option because they do not believe their price is defensible. Every one of them is wrong, and the ones who fix it win back three months of pipeline in a fortnight.

fenora.pro/pricing

🪟  fenora.pro  —  one record for the whole window job","Published pricing is a positioning decision

There is a way to sell software that involves a discovery call, a needs analysis, a proposal, a negotiation and a four-month evaluation.

And there is a way to publish the price and let people buy it.

Most businesses in this trade do not have the luxury of the second option because they do not believe their price is defensible. Every one of them is wrong, and the ones who fix it win back three months of pipeline in a fortnight.

fenora.pro/pricing

🪟  fenora.pro  —  one record for the whole window job","Publishing your price is not a discount strategy. It is a positioning strategy. It tells the market you are confident in what you built.

There is a way to sell software that involves a discovery call, a needs analysis, a proposal, a negotiation and a four-month evaluation.

And there is a way to publish the price and let people buy it.

Most businesses in this trade do not have the luxury of the second option because they do not believe their price is defensible. Every one of them is wrong, and the ones who fix it win back three months of pipeline in a fortnight.

fenora.pro/pricing


— fenora.pro",,08:15,draft,,,,Build In Public
BP-07,build-in-public,reel,,What 100 surveys taught me about UK houses,"After a hundred surveys I can tell you these things with confidence:

The drawing is wrong more often than it is right.
The reveal is square about a third of the time.
The lintel is a problem roughly half the time.
Nobody has ever had the cavity filled correctly.
At least one window per job is above a downpipe.
The customer is right about the wall being level about four per cent of the time.",,,,"Photorealistic 9:16 shot of a stack of completed survey sheets on a desk beside a laser measure and a battered clipboard, a hand turning one over, morning light, documentary and warm, portrait framing Photorealistic editorial photograph, UK domestic architecture, soft overcast British daylight, shot on 35mm, shallow depth of field, muted natural palette of slate grey, birch plywood, anthracite and warm oak. Documentary realism, not glossy advertising. Absolutely no text, no captions, no logos, no watermarks, no UI overlays.",photo-real,9:16,"IG,FB,LI",build,"What 100 surveys taught me about UK houses

After a hundred surveys I can tell you these things with confidence:

The drawing is wrong more often than it is right.
The reveal is square about a third of the time.
The lintel is a problem roughly half the time.
Nobody has ever had the cavity filled correctly.
At least one window per job is above a downpipe.
The customer is right about the wall being level about four per cent of the time.

🪟  fenora.pro  —  one record for the whole window job

#buildinpublic #indiehacker #saasfounder #startuplife #fenorapro #homeimprovement #diy #makestrends #fenestration #glazing #joinery #doubleglazing #windows #fyp #reels #viral #trending #explore #reelsinstagram","What 100 surveys taught me about UK houses

After a hundred surveys I can tell you these things with confidence:

The drawing is wrong more often than it is right.
The reveal is square about a third of the time.
The lintel is a problem roughly half the time.
Nobody has ever had the cavity filled correctly.
At least one window per job is above a downpipe.
The customer is right about the wall being level about four per cent of the time.

🪟  fenora.pro  —  one record for the whole window job","What 100 surveys taught me about UK houses

After a hundred surveys I can tell you these things with confidence:

The drawing is wrong more often than it is right.
The reveal is square about a third of the time.
The lintel is a problem roughly half the time.
Nobody has ever had the cavity filled correctly.
At least one window per job is above a downpipe.
The customer is right about the wall being level about four per cent of the time.

🪟  fenora.pro  —  one record for the whole window job","What 100 surveys taught me about UK houses

After a hundred surveys I can tell you these things with confidence:

The drawing is wrong more often than it is right.
The reveal is square about a third of the time.
The lintel is a problem roughly half the time.
Nobody has ever had the cavity filled correctly.
At least one window per job is above a downpipe.
The customer is right about the wall being level about four per cent of the time.


— fenora.pro",,08:15,draft,,,,Build In Public
BP-08,build-in-public,static,,The complaint we will never be able to fix,"There is a guy. He emails us twice a month.

He does not like the interface. He does not want it in the cloud. He thinks the whole industry should be run from a spreadsheet and he is not entirely wrong.

He has been in window supply for thirty-one years and he has outlasted four different systems and he will probably outlast us.

I answer both emails. Every time. He is right about about a third of it and that is a better ratio than most customers.",,,,"Photorealistic photograph of a laptop in a workshop with two email tabs open, a printed order from a window supplier on the desk, an old rule and a pencil, warm and wry, documentary Photorealistic editorial photograph, UK domestic architecture, soft overcast British daylight, shot on 35mm, shallow depth of field, muted natural palette of slate grey, birch plywood, anthracite and warm oak. Documentary realism, not glossy advertising. Absolutely no text, no captions, no logos, no watermarks, no UI overlays.",photo-real,,"IG,FB,LI",build,"The complaint we will never be able to fix

There is a guy. He emails us twice a month.

He does not like the interface. He does not want it in the cloud. He thinks the whole industry should be run from a spreadsheet and he is not entirely wrong.

He has been in window supply for thirty-one years and he has outlasted four different systems and he will probably outlast us.

I answer both emails. Every time. He is right about about a third of it and that is a better ratio than most customers.

🪟  fenora.pro  —  one record for the whole window job

#buildinpublic #indiehacker #saasfounder #startuplife #fenorapro #diy #makestrends #fenestration #glazing #joinery #doubleglazing #windows #fyp #reels #viral #trending #explore #reelsinstagram #tradeslife","The complaint we will never be able to fix

There is a guy. He emails us twice a month.

He does not like the interface. He does not want it in the cloud. He thinks the whole industry should be run from a spreadsheet and he is not entirely wrong.

He has been in window supply for thirty-one years and he has outlasted four different systems and he will probably outlast us.

I answer both emails. Every time. He is right about about a third of it and that is a better ratio than most customers.

🪟  fenora.pro  —  one record for the whole window job","The complaint we will never be able to fix

There is a guy. He emails us twice a month.

He does not like the interface. He does not want it in the cloud. He thinks the whole industry should be run from a spreadsheet and he is not entirely wrong.

He has been in window supply for thirty-one years and he has outlasted four different systems and he will probably outlast us.

I answer both emails. Every time. He is right about about a third of it and that is a better ratio than most customers.

🪟  fenora.pro  —  one record for the whole window job","The complaint we will never be able to fix

There is a guy. He emails us twice a month.

He does not like the interface. He does not want it in the cloud. He thinks the whole industry should be run from a spreadsheet and he is not entirely wrong.

He has been in window supply for thirty-one years and he has outlasted four different systems and he will probably outlast us.

I answer both emails. Every time. He is right about about a third of it and that is a better ratio than most customers.


— fenora.pro",,08:15,draft,,,,Build In Public
BP-09,build-in-public,static,,What “full stack” actually means for a window business,"Not a tech stack. A business stack.

CRM. Planning search. Survey app. Configurator. Quoting. Production. Tasks. Teams. Delivery. Invoicing.

One record that carries the specification, the price, the evidence and the history from enquiry to final payment.

If any one of those is a separate system with a separate login, somebody in your business is retyping something today. Somebody is always retyping something.",Find the thing you are retyping. fenora.pro,Find the thing you are retyping. fenora.pro,,"Photorealistic dark-mode software interface floating at an angle showing a modular grid of connected workflow stages, warm accent colours, clean and modern, neutral background, cinematic product lighting Clean product photograph of a modern desktop software interface floating at a slight angle, dark charcoal UI with orange accent, crisp data tables and technical window drawings, soft neutral studio background with realistic reflections and shadow. Abstract unreadable micro-text only. No legible words, no logos, no watermarks.",screen-mock,,"IG,FB,LI",build,"What “full stack” actually means for a window business

Not a tech stack. A business stack.

CRM. Planning search. Survey app. Configurator. Quoting. Production. Tasks. Teams. Delivery. Invoicing.

One record that carries the specification, the price, the evidence and the history from enquiry to final payment.

If any one of those is a separate system with a separate login, somebody in your business is retyping something today. Somebody is always retyping something.

Find the thing you are retyping. fenora.pro

🪟  fenora.pro  —  one record for the whole window job

#buildinpublic #indiehacker #saasfounder #startuplife #fenorapro #makestrends #fenestration #glazing #joinery #doubleglazing #windows #fyp #reels #viral #trending #explore #reelsinstagram #tradeslife #tradesmen","What “full stack” actually means for a window business

Not a tech stack. A business stack.

CRM. Planning search. Survey app. Configurator. Quoting. Production. Tasks. Teams. Delivery. Invoicing.

One record that carries the specification, the price, the evidence and the history from enquiry to final payment.

If any one of those is a separate system with a separate login, somebody in your business is retyping something today. Somebody is always retyping something.

Find the thing you are retyping. fenora.pro

🪟  fenora.pro  —  one record for the whole window job","What “full stack” actually means for a window business

Not a tech stack. A business stack.

CRM. Planning search. Survey app. Configurator. Quoting. Production. Tasks. Teams. Delivery. Invoicing.

One record that carries the specification, the price, the evidence and the history from enquiry to final payment.

If any one of those is a separate system with a separate login, somebody in your business is retyping something today. Somebody is always retyping something.

Find the thing you are retyping. fenora.pro

🪟  fenora.pro  —  one record for the whole window job","What “full stack” actually means for a window business

Not a tech stack. A business stack.

CRM. Planning search. Survey app. Configurator. Quoting. Production. Tasks. Teams. Delivery. Invoicing.

One record that carries the specification, the price, the evidence and the history from enquiry to final payment.

If any one of those is a separate system with a separate login, somebody in your business is retyping something today. Somebody is always retyping something.

Find the thing you are retyping. fenora.pro


— fenora.pro",,08:15,draft,,,,Build In Public
BP-10,build-in-public,carousel,,"Build log, quarter by quarter","This quarter:

Shipped: offline survey sync. Frame viewer. Revision quotes with a clean diff.

Fixed: a margin bug that only triggered on Rev 2 quotes, and has been quietly annoying since launch.

Refused: a dashboard with fourteen tiles. It was beautiful. It was useless.

Learned: every single feature request in this trade is either “make it faster” or “stop losing my information”. That is the entire product. That is it.","Ship notes, in the open. fenora.pro","Ship notes, in the open. fenora.pro",,"Photorealistic overhead photograph of a build-in-public style quarterly planning board: a grid, sticky notes, a marker, a coffee ring, a printed screenshot, a laptop edge, warm desk light, honest and scrappy Clean product photograph of a modern desktop software interface floating at a slight angle, dark charcoal UI with orange accent, crisp data tables and technical window drawings, soft neutral studio background with realistic reflections and shadow. Abstract unreadable micro-text only. No legible words, no logos, no watermarks.",screen-mock,,"IG,FB,LI",build,"Build log, quarter by quarter

This quarter:

Shipped: offline survey sync. Frame viewer. Revision quotes with a clean diff.

Fixed: a margin bug that only triggered on Rev 2 quotes, and has been quietly annoying since launch.

Refused: a dashboard with fourteen tiles. It was beautiful. It was useless.

Learned: every single feature request in this trade is either “make it faster” or “stop losing my information”. That is the entire product. That is it.

Ship notes, in the open. fenora.pro

🪟  fenora.pro  —  one record for the whole window job

#buildinpublic #indiehacker #saasfounder #startuplife #fenorapro #fenestration #glazing #joinery #doubleglazing #windows #fyp #reels #viral #trending #explore #reelsinstagram #tradeslife #tradesmen #builderlife","Build log, quarter by quarter

This quarter:

Shipped: offline survey sync. Frame viewer. Revision quotes with a clean diff.

Fixed: a margin bug that only triggered on Rev 2 quotes, and has been quietly annoying since launch.

Refused: a dashboard with fourteen tiles. It was beautiful. It was useless.

Learned: every single feature request in this trade is either “make it faster” or “stop losing my information”. That is the entire product. That is it.

Ship notes, in the open. fenora.pro

🪟  fenora.pro  —  one record for the whole window job","Build log, quarter by quarter

This quarter:

Shipped: offline survey sync. Frame viewer. Revision quotes with a clean diff.

Fixed: a margin bug that only triggered on Rev 2 quotes, and has been quietly annoying since launch.

Refused: a dashboard with fourteen tiles. It was beautiful. It was useless.

Learned: every single feature request in this trade is either “make it faster” or “stop losing my information”. That is the entire product. That is it.

Ship notes, in the open. fenora.pro

🪟  fenora.pro  —  one record for the whole window job","Build log, quarter by quarter

This quarter:

Shipped: offline survey sync. Frame viewer. Revision quotes with a clean diff.

Fixed: a margin bug that only triggered on Rev 2 quotes, and has been quietly annoying since launch.

Refused: a dashboard with fourteen tiles. It was beautiful. It was useless.

Learned: every single feature request in this trade is either “make it faster” or “stop losing my information”. That is the entire product. That is it.

Ship notes, in the open. fenora.pro


— fenora.pro",,08:15,draft,,,,Build In Public
BP-11,build-in-public,static,,“Can we just…” is the most important sentence in product.,"“Can we just put the survey on the phone?”

“Can we just have the quote come out with the drawing on it?”

“Can we just make the delivery wait until the balance is paid?”

“Can we just not retype the sizes?”

Every single good decision in this product came from a version of that sentence spoken by somebody in the trade who was annoyed on a Tuesday.

We are not designing software here. We are taking notes.",fenora.pro,fenora.pro,,"Photorealistic photograph of a notepad on a workshop bench with a short handwritten list, a biro, a phone with a voice memo recording indicator, coffee, workshop light, intimate and documentary Photorealistic editorial photograph, UK domestic architecture, soft overcast British daylight, shot on 35mm, shallow depth of field, muted natural palette of slate grey, birch plywood, anthracite and warm oak. Documentary realism, not glossy advertising. Absolutely no text, no captions, no logos, no watermarks, no UI overlays.",photo-real,,"IG,FB,LI",build,"“Can we just…” is the most important sentence in product.

“Can we just put the survey on the phone?”

“Can we just have the quote come out with the drawing on it?”

“Can we just make the delivery wait until the balance is paid?”

“Can we just not retype the sizes?”

Every single good decision in this product came from a version of that sentence spoken by somebody in the trade who was annoyed on a Tuesday.

We are not designing software here. We are taking notes.

fenora.pro

🪟  fenora.pro  —  one record for the whole window job

#buildinpublic #indiehacker #saasfounder #startuplife #fenorapro #glazing #joinery #doubleglazing #windows #fyp #reels #viral #trending #explore #reelsinstagram #tradeslife #tradesmen #builderlife #skilledtrades","“Can we just…” is the most important sentence in product.

“Can we just put the survey on the phone?”

“Can we just have the quote come out with the drawing on it?”

“Can we just make the delivery wait until the balance is paid?”

“Can we just not retype the sizes?”

Every single good decision in this product came from a version of that sentence spoken by somebody in the trade who was annoyed on a Tuesday.

We are not designing software here. We are taking notes.

fenora.pro

🪟  fenora.pro  —  one record for the whole window job","“Can we just…” is the most important sentence in product.

“Can we just put the survey on the phone?”

“Can we just have the quote come out with the drawing on it?”

“Can we just make the delivery wait until the balance is paid?”

“Can we just not retype the sizes?”

Every single good decision in this product came from a version of that sentence spoken by somebody in the trade who was annoyed on a Tuesday.

We are not designing software here. We are taking notes.

fenora.pro

🪟  fenora.pro  —  one record for the whole window job","“Can we just…” is the most important sentence in product.

“Can we just put the survey on the phone?”

“Can we just have the quote come out with the drawing on it?”

“Can we just make the delivery wait until the balance is paid?”

“Can we just not retype the sizes?”

Every single good decision in this product came from a version of that sentence spoken by somebody in the trade who was annoyed on a Tuesday.

We are not designing software here. We are taking notes.

fenora.pro


— fenora.pro",,08:15,draft,,,,Build In Public
BP-12,build-in-public,static,,We are hiring. Here is the honest version.,"We are looking for someone who has actually stood in a reveal.

Not a developer with a nice story about the trades. Someone who can look at a survey photo and say “that lintel is doing nothing, that cavity is full, and that trickle vent is in the wrong place” and then describe it in a sentence that a software developer can build from.

That person is worth more than another senior developer and they are much harder to find.",,,,"Photorealistic photograph of a small team working together at a long table in a workshop, a large monitor showing a window model, samples of timber and profiles on the table, warm collaborative light, candid and real Photorealistic editorial photograph, UK domestic architecture, soft overcast British daylight, shot on 35mm, shallow depth of field, muted natural palette of slate grey, birch plywood, anthracite and warm oak. Documentary realism, not glossy advertising. Absolutely no text, no captions, no logos, no watermarks, no UI overlays.",photo-real,,"IG,FB,LI",build,"We are hiring. Here is the honest version.

We are looking for someone who has actually stood in a reveal.

Not a developer with a nice story about the trades. Someone who can look at a survey photo and say “that lintel is doing nothing, that cavity is full, and that trickle vent is in the wrong place” and then describe it in a sentence that a software developer can build from.

That person is worth more than another senior developer and they are much harder to find.

🪟  fenora.pro  —  one record for the whole window job

#buildinpublic #indiehacker #saasfounder #startuplife #fenorapro #joinery #doubleglazing #windows #fyp #reels #viral #trending #explore #reelsinstagram #tradeslife #tradesmen #builderlife #skilledtrades #bluecollar","We are hiring. Here is the honest version.

We are looking for someone who has actually stood in a reveal.

Not a developer with a nice story about the trades. Someone who can look at a survey photo and say “that lintel is doing nothing, that cavity is full, and that trickle vent is in the wrong place” and then describe it in a sentence that a software developer can build from.

That person is worth more than another senior developer and they are much harder to find.

🪟  fenora.pro  —  one record for the whole window job","We are hiring. Here is the honest version.

We are looking for someone who has actually stood in a reveal.

Not a developer with a nice story about the trades. Someone who can look at a survey photo and say “that lintel is doing nothing, that cavity is full, and that trickle vent is in the wrong place” and then describe it in a sentence that a software developer can build from.

That person is worth more than another senior developer and they are much harder to find.

🪟  fenora.pro  —  one record for the whole window job","We are hiring. Here is the honest version.

We are looking for someone who has actually stood in a reveal.

Not a developer with a nice story about the trades. Someone who can look at a survey photo and say “that lintel is doing nothing, that cavity is full, and that trickle vent is in the wrong place” and then describe it in a sentence that a software developer can build from.

That person is worth more than another senior developer and they are much harder to find.


— fenora.pro",,08:15,draft,,,,Build In Public
TM-01,team,reel,,POV: you open the survey app and the quoted sizes are already there,"Opening by opening, the quoted size and the full specification are already on the phone.

The survey sheet. The glazing. The bar type. The ironmongery. The cill projection. All of it.

So the survey stops being a data entry job and starts being a verification job. You are checking, not collecting.

And for the first time, the person on site and the person in the office are looking at the same job.",fenora.pro,fenora.pro,,"Photorealistic 9:16 shot of a surveyor on a site holding a phone showing a detailed opening list, expression of relief, morning light in a half-stripped UK room, warm and human, portrait framing Photorealistic candid documentary photograph of a UK tradesperson at work, hi-vis and worn workwear, tools and laser measure in frame, overcast British daylight, van or scaffold hinted in background, slightly chaotic and real, not staged. Muted natural palette, 35mm, shallow depth of field. Absolutely no text, no captions, no logos, no watermarks, no UI overlays.",photo-trades,9:16,"IG,FB,LI",team,"POV: you open the survey app and the quoted sizes are already there

Opening by opening, the quoted size and the full specification are already on the phone.

The survey sheet. The glazing. The bar type. The ironmongery. The cill projection. All of it.

So the survey stops being a data entry job and starts being a verification job. You are checking, not collecting.

And for the first time, the person on site and the person in the office are looking at the same job.

fenora.pro

🪟  fenora.pro  —  one record for the whole window job

#teambuilding #tradespeople #apprentice #teamwork #fenorapro #tradesmen #builderlife #skilledtrades #bluecollar #constructionuk #renovation #homeimprovement #diy #makestrends #fenestration #glazing #joinery #doubleglazing #windows","POV: you open the survey app and the quoted sizes are already there

Opening by opening, the quoted size and the full specification are already on the phone.

The survey sheet. The glazing. The bar type. The ironmongery. The cill projection. All of it.

So the survey stops being a data entry job and starts being a verification job. You are checking, not collecting.

And for the first time, the person on site and the person in the office are looking at the same job.

fenora.pro

🪟  fenora.pro  —  one record for the whole window job","POV: you open the survey app and the quoted sizes are already there

Opening by opening, the quoted size and the full specification are already on the phone.

The survey sheet. The glazing. The bar type. The ironmongery. The cill projection. All of it.

So the survey stops being a data entry job and starts being a verification job. You are checking, not collecting.

And for the first time, the person on site and the person in the office are looking at the same job.

fenora.pro

🪟  fenora.pro  —  one record for the whole window job","POV: you open the survey app and the quoted sizes are already there

Opening by opening, the quoted size and the full specification are already on the phone.

The survey sheet. The glazing. The bar type. The ironmongery. The cill projection. All of it.

So the survey stops being a data entry job and starts being a verification job. You are checking, not collecting.

And for the first time, the person on site and the person in the office are looking at the same job.

fenora.pro


— fenora.pro",,08:15,draft,,,,Team & People
TM-02,team,static,,The office is not a back office.,"The office is where the job is won or lost for reasons the fitter will never see.

The office is the quote that goes out in eleven minutes instead of two days. The office is the drawing that is attached. The office is the variation that gets priced on the same day it is flagged. The office is the deposit letter that goes out automatically.

The office is the whole business and it is usually the quietest room in it.",,,,"Photorealistic photograph of a small trade office: two people, a good desk, a window sample, a monitor showing a quote, morning light, calm and competent, not frantic, documentary business photography Photorealistic editorial photograph, UK domestic architecture, soft overcast British daylight, shot on 35mm, shallow depth of field, muted natural palette of slate grey, birch plywood, anthracite and warm oak. Documentary realism, not glossy advertising. Absolutely no text, no captions, no logos, no watermarks, no UI overlays.",photo-real,,"IG,FB,LI",team,"The office is not a back office.

The office is where the job is won or lost for reasons the fitter will never see.

The office is the quote that goes out in eleven minutes instead of two days. The office is the drawing that is attached. The office is the variation that gets priced on the same day it is flagged. The office is the deposit letter that goes out automatically.

The office is the whole business and it is usually the quietest room in it.

🪟  fenora.pro  —  one record for the whole window job

#teambuilding #tradespeople #apprentice #teamwork #fenorapro #builderlife #skilledtrades #bluecollar #constructionuk #renovation #homeimprovement #diy #makestrends #fenestration #glazing #joinery #doubleglazing #windows #fyp","The office is not a back office.

The office is where the job is won or lost for reasons the fitter will never see.

The office is the quote that goes out in eleven minutes instead of two days. The office is the drawing that is attached. The office is the variation that gets priced on the same day it is flagged. The office is the deposit letter that goes out automatically.

The office is the whole business and it is usually the quietest room in it.

🪟  fenora.pro  —  one record for the whole window job","The office is not a back office.

The office is where the job is won or lost for reasons the fitter will never see.

The office is the quote that goes out in eleven minutes instead of two days. The office is the drawing that is attached. The office is the variation that gets priced on the same day it is flagged. The office is the deposit letter that goes out automatically.

The office is the whole business and it is usually the quietest room in it.

🪟  fenora.pro  —  one record for the whole window job","The office is not a back office.

The office is where the job is won or lost for reasons the fitter will never see.

The office is the quote that goes out in eleven minutes instead of two days. The office is the drawing that is attached. The office is the variation that gets priced on the same day it is flagged. The office is the deposit letter that goes out automatically.

The office is the whole business and it is usually the quietest room in it.


— fenora.pro",,08:15,draft,,,,Team & People
TM-03,team,static,,The workshop is not a factory. It is a conversation.,"The workshop does not need a salesperson. The workshop needs the drawing, the cut list, the label, the schedule and the finish schedule, all correct, in that order, on the day.

Give a workshop those five things and it will run at 95% first-time-right without a single phone call.

Then take the phone away and give the sales team their morning back.","The spec that priced the quote produces the purchase order, the cut list, the labels and the drawings. fenora.pro","The spec that priced the quote produces the purchase order, the cut list, the labels and the drawings. fenora.pro",,"Photorealistic photograph of a skilled joiner at a workbench in a UK workshop, a printed cut list and label beside him, timber and finished window frames in the background, sawdust in a shaft of light, warm and skilled, documentary Photorealistic candid documentary photograph of a UK tradesperson at work, hi-vis and worn workwear, tools and laser measure in frame, overcast British daylight, van or scaffold hinted in background, slightly chaotic and real, not staged. Muted natural palette, 35mm, shallow depth of field. Absolutely no text, no captions, no logos, no watermarks, no UI overlays.",photo-trades,,"IG,FB,LI",team,"The workshop is not a factory. It is a conversation.

The workshop does not need a salesperson. The workshop needs the drawing, the cut list, the label, the schedule and the finish schedule, all correct, in that order, on the day.

Give a workshop those five things and it will run at 95% first-time-right without a single phone call.

Then take the phone away and give the sales team their morning back.

The spec that priced the quote produces the purchase order, the cut list, the labels and the drawings. fenora.pro

🪟  fenora.pro  —  one record for the whole window job

#teambuilding #tradespeople #apprentice #teamwork #fenorapro #skilledtrades #bluecollar #constructionuk #renovation #homeimprovement #diy #makestrends #fenestration #glazing #joinery #doubleglazing #windows #fyp #reels","The workshop is not a factory. It is a conversation.

The workshop does not need a salesperson. The workshop needs the drawing, the cut list, the label, the schedule and the finish schedule, all correct, in that order, on the day.

Give a workshop those five things and it will run at 95% first-time-right without a single phone call.

Then take the phone away and give the sales team their morning back.

The spec that priced the quote produces the purchase order, the cut list, the labels and the drawings. fenora.pro

🪟  fenora.pro  —  one record for the whole window job","The workshop is not a factory. It is a conversation.

The workshop does not need a salesperson. The workshop needs the drawing, the cut list, the label, the schedule and the finish schedule, all correct, in that order, on the day.

Give a workshop those five things and it will run at 95% first-time-right without a single phone call.

Then take the phone away and give the sales team their morning back.

The spec that priced the quote produces the purchase order, the cut list, the labels and the drawings. fenora.pro

🪟  fenora.pro  —  one record for the whole window job","The workshop is not a factory. It is a conversation.

The workshop does not need a salesperson. The workshop needs the drawing, the cut list, the label, the schedule and the finish schedule, all correct, in that order, on the day.

Give a workshop those five things and it will run at 95% first-time-right without a single phone call.

Then take the phone away and give the sales team their morning back.

The spec that priced the quote produces the purchase order, the cut list, the labels and the drawings. fenora.pro


— fenora.pro",,08:15,draft,,,,Team & People
TM-04,team,reel,,The most underrated person in a window business,"Not the fitter. Not the salesperson. Not even the office.

The person who orders the glass and is right about the lead time.

That person knows that 24mm with a warm edge is nine days and 24mm standard is four. That person knows the uPVC is on holiday in August. That person knows to order the ironmongery before the frame arrives and not after.

That person is usually called Steve and is currently on a break.",,,,"Photorealistic 9:16 shot of a person at a desk surrounded by glass samples, a supplier catalogue and a phone, looking calm and knowledgeable, a coffee going cold, warm office light, quietly authoritative, portrait framing Photorealistic editorial photograph, UK domestic architecture, soft overcast British daylight, shot on 35mm, shallow depth of field, muted natural palette of slate grey, birch plywood, anthracite and warm oak. Documentary realism, not glossy advertising. Absolutely no text, no captions, no logos, no watermarks, no UI overlays.",photo-real,9:16,"IG,FB,LI",team,"The most underrated person in a window business

Not the fitter. Not the salesperson. Not even the office.

The person who orders the glass and is right about the lead time.

That person knows that 24mm with a warm edge is nine days and 24mm standard is four. That person knows the uPVC is on holiday in August. That person knows to order the ironmongery before the frame arrives and not after.

That person is usually called Steve and is currently on a break.

🪟  fenora.pro  —  one record for the whole window job

#teambuilding #tradespeople #apprentice #teamwork #fenorapro #bluecollar #constructionuk #renovation #homeimprovement #diy #makestrends #fenestration #glazing #joinery #doubleglazing #windows #fyp #reels #viral","The most underrated person in a window business

Not the fitter. Not the salesperson. Not even the office.

The person who orders the glass and is right about the lead time.

That person knows that 24mm with a warm edge is nine days and 24mm standard is four. That person knows the uPVC is on holiday in August. That person knows to order the ironmongery before the frame arrives and not after.

That person is usually called Steve and is currently on a break.

🪟  fenora.pro  —  one record for the whole window job","The most underrated person in a window business

Not the fitter. Not the salesperson. Not even the office.

The person who orders the glass and is right about the lead time.

That person knows that 24mm with a warm edge is nine days and 24mm standard is four. That person knows the uPVC is on holiday in August. That person knows to order the ironmongery before the frame arrives and not after.

That person is usually called Steve and is currently on a break.

🪟  fenora.pro  —  one record for the whole window job","The most underrated person in a window business

Not the fitter. Not the salesperson. Not even the office.

The person who orders the glass and is right about the lead time.

That person knows that 24mm with a warm edge is nine days and 24mm standard is four. That person knows the uPVC is on holiday in August. That person knows to order the ironmongery before the frame arrives and not after.

That person is usually called Steve and is currently on a break.


— fenora.pro",,08:15,draft,,,,Team & People
TM-05,team,static,,The apprentice. Feed him properly.,"The best thing you can do for an apprentice is to make him record the job properly.

Not the fitting. The job. The survey, the photos, the variations, the numbers, the materials. All of it, on a system, as he goes.

In three years he will not be an apprentice. He will be running jobs, pricing them properly, and not losing the information that everyone else loses.

And in five years you will have a manager, and you will not have had to train one.",,,,"Photorealistic photograph of a young apprentice tradesperson kneeling at a window opening with a phone photographing the details, a laser measure and notebook, wearing clean new workwear, focused, morning light, hopeful and warm Photorealistic candid documentary photograph of a UK tradesperson at work, hi-vis and worn workwear, tools and laser measure in frame, overcast British daylight, van or scaffold hinted in background, slightly chaotic and real, not staged. Muted natural palette, 35mm, shallow depth of field. Absolutely no text, no captions, no logos, no watermarks, no UI overlays.",photo-trades,,"IG,FB,LI",team,"The apprentice. Feed him properly.

The best thing you can do for an apprentice is to make him record the job properly.

Not the fitting. The job. The survey, the photos, the variations, the numbers, the materials. All of it, on a system, as he goes.

In three years he will not be an apprentice. He will be running jobs, pricing them properly, and not losing the information that everyone else loses.

And in five years you will have a manager, and you will not have had to train one.

🪟  fenora.pro  —  one record for the whole window job

#teambuilding #tradespeople #apprentice #teamwork #fenorapro #constructionuk #renovation #homeimprovement #diy #makestrends #fenestration #glazing #joinery #doubleglazing #windows #fyp #reels #viral #trending","The apprentice. Feed him properly.

The best thing you can do for an apprentice is to make him record the job properly.

Not the fitting. The job. The survey, the photos, the variations, the numbers, the materials. All of it, on a system, as he goes.

In three years he will not be an apprentice. He will be running jobs, pricing them properly, and not losing the information that everyone else loses.

And in five years you will have a manager, and you will not have had to train one.

🪟  fenora.pro  —  one record for the whole window job","The apprentice. Feed him properly.

The best thing you can do for an apprentice is to make him record the job properly.

Not the fitting. The job. The survey, the photos, the variations, the numbers, the materials. All of it, on a system, as he goes.

In three years he will not be an apprentice. He will be running jobs, pricing them properly, and not losing the information that everyone else loses.

And in five years you will have a manager, and you will not have had to train one.

🪟  fenora.pro  —  one record for the whole window job","The apprentice. Feed him properly.

The best thing you can do for an apprentice is to make him record the job properly.

Not the fitting. The job. The survey, the photos, the variations, the numbers, the materials. All of it, on a system, as he goes.

In three years he will not be an apprentice. He will be running jobs, pricing them properly, and not losing the information that everyone else loses.

And in five years you will have a manager, and you will not have had to train one.


— fenora.pro",,08:15,draft,,,,Team & People
TM-06,team,static,,"Subcontractors need the same system, not more WhatsApp.","A subcontract fitter who has to chase you for a drawing is a subcontract fitter who will do it slightly differently, on a slightly different day, and you will not find out until the customer mentions it.

Give them the job. Not a PDF of a job.

They see the same opening-by-opening record you see. Same sizes, same spec, same evidence, same conditions. They are part of the job, so the job should include them.","Office, surveyors, fitters and subs on the same job. fenora.pro","Office, surveyors, fitters and subs on the same job. fenora.pro",,"Photorealistic photograph of two tradespeople from different vans working together on a window installation, one passing a frame, a shared job sheet on a clipboard between them, overcast daylight, partnership energy, documentary Photorealistic candid documentary photograph of a UK tradesperson at work, hi-vis and worn workwear, tools and laser measure in frame, overcast British daylight, van or scaffold hinted in background, slightly chaotic and real, not staged. Muted natural palette, 35mm, shallow depth of field. Absolutely no text, no captions, no logos, no watermarks, no UI overlays.",photo-trades,,"IG,FB,LI",team,"Subcontractors need the same system, not more WhatsApp.

A subcontract fitter who has to chase you for a drawing is a subcontract fitter who will do it slightly differently, on a slightly different day, and you will not find out until the customer mentions it.

Give them the job. Not a PDF of a job.

They see the same opening-by-opening record you see. Same sizes, same spec, same evidence, same conditions. They are part of the job, so the job should include them.

Office, surveyors, fitters and subs on the same job. fenora.pro

🪟  fenora.pro  —  one record for the whole window job

#teambuilding #tradespeople #apprentice #teamwork #fenorapro #renovation #homeimprovement #diy #makestrends #fenestration #glazing #joinery #doubleglazing #windows #fyp #reels #viral #trending #explore","Subcontractors need the same system, not more WhatsApp.

A subcontract fitter who has to chase you for a drawing is a subcontract fitter who will do it slightly differently, on a slightly different day, and you will not find out until the customer mentions it.

Give them the job. Not a PDF of a job.

They see the same opening-by-opening record you see. Same sizes, same spec, same evidence, same conditions. They are part of the job, so the job should include them.

Office, surveyors, fitters and subs on the same job. fenora.pro

🪟  fenora.pro  —  one record for the whole window job","Subcontractors need the same system, not more WhatsApp.

A subcontract fitter who has to chase you for a drawing is a subcontract fitter who will do it slightly differently, on a slightly different day, and you will not find out until the customer mentions it.

Give them the job. Not a PDF of a job.

They see the same opening-by-opening record you see. Same sizes, same spec, same evidence, same conditions. They are part of the job, so the job should include them.

Office, surveyors, fitters and subs on the same job. fenora.pro

🪟  fenora.pro  —  one record for the whole window job","Subcontractors need the same system, not more WhatsApp.

A subcontract fitter who has to chase you for a drawing is a subcontract fitter who will do it slightly differently, on a slightly different day, and you will not find out until the customer mentions it.

Give them the job. Not a PDF of a job.

They see the same opening-by-opening record you see. Same sizes, same spec, same evidence, same conditions. They are part of the job, so the job should include them.

Office, surveyors, fitters and subs on the same job. fenora.pro


— fenora.pro",,08:15,draft,,,,Team & People
TM-07,team,static,,"Seven systems, one person keeping them in step. Sound familiar?","The CRM knows nothing about windows.
The spreadsheet is priced by one person.
The survey app cannot see the quote.
The quoting software cannot see the survey.
The decisions live in WhatsApp.
The dates live in a calendar.
The delivery has no job attached.

One job, entered six times, each slightly different. Somebody is a person in the middle keeping them in step. You know who. So do they.",One record that travels the whole way through the business. fenora.pro,One record that travels the whole way through the business. fenora.pro,,"Photorealistic photograph of a single UK tradesperson looking slightly overwhelmed, surrounded by a laptop, a clipboard, a phone, a paper file, a delivery note and a wall calendar, muted and relatable, documentary Photorealistic editorial photograph, UK domestic architecture, soft overcast British daylight, shot on 35mm, shallow depth of field, muted natural palette of slate grey, birch plywood, anthracite and warm oak. Documentary realism, not glossy advertising. Absolutely no text, no captions, no logos, no watermarks, no UI overlays.",photo-real,,"IG,FB,LI",team,"Seven systems, one person keeping them in step. Sound familiar?

The CRM knows nothing about windows.
The spreadsheet is priced by one person.
The survey app cannot see the quote.
The quoting software cannot see the survey.
The decisions live in WhatsApp.
The dates live in a calendar.
The delivery has no job attached.

One job, entered six times, each slightly different. Somebody is a person in the middle keeping them in step. You know who. So do they.

One record that travels the whole way through the business. fenora.pro

🪟  fenora.pro  —  one record for the whole window job

#teambuilding #tradespeople #apprentice #teamwork #fenorapro #homeimprovement #diy #makestrends #fenestration #glazing #joinery #doubleglazing #windows #fyp #reels #viral #trending #explore #reelsinstagram","Seven systems, one person keeping them in step. Sound familiar?

The CRM knows nothing about windows.
The spreadsheet is priced by one person.
The survey app cannot see the quote.
The quoting software cannot see the survey.
The decisions live in WhatsApp.
The dates live in a calendar.
The delivery has no job attached.

One job, entered six times, each slightly different. Somebody is a person in the middle keeping them in step. You know who. So do they.

One record that travels the whole way through the business. fenora.pro

🪟  fenora.pro  —  one record for the whole window job","Seven systems, one person keeping them in step. Sound familiar?

The CRM knows nothing about windows.
The spreadsheet is priced by one person.
The survey app cannot see the quote.
The quoting software cannot see the survey.
The decisions live in WhatsApp.
The dates live in a calendar.
The delivery has no job attached.

One job, entered six times, each slightly different. Somebody is a person in the middle keeping them in step. You know who. So do they.

One record that travels the whole way through the business. fenora.pro

🪟  fenora.pro  —  one record for the whole window job","Seven systems, one person keeping them in step. Sound familiar?

The CRM knows nothing about windows.
The spreadsheet is priced by one person.
The survey app cannot see the quote.
The quoting software cannot see the survey.
The decisions live in WhatsApp.
The dates live in a calendar.
The delivery has no job attached.

One job, entered six times, each slightly different. Somebody is a person in the middle keeping them in step. You know who. So do they.

One record that travels the whole way through the business. fenora.pro


— fenora.pro",,08:15,draft,,,,Team & People
TM-08,team,carousel,,"Six weeks in a job, one screen","Slide 1: LEAD. “Enquiry, £46,200, M. Hartley, Tunbridge Wells.”

Slide 2: SURVEY. “S-0342, Thu 09:00, R. Okonjo, 7 openings.”

Slide 3: QUOTE. “Q-1184 Rev 2, 11 units, 2 doors, signed 11 Aug 16:42.”

Slide 4: PRODUCTION. “J-0871, glazing, 62% complete, delivery 18 Aug.”

Slide 5: DELIVERY. “DEL-1042, 11 frames 2 doors, phase 1 of 2, in transit, ETA 11:40.”

Slide 6: Same record. Same address. Six weeks.",fenora.pro,fenora.pro,,"Photorealistic dark-mode software interface floating at an angle showing a vertical timeline of one job with six stages, each with real detail, warm accent line, clean and modern, neutral background Clean product photograph of a modern desktop software interface floating at a slight angle, dark charcoal UI with orange accent, crisp data tables and technical window drawings, soft neutral studio background with realistic reflections and shadow. Abstract unreadable micro-text only. No legible words, no logos, no watermarks.",screen-mock,,"IG,FB,LI",team,"Six weeks in a job, one screen

Slide 1: LEAD. “Enquiry, £46,200, M. Hartley, Tunbridge Wells.”

Slide 2: SURVEY. “S-0342, Thu 09:00, R. Okonjo, 7 openings.”

Slide 3: QUOTE. “Q-1184 Rev 2, 11 units, 2 doors, signed 11 Aug 16:42.”

Slide 4: PRODUCTION. “J-0871, glazing, 62% complete, delivery 18 Aug.”

Slide 5: DELIVERY. “DEL-1042, 11 frames 2 doors, phase 1 of 2, in transit, ETA 11:40.”

Slide 6: Same record. Same address. Six weeks.

fenora.pro

🪟  fenora.pro  —  one record for the whole window job

#teambuilding #tradespeople #apprentice #teamwork #fenorapro #diy #makestrends #fenestration #glazing #joinery #doubleglazing #windows #fyp #reels #viral #trending #explore #reelsinstagram #tradeslife","Six weeks in a job, one screen

Slide 1: LEAD. “Enquiry, £46,200, M. Hartley, Tunbridge Wells.”

Slide 2: SURVEY. “S-0342, Thu 09:00, R. Okonjo, 7 openings.”

Slide 3: QUOTE. “Q-1184 Rev 2, 11 units, 2 doors, signed 11 Aug 16:42.”

Slide 4: PRODUCTION. “J-0871, glazing, 62% complete, delivery 18 Aug.”

Slide 5: DELIVERY. “DEL-1042, 11 frames 2 doors, phase 1 of 2, in transit, ETA 11:40.”

Slide 6: Same record. Same address. Six weeks.

fenora.pro

🪟  fenora.pro  —  one record for the whole window job","Six weeks in a job, one screen

Slide 1: LEAD. “Enquiry, £46,200, M. Hartley, Tunbridge Wells.”

Slide 2: SURVEY. “S-0342, Thu 09:00, R. Okonjo, 7 openings.”

Slide 3: QUOTE. “Q-1184 Rev 2, 11 units, 2 doors, signed 11 Aug 16:42.”

Slide 4: PRODUCTION. “J-0871, glazing, 62% complete, delivery 18 Aug.”

Slide 5: DELIVERY. “DEL-1042, 11 frames 2 doors, phase 1 of 2, in transit, ETA 11:40.”

Slide 6: Same record. Same address. Six weeks.

fenora.pro

🪟  fenora.pro  —  one record for the whole window job","Six weeks in a job, one screen

1. LEAD. “Enquiry, £46,200, M. Hartley, Tunbridge Wells.”

2. SURVEY. “S-0342, Thu 09:00, R. Okonjo, 7 openings.”

3. QUOTE. “Q-1184 Rev 2, 11 units, 2 doors, signed 11 Aug 16:42.”

4. PRODUCTION. “J-0871, glazing, 62% complete, delivery 18 Aug.”

5. DELIVERY. “DEL-1042, 11 frames 2 doors, phase 1 of 2, in transit, ETA 11:40.”

6. Same record. Same address. Six weeks.

fenora.pro


— fenora.pro",,08:15,draft,,,,Team & People
OL-01,trade-pain,static,,“It’s an easy fit.”,Said by someone who has never seen a reveal.,,,,"Photorealistic candid British trades scene that illustrates the frustration, hi-vis and real materials, overcast daylight, documentary realism. The image should suggest: “it’s an easy fit.” No text, no logos, no watermarks. Photorealistic candid documentary photograph of a UK tradesperson at work, hi-vis and worn workwear, tools and laser measure in frame, overcast British daylight, van or scaffold hinted in background, slightly chaotic and real, not staged. Muted natural palette, 35mm, shallow depth of field. Absolutely no text, no captions, no logos, no watermarks, no UI overlays.",photo-trades,,"IG,FB,LI",oneliners,"“It’s an easy fit.”

Said by someone who has never seen a reveal.

🪟  fenora.pro  —  one record for the whole window job

#tradeslife #fitterslife #uktrades #funnytrades #fenorapro #tradesmen #builderlife #skilledtrades #bluecollar #constructionuk #renovation #homeimprovement #diy #makestrends #fenestration #glazing #joinery #doubleglazing #windows","“It’s an easy fit.”

Said by someone who has never seen a reveal.

🪟  fenora.pro  —  one record for the whole window job","“It’s an easy fit.”

Said by someone who has never seen a reveal.

🪟  fenora.pro  —  one record for the whole window job","“It’s an easy fit.”

Said by someone who has never seen a reveal.


— fenora.pro",,08:15,draft,,,,Trade Pain
OL-02,trade-pain,static,,The drawing is always wrong. The survey is always right. The job is always fine.,Somebody has to check. It is becoming a theme.,,,,"Photorealistic candid British trades scene that illustrates the frustration, hi-vis and real materials, overcast daylight, documentary realism. The image should suggest: the drawing is always wrong. the survey is always right. the job is always fine. No text, no logos, no watermarks. Photorealistic editorial photograph, UK domestic architecture, soft overcast British daylight, shot on 35mm, shallow depth of field, muted natural palette of slate grey, birch plywood, anthracite and warm oak. Documentary realism, not glossy advertising. Absolutely no text, no captions, no logos, no watermarks, no UI overlays.",photo-real,,"IG,FB,LI",oneliners,"The drawing is always wrong. The survey is always right. The job is always fine.

Somebody has to check. It is becoming a theme.

🪟  fenora.pro  —  one record for the whole window job

#tradeslife #fitterslife #uktrades #funnytrades #fenorapro #builderlife #skilledtrades #bluecollar #constructionuk #renovation #homeimprovement #diy #makestrends #fenestration #glazing #joinery #doubleglazing #windows #fyp","The drawing is always wrong. The survey is always right. The job is always fine.

Somebody has to check. It is becoming a theme.

🪟  fenora.pro  —  one record for the whole window job","The drawing is always wrong. The survey is always right. The job is always fine.

Somebody has to check. It is becoming a theme.

🪟  fenora.pro  —  one record for the whole window job","The drawing is always wrong. The survey is always right. The job is always fine.

Somebody has to check. It is becoming a theme.


— fenora.pro",,08:15,draft,,,,Trade Pain
OL-03,contrarian,static,,“We’ll sort it out on site.”,"The sentence with no owner, no cost and no definition of done.",,,,"Photorealistic conceptual scene with a slightly awkward, thought-provoking composition, British domestic, muted palette. The image should suggest: “we’ll sort it out on site.” No text, no logos, no watermarks. Photorealistic editorial photograph, UK domestic architecture, soft overcast British daylight, shot on 35mm, shallow depth of field, muted natural palette of slate grey, birch plywood, anthracite and warm oak. Documentary realism, not glossy advertising. Absolutely no text, no captions, no logos, no watermarks, no UI overlays.",photo-real,,"IG,FB,LI",oneliners,"“We’ll sort it out on site.”

The sentence with no owner, no cost and no definition of done.

🪟  fenora.pro  —  one record for the whole window job

#tradeslife #fitterslife #uktrades #funnytrades #fenorapro #skilledtrades #bluecollar #constructionuk #renovation #homeimprovement #diy #makestrends #fenestration #glazing #joinery #doubleglazing #windows #fyp #reels","“We’ll sort it out on site.”

The sentence with no owner, no cost and no definition of done.

🪟  fenora.pro  —  one record for the whole window job","“We’ll sort it out on site.”

The sentence with no owner, no cost and no definition of done.

🪟  fenora.pro  —  one record for the whole window job","“We’ll sort it out on site.”

The sentence with no owner, no cost and no definition of done.


— fenora.pro",,08:15,draft,,,,Contrarian Takes
OL-04,nerd-detail,static,,"Sill, cill, whatever you like. It is the thing at the bottom of the window.",This argument will outlive us all.,,,,"Photorealistic extreme detail of a window detail, shallow depth of field, precise and beautiful, neutral daylight. The image should suggest: sill, cill, whatever you like. it is the thing at the bottom of the window. No text, no logos, no watermarks. Photorealistic editorial photograph, UK domestic architecture, soft overcast British daylight, shot on 35mm, shallow depth of field, muted natural palette of slate grey, birch plywood, anthracite and warm oak. Documentary realism, not glossy advertising. Absolutely no text, no captions, no logos, no watermarks, no UI overlays.",photo-real,,"IG,FB,LI",oneliners,"Sill, cill, whatever you like. It is the thing at the bottom of the window.

This argument will outlive us all.

🪟  fenora.pro  —  one record for the whole window job

#tradeslife #fitterslife #uktrades #funnytrades #fenorapro #bluecollar #constructionuk #renovation #homeimprovement #diy #makestrends #fenestration #glazing #joinery #doubleglazing #windows #fyp #reels #viral","Sill, cill, whatever you like. It is the thing at the bottom of the window.

This argument will outlive us all.

🪟  fenora.pro  —  one record for the whole window job","Sill, cill, whatever you like. It is the thing at the bottom of the window.

This argument will outlive us all.

🪟  fenora.pro  —  one record for the whole window job","Sill, cill, whatever you like. It is the thing at the bottom of the window.

This argument will outlive us all.


— fenora.pro",,08:15,draft,,,,Nerd Detail
OL-05,nerd-detail,static,,Twelve years of trouble-free sashes. Then the cords give on a Tuesday.,They were always going to. You just bought the time.,,,,"Photorealistic extreme detail of a window detail, shallow depth of field, precise and beautiful, neutral daylight. The image should suggest: twelve years of trouble-free sashes. then the cords give on a tuesday. No text, no logos, no watermarks. Photorealistic editorial photograph, UK domestic architecture, soft overcast British daylight, shot on 35mm, shallow depth of field, muted natural palette of slate grey, birch plywood, anthracite and warm oak. Documentary realism, not glossy advertising. Absolutely no text, no captions, no logos, no watermarks, no UI overlays.",photo-real,,"IG,FB,LI",oneliners,"Twelve years of trouble-free sashes. Then the cords give on a Tuesday.

They were always going to. You just bought the time.

🪟  fenora.pro  —  one record for the whole window job

#tradeslife #fitterslife #uktrades #funnytrades #fenorapro #constructionuk #renovation #homeimprovement #diy #makestrends #fenestration #glazing #joinery #doubleglazing #windows #fyp #reels #viral #trending","Twelve years of trouble-free sashes. Then the cords give on a Tuesday.

They were always going to. You just bought the time.

🪟  fenora.pro  —  one record for the whole window job","Twelve years of trouble-free sashes. Then the cords give on a Tuesday.

They were always going to. You just bought the time.

🪟  fenora.pro  —  one record for the whole window job","Twelve years of trouble-free sashes. Then the cords give on a Tuesday.

They were always going to. You just bought the time.


— fenora.pro",,08:15,draft,,,,Nerd Detail
OL-06,nerd-detail,static,,A 4mm difference is a 20 minute job or a 4 hour job.,Which one it is depends entirely on the day.,,,,"Photorealistic extreme detail of a window detail, shallow depth of field, precise and beautiful, neutral daylight. The image should suggest: a 4mm difference is a 20 minute job or a 4 hour job. No text, no logos, no watermarks. Photorealistic editorial photograph, UK domestic architecture, soft overcast British daylight, shot on 35mm, shallow depth of field, muted natural palette of slate grey, birch plywood, anthracite and warm oak. Documentary realism, not glossy advertising. Absolutely no text, no captions, no logos, no watermarks, no UI overlays.",photo-real,,"IG,FB,LI",oneliners,"A 4mm difference is a 20 minute job or a 4 hour job.

Which one it is depends entirely on the day.

🪟  fenora.pro  —  one record for the whole window job

#tradeslife #fitterslife #uktrades #funnytrades #fenorapro #renovation #homeimprovement #diy #makestrends #fenestration #glazing #joinery #doubleglazing #windows #fyp #reels #viral #trending #explore","A 4mm difference is a 20 minute job or a 4 hour job.

Which one it is depends entirely on the day.

🪟  fenora.pro  —  one record for the whole window job","A 4mm difference is a 20 minute job or a 4 hour job.

Which one it is depends entirely on the day.

🪟  fenora.pro  —  one record for the whole window job","A 4mm difference is a 20 minute job or a 4 hour job.

Which one it is depends entirely on the day.


— fenora.pro",,08:15,draft,,,,Nerd Detail
OL-07,trade-pain,static,,"“Is it a scratch or a crack?” is not a question, it is a whole philosophy.",The answer is usually reflection.,,,,"Photorealistic candid British trades scene that illustrates the frustration, hi-vis and real materials, overcast daylight, documentary realism. The image should suggest: “is it a scratch or a crack?” is not a question, it is a whole philosophy. No text, no logos, no watermarks. Photorealistic editorial photograph, UK domestic architecture, soft overcast British daylight, shot on 35mm, shallow depth of field, muted natural palette of slate grey, birch plywood, anthracite and warm oak. Documentary realism, not glossy advertising. Absolutely no text, no captions, no logos, no watermarks, no UI overlays.",photo-real,,"IG,FB,LI",oneliners,"“Is it a scratch or a crack?” is not a question, it is a whole philosophy.

The answer is usually reflection.

🪟  fenora.pro  —  one record for the whole window job

#tradeslife #fitterslife #uktrades #funnytrades #fenorapro #homeimprovement #diy #makestrends #fenestration #glazing #joinery #doubleglazing #windows #fyp #reels #viral #trending #explore #reelsinstagram","“Is it a scratch or a crack?” is not a question, it is a whole philosophy.

The answer is usually reflection.

🪟  fenora.pro  —  one record for the whole window job","“Is it a scratch or a crack?” is not a question, it is a whole philosophy.

The answer is usually reflection.

🪟  fenora.pro  —  one record for the whole window job","“Is it a scratch or a crack?” is not a question, it is a whole philosophy.

The answer is usually reflection.


— fenora.pro",,08:15,draft,,,,Trade Pain
OL-08,nerd-detail,static,,Ninety per cent of window complaints are about the handle.,Ninety per cent of window margin is also decided before the handle.,,,,"Photorealistic extreme detail of a window detail, shallow depth of field, precise and beautiful, neutral daylight. The image should suggest: ninety per cent of window complaints are about the handle. No text, no logos, no watermarks. Photorealistic editorial photograph, UK domestic architecture, soft overcast British daylight, shot on 35mm, shallow depth of field, muted natural palette of slate grey, birch plywood, anthracite and warm oak. Documentary realism, not glossy advertising. Absolutely no text, no captions, no logos, no watermarks, no UI overlays.",photo-real,,"IG,FB,LI",oneliners,"Ninety per cent of window complaints are about the handle.

Ninety per cent of window margin is also decided before the handle.

🪟  fenora.pro  —  one record for the whole window job

#tradeslife #fitterslife #uktrades #funnytrades #fenorapro #diy #makestrends #fenestration #glazing #joinery #doubleglazing #windows #fyp #reels #viral #trending #explore #reelsinstagram #tradeslife","Ninety per cent of window complaints are about the handle.

Ninety per cent of window margin is also decided before the handle.

🪟  fenora.pro  —  one record for the whole window job","Ninety per cent of window complaints are about the handle.

Ninety per cent of window margin is also decided before the handle.

🪟  fenora.pro  —  one record for the whole window job","Ninety per cent of window complaints are about the handle.

Ninety per cent of window margin is also decided before the handle.


— fenora.pro",,08:15,draft,,,,Nerd Detail
OL-09,contrarian,static,,The fastest way to lose a job is to be unavailable on the Tuesday.,Speed is not cutting corners. Speed is not retyping.,,,,"Photorealistic conceptual scene with a slightly awkward, thought-provoking composition, British domestic, muted palette. The image should suggest: the fastest way to lose a job is to be unavailable on the tuesday. No text, no logos, no watermarks. Photorealistic candid documentary photograph of a UK tradesperson at work, hi-vis and worn workwear, tools and laser measure in frame, overcast British daylight, van or scaffold hinted in background, slightly chaotic and real, not staged. Muted natural palette, 35mm, shallow depth of field. Absolutely no text, no captions, no logos, no watermarks, no UI overlays.",photo-trades,,"IG,FB,LI",oneliners,"The fastest way to lose a job is to be unavailable on the Tuesday.

Speed is not cutting corners. Speed is not retyping.

🪟  fenora.pro  —  one record for the whole window job

#tradeslife #fitterslife #uktrades #funnytrades #fenorapro #makestrends #fenestration #glazing #joinery #doubleglazing #windows #fyp #reels #viral #trending #explore #reelsinstagram #tradeslife #tradesmen","The fastest way to lose a job is to be unavailable on the Tuesday.

Speed is not cutting corners. Speed is not retyping.

🪟  fenora.pro  —  one record for the whole window job","The fastest way to lose a job is to be unavailable on the Tuesday.

Speed is not cutting corners. Speed is not retyping.

🪟  fenora.pro  —  one record for the whole window job","The fastest way to lose a job is to be unavailable on the Tuesday.

Speed is not cutting corners. Speed is not retyping.


— fenora.pro",,08:15,draft,,,,Contrarian Takes
OL-10,nerd-detail,static,,Every house has one window above a downpipe.,Always the ugliest elevation. Always the most quoted.,,,,"Photorealistic extreme detail of a window detail, shallow depth of field, precise and beautiful, neutral daylight. The image should suggest: every house has one window above a downpipe. No text, no logos, no watermarks. Photorealistic editorial photograph, UK domestic architecture, soft overcast British daylight, shot on 35mm, shallow depth of field, muted natural palette of slate grey, birch plywood, anthracite and warm oak. Documentary realism, not glossy advertising. Absolutely no text, no captions, no logos, no watermarks, no UI overlays.",photo-real,,"IG,FB,LI",oneliners,"Every house has one window above a downpipe.

Always the ugliest elevation. Always the most quoted.

🪟  fenora.pro  —  one record for the whole window job

#tradeslife #fitterslife #uktrades #funnytrades #fenorapro #fenestration #glazing #joinery #doubleglazing #windows #fyp #reels #viral #trending #explore #reelsinstagram #tradeslife #tradesmen #builderlife","Every house has one window above a downpipe.

Always the ugliest elevation. Always the most quoted.

🪟  fenora.pro  —  one record for the whole window job","Every house has one window above a downpipe.

Always the ugliest elevation. Always the most quoted.

🪟  fenora.pro  —  one record for the whole window job","Every house has one window above a downpipe.

Always the ugliest elevation. Always the most quoted.


— fenora.pro",,08:15,draft,,,,Nerd Detail
OL-11,trade-pain,static,,“My brother-in-law did it in a day.”,"The brother-in-law did not shim, scribe, foam or seal.",,,,"Photorealistic candid British trades scene that illustrates the frustration, hi-vis and real materials, overcast daylight, documentary realism. The image should suggest: “my brother-in-law did it in a day.” No text, no logos, no watermarks. Photorealistic candid documentary photograph of a UK tradesperson at work, hi-vis and worn workwear, tools and laser measure in frame, overcast British daylight, van or scaffold hinted in background, slightly chaotic and real, not staged. Muted natural palette, 35mm, shallow depth of field. Absolutely no text, no captions, no logos, no watermarks, no UI overlays.",photo-trades,,"IG,FB,LI",oneliners,"“My brother-in-law did it in a day.”

The brother-in-law did not shim, scribe, foam or seal.

🪟  fenora.pro  —  one record for the whole window job

#tradeslife #fitterslife #uktrades #funnytrades #fenorapro #glazing #joinery #doubleglazing #windows #fyp #reels #viral #trending #explore #reelsinstagram #tradeslife #tradesmen #builderlife #skilledtrades","“My brother-in-law did it in a day.”

The brother-in-law did not shim, scribe, foam or seal.

🪟  fenora.pro  —  one record for the whole window job","“My brother-in-law did it in a day.”

The brother-in-law did not shim, scribe, foam or seal.

🪟  fenora.pro  —  one record for the whole window job","“My brother-in-law did it in a day.”

The brother-in-law did not shim, scribe, foam or seal.


— fenora.pro",,08:15,draft,,,,Trade Pain
OL-12,nerd-detail,static,,You can get a window flush with the frame. You cannot get it flush with the plaster.,Three trades. One gap. Everyone’s problem.,,,,"Photorealistic extreme detail of a window detail, shallow depth of field, precise and beautiful, neutral daylight. The image should suggest: you can get a window flush with the frame. you cannot get it flush with the plaster. No text, no logos, no watermarks. Photorealistic editorial photograph, UK domestic architecture, soft overcast British daylight, shot on 35mm, shallow depth of field, muted natural palette of slate grey, birch plywood, anthracite and warm oak. Documentary realism, not glossy advertising. Absolutely no text, no captions, no logos, no watermarks, no UI overlays.",photo-real,,"IG,FB,LI",oneliners,"You can get a window flush with the frame. You cannot get it flush with the plaster.

Three trades. One gap. Everyone’s problem.

🪟  fenora.pro  —  one record for the whole window job

#tradeslife #fitterslife #uktrades #funnytrades #fenorapro #joinery #doubleglazing #windows #fyp #reels #viral #trending #explore #reelsinstagram #tradeslife #tradesmen #builderlife #skilledtrades #bluecollar","You can get a window flush with the frame. You cannot get it flush with the plaster.

Three trades. One gap. Everyone’s problem.

🪟  fenora.pro  —  one record for the whole window job","You can get a window flush with the frame. You cannot get it flush with the plaster.

Three trades. One gap. Everyone’s problem.

🪟  fenora.pro  —  one record for the whole window job","You can get a window flush with the frame. You cannot get it flush with the plaster.

Three trades. One gap. Everyone’s problem.


— fenora.pro",,08:15,draft,,,,Nerd Detail
OL-13,contrarian,static,,The cheapest quote is the job missing its most expensive part.,It is on page four. Page four comes after page one.,,,,"Photorealistic conceptual scene with a slightly awkward, thought-provoking composition, British domestic, muted palette. The image should suggest: the cheapest quote is the job missing its most expensive part. No text, no logos, no watermarks. Photorealistic editorial photograph, UK domestic architecture, soft overcast British daylight, shot on 35mm, shallow depth of field, muted natural palette of slate grey, birch plywood, anthracite and warm oak. Documentary realism, not glossy advertising. Absolutely no text, no captions, no logos, no watermarks, no UI overlays.",photo-real,,"IG,FB,LI",oneliners,"The cheapest quote is the job missing its most expensive part.

It is on page four. Page four comes after page one.

🪟  fenora.pro  —  one record for the whole window job

#tradeslife #fitterslife #uktrades #funnytrades #fenorapro #doubleglazing #windows #fyp #reels #viral #trending #explore #reelsinstagram #tradeslife #tradesmen #builderlife #skilledtrades #bluecollar #constructionuk","The cheapest quote is the job missing its most expensive part.

It is on page four. Page four comes after page one.

🪟  fenora.pro  —  one record for the whole window job","The cheapest quote is the job missing its most expensive part.

It is on page four. Page four comes after page one.

🪟  fenora.pro  —  one record for the whole window job","The cheapest quote is the job missing its most expensive part.

It is on page four. Page four comes after page one.


— fenora.pro",,08:15,draft,,,,Contrarian Takes
OL-14,trade-pain,static,,"Old frames come out and for nine seconds, the job is easy.",Then you meet the lintel.,,,,"Photorealistic candid British trades scene that illustrates the frustration, hi-vis and real materials, overcast daylight, documentary realism. The image should suggest: old frames come out and for nine seconds, the job is easy. No text, no logos, no watermarks. Photorealistic editorial photograph, UK domestic architecture, soft overcast British daylight, shot on 35mm, shallow depth of field, muted natural palette of slate grey, birch plywood, anthracite and warm oak. Documentary realism, not glossy advertising. Absolutely no text, no captions, no logos, no watermarks, no UI overlays.",photo-real,,"IG,FB,LI",oneliners,"Old frames come out and for nine seconds, the job is easy.

Then you meet the lintel.

🪟  fenora.pro  —  one record for the whole window job

#tradeslife #fitterslife #uktrades #funnytrades #fenorapro #windows #fyp #reels #viral #trending #explore #reelsinstagram #tradeslife #tradesmen #builderlife #skilledtrades #bluecollar #constructionuk #renovation","Old frames come out and for nine seconds, the job is easy.

Then you meet the lintel.

🪟  fenora.pro  —  one record for the whole window job","Old frames come out and for nine seconds, the job is easy.

Then you meet the lintel.

🪟  fenora.pro  —  one record for the whole window job","Old frames come out and for nine seconds, the job is easy.

Then you meet the lintel.


— fenora.pro",,08:15,draft,,,,Trade Pain
OL-15,trade-pain,static,,“Just while you’re here.”,Six words. No scope. No price. No survivors.,,,,"Photorealistic candid British trades scene that illustrates the frustration, hi-vis and real materials, overcast daylight, documentary realism. The image should suggest: “just while you’re here.” No text, no logos, no watermarks. Photorealistic candid documentary photograph of a UK tradesperson at work, hi-vis and worn workwear, tools and laser measure in frame, overcast British daylight, van or scaffold hinted in background, slightly chaotic and real, not staged. Muted natural palette, 35mm, shallow depth of field. Absolutely no text, no captions, no logos, no watermarks, no UI overlays.",photo-trades,,"IG,FB,LI",oneliners,"“Just while you’re here.”

Six words. No scope. No price. No survivors.

🪟  fenora.pro  —  one record for the whole window job

#tradeslife #fitterslife #uktrades #funnytrades #fenorapro #fyp #reels #viral #trending #explore #reelsinstagram #tradeslife #tradesmen #builderlife #skilledtrades #bluecollar #constructionuk #renovation #homeimprovement","“Just while you’re here.”

Six words. No scope. No price. No survivors.

🪟  fenora.pro  —  one record for the whole window job","“Just while you’re here.”

Six words. No scope. No price. No survivors.

🪟  fenora.pro  —  one record for the whole window job","“Just while you’re here.”

Six words. No scope. No price. No survivors.


— fenora.pro",,08:15,draft,,,,Trade Pain
OL-16,planning,static,,Planning applications: replace uPVC with uPVC.,It is still a job. Somebody has to make them.,,,,"Photorealistic British residential streetscape or a doorstep with paperwork, sober and dry, overcast light. The image should suggest: planning applications: replace upvc with upvc. No text, no logos, no watermarks. Photorealistic editorial photograph, UK domestic architecture, soft overcast British daylight, shot on 35mm, shallow depth of field, muted natural palette of slate grey, birch plywood, anthracite and warm oak. Documentary realism, not glossy advertising. Absolutely no text, no captions, no logos, no watermarks, no UI overlays.",photo-real,,"IG,FB,LI",oneliners,"Planning applications: replace uPVC with uPVC.

It is still a job. Somebody has to make them.

🪟  fenora.pro  —  one record for the whole window job

#tradeslife #fitterslife #uktrades #funnytrades #fenorapro #reels #viral #trending #explore #reelsinstagram #tradeslife #tradesmen #builderlife #skilledtrades #bluecollar #constructionuk #renovation #homeimprovement #diy","Planning applications: replace uPVC with uPVC.

It is still a job. Somebody has to make them.

🪟  fenora.pro  —  one record for the whole window job","Planning applications: replace uPVC with uPVC.

It is still a job. Somebody has to make them.

🪟  fenora.pro  —  one record for the whole window job","Planning applications: replace uPVC with uPVC.

It is still a job. Somebody has to make them.


— fenora.pro",,08:15,draft,,,,Planning Apps
OL-17,nerd-detail,static,,The reveal said 70. The reveal measured 52.,The reveal did not lie. The drawing did.,,,,"Photorealistic extreme detail of a window detail, shallow depth of field, precise and beautiful, neutral daylight. The image should suggest: the reveal said 70. the reveal measured 52. No text, no logos, no watermarks. Photorealistic editorial photograph, UK domestic architecture, soft overcast British daylight, shot on 35mm, shallow depth of field, muted natural palette of slate grey, birch plywood, anthracite and warm oak. Documentary realism, not glossy advertising. Absolutely no text, no captions, no logos, no watermarks, no UI overlays.",photo-real,,"IG,FB,LI",oneliners,"The reveal said 70. The reveal measured 52.

The reveal did not lie. The drawing did.

🪟  fenora.pro  —  one record for the whole window job

#tradeslife #fitterslife #uktrades #funnytrades #fenorapro #viral #trending #explore #reelsinstagram #tradeslife #tradesmen #builderlife #skilledtrades #bluecollar #constructionuk #renovation #homeimprovement #diy #makestrends","The reveal said 70. The reveal measured 52.

The reveal did not lie. The drawing did.

🪟  fenora.pro  —  one record for the whole window job","The reveal said 70. The reveal measured 52.

The reveal did not lie. The drawing did.

🪟  fenora.pro  —  one record for the whole window job","The reveal said 70. The reveal measured 52.

The reveal did not lie. The drawing did.


— fenora.pro",,08:15,draft,,,,Nerd Detail
OL-18,nerd-detail,static,,Nobody asks where the water goes.,"The customer will, in February.",,,,"Photorealistic extreme detail of a window detail, shallow depth of field, precise and beautiful, neutral daylight. The image should suggest: nobody asks where the water goes. No text, no logos, no watermarks. Photorealistic editorial photograph, UK domestic architecture, soft overcast British daylight, shot on 35mm, shallow depth of field, muted natural palette of slate grey, birch plywood, anthracite and warm oak. Documentary realism, not glossy advertising. Absolutely no text, no captions, no logos, no watermarks, no UI overlays.",photo-real,,"IG,FB,LI",oneliners,"Nobody asks where the water goes.

The customer will, in February.

🪟  fenora.pro  —  one record for the whole window job

#tradeslife #fitterslife #uktrades #funnytrades #fenorapro #trending #explore #reelsinstagram #tradeslife #tradesmen #builderlife #skilledtrades #bluecollar #constructionuk #renovation #homeimprovement #diy #makestrends #fenestration","Nobody asks where the water goes.

The customer will, in February.

🪟  fenora.pro  —  one record for the whole window job","Nobody asks where the water goes.

The customer will, in February.

🪟  fenora.pro  —  one record for the whole window job","Nobody asks where the water goes.

The customer will, in February.


— fenora.pro",,08:15,draft,,,,Nerd Detail
OL-19,trade-pain,static,,There is always a dog. There is always a moment.,You cannot move a Labrador. Everyone has tried.,,,,"Photorealistic candid British trades scene that illustrates the frustration, hi-vis and real materials, overcast daylight, documentary realism. The image should suggest: there is always a dog. there is always a moment. No text, no logos, no watermarks. Photorealistic candid documentary photograph of a UK tradesperson at work, hi-vis and worn workwear, tools and laser measure in frame, overcast British daylight, van or scaffold hinted in background, slightly chaotic and real, not staged. Muted natural palette, 35mm, shallow depth of field. Absolutely no text, no captions, no logos, no watermarks, no UI overlays.",photo-trades,,"IG,FB,LI",oneliners,"There is always a dog. There is always a moment.

You cannot move a Labrador. Everyone has tried.

🪟  fenora.pro  —  one record for the whole window job

#tradeslife #fitterslife #uktrades #funnytrades #fenorapro #explore #reelsinstagram #tradeslife #tradesmen #builderlife #skilledtrades #bluecollar #constructionuk #renovation #homeimprovement #diy #makestrends #fenestration #glazing","There is always a dog. There is always a moment.

You cannot move a Labrador. Everyone has tried.

🪟  fenora.pro  —  one record for the whole window job","There is always a dog. There is always a moment.

You cannot move a Labrador. Everyone has tried.

🪟  fenora.pro  —  one record for the whole window job","There is always a dog. There is always a moment.

You cannot move a Labrador. Everyone has tried.


— fenora.pro",,08:15,draft,,,,Trade Pain
OL-20,nerd-detail,static,,28% of a standard UK casement is not glass.,Now you cannot unsee it in the customer’s lounge.,,,,"Photorealistic extreme detail of a window detail, shallow depth of field, precise and beautiful, neutral daylight. The image should suggest: 28% of a standard uk casement is not glass. No text, no logos, no watermarks. Photorealistic editorial photograph, UK domestic architecture, soft overcast British daylight, shot on 35mm, shallow depth of field, muted natural palette of slate grey, birch plywood, anthracite and warm oak. Documentary realism, not glossy advertising. Absolutely no text, no captions, no logos, no watermarks, no UI overlays.",photo-real,,"IG,FB,LI",oneliners,"28% of a standard UK casement is not glass.

Now you cannot unsee it in the customer’s lounge.

🪟  fenora.pro  —  one record for the whole window job

#tradeslife #fitterslife #uktrades #funnytrades #fenorapro #reelsinstagram #tradeslife #tradesmen #builderlife #skilledtrades #bluecollar #constructionuk #renovation #homeimprovement #diy #makestrends #fenestration #glazing #joinery","28% of a standard UK casement is not glass.

Now you cannot unsee it in the customer’s lounge.

🪟  fenora.pro  —  one record for the whole window job","28% of a standard UK casement is not glass.

Now you cannot unsee it in the customer’s lounge.

🪟  fenora.pro  —  one record for the whole window job","28% of a standard UK casement is not glass.

Now you cannot unsee it in the customer’s lounge.


— fenora.pro",,08:15,draft,,,,Nerd Detail
OL-21,customer-reality,static,,“Is VAT extra?”,"It is always extra. It is never, ever extra.",,,,"Photorealistic candid British domestic scene, a customer mid-conversation or gesturing, natural warm interior light. The image should suggest: “is vat extra?” No text, no logos, no watermarks. Photorealistic editorial photograph, UK domestic architecture, soft overcast British daylight, shot on 35mm, shallow depth of field, muted natural palette of slate grey, birch plywood, anthracite and warm oak. Documentary realism, not glossy advertising. Absolutely no text, no captions, no logos, no watermarks, no UI overlays.",photo-real,,"IG,FB,LI",oneliners,"“Is VAT extra?”

It is always extra. It is never, ever extra.

🪟  fenora.pro  —  one record for the whole window job

#tradeslife #fitterslife #uktrades #funnytrades #fenorapro #tradeslife #tradesmen #builderlife #skilledtrades #bluecollar #constructionuk #renovation #homeimprovement #diy #makestrends #fenestration #glazing #joinery #doubleglazing","“Is VAT extra?”

It is always extra. It is never, ever extra.

🪟  fenora.pro  —  one record for the whole window job","“Is VAT extra?”

It is always extra. It is never, ever extra.

🪟  fenora.pro  —  one record for the whole window job","“Is VAT extra?”

It is always extra. It is never, ever extra.


— fenora.pro",,08:15,draft,,,,Customer Reality
OL-22,nerd-detail,static,,A keystone is two seconds of work and the whole job.,If you check it.,,,,"Photorealistic extreme detail of a window detail, shallow depth of field, precise and beautiful, neutral daylight. The image should suggest: a keystone is two seconds of work and the whole job. No text, no logos, no watermarks. Photorealistic editorial photograph, UK domestic architecture, soft overcast British daylight, shot on 35mm, shallow depth of field, muted natural palette of slate grey, birch plywood, anthracite and warm oak. Documentary realism, not glossy advertising. Absolutely no text, no captions, no logos, no watermarks, no UI overlays.",photo-real,,"IG,FB,LI",oneliners,"A keystone is two seconds of work and the whole job.

If you check it.

🪟  fenora.pro  —  one record for the whole window job

#tradeslife #fitterslife #uktrades #funnytrades #fenorapro #tradesmen #builderlife #skilledtrades #bluecollar #constructionuk #renovation #homeimprovement #diy #makestrends #fenestration #glazing #joinery #doubleglazing #windows","A keystone is two seconds of work and the whole job.

If you check it.

🪟  fenora.pro  —  one record for the whole window job","A keystone is two seconds of work and the whole job.

If you check it.

🪟  fenora.pro  —  one record for the whole window job","A keystone is two seconds of work and the whole job.

If you check it.


— fenora.pro",,08:15,draft,,,,Nerd Detail
OL-23,contrarian,static,,A remake costs more than a year of software.,And it almost always starts with two systems.,,,,"Photorealistic conceptual scene with a slightly awkward, thought-provoking composition, British domestic, muted palette. The image should suggest: a remake costs more than a year of software. No text, no logos, no watermarks. Photorealistic editorial photograph, UK domestic architecture, soft overcast British daylight, shot on 35mm, shallow depth of field, muted natural palette of slate grey, birch plywood, anthracite and warm oak. Documentary realism, not glossy advertising. Absolutely no text, no captions, no logos, no watermarks, no UI overlays.",photo-real,,"IG,FB,LI",oneliners,"A remake costs more than a year of software.

And it almost always starts with two systems.

🪟  fenora.pro  —  one record for the whole window job

#tradeslife #fitterslife #uktrades #funnytrades #fenorapro #builderlife #skilledtrades #bluecollar #constructionuk #renovation #homeimprovement #diy #makestrends #fenestration #glazing #joinery #doubleglazing #windows #fyp","A remake costs more than a year of software.

And it almost always starts with two systems.

🪟  fenora.pro  —  one record for the whole window job","A remake costs more than a year of software.

And it almost always starts with two systems.

🪟  fenora.pro  —  one record for the whole window job","A remake costs more than a year of software.

And it almost always starts with two systems.


— fenora.pro",,08:15,draft,,,,Contrarian Takes
OL-24,customer-reality,static,,“We’ve been waiting three weeks.”,The polite version. There is an unpolite version.,,,,"Photorealistic candid British domestic scene, a customer mid-conversation or gesturing, natural warm interior light. The image should suggest: “we’ve been waiting three weeks.” No text, no logos, no watermarks. Photorealistic editorial photograph, UK domestic architecture, soft overcast British daylight, shot on 35mm, shallow depth of field, muted natural palette of slate grey, birch plywood, anthracite and warm oak. Documentary realism, not glossy advertising. Absolutely no text, no captions, no logos, no watermarks, no UI overlays.",photo-real,,"IG,FB,LI",oneliners,"“We’ve been waiting three weeks.”

The polite version. There is an unpolite version.

🪟  fenora.pro  —  one record for the whole window job

#tradeslife #fitterslife #uktrades #funnytrades #fenorapro #skilledtrades #bluecollar #constructionuk #renovation #homeimprovement #diy #makestrends #fenestration #glazing #joinery #doubleglazing #windows #fyp #reels","“We’ve been waiting three weeks.”

The polite version. There is an unpolite version.

🪟  fenora.pro  —  one record for the whole window job","“We’ve been waiting three weeks.”

The polite version. There is an unpolite version.

🪟  fenora.pro  —  one record for the whole window job","“We’ve been waiting three weeks.”

The polite version. There is an unpolite version.


— fenora.pro",,08:15,draft,,,,Customer Reality
OL-25,trade-pain,static,,The first two days of any fit are the reveal. The last two are the snags.,Nobody ever talks about the last two days.,,,,"Photorealistic candid British trades scene that illustrates the frustration, hi-vis and real materials, overcast daylight, documentary realism. The image should suggest: the first two days of any fit are the reveal. the last two are the snags. No text, no logos, no watermarks. Photorealistic candid documentary photograph of a UK tradesperson at work, hi-vis and worn workwear, tools and laser measure in frame, overcast British daylight, van or scaffold hinted in background, slightly chaotic and real, not staged. Muted natural palette, 35mm, shallow depth of field. Absolutely no text, no captions, no logos, no watermarks, no UI overlays.",photo-trades,,"IG,FB,LI",oneliners,"The first two days of any fit are the reveal. The last two are the snags.

Nobody ever talks about the last two days.

🪟  fenora.pro  —  one record for the whole window job

#tradeslife #fitterslife #uktrades #funnytrades #fenorapro #bluecollar #constructionuk #renovation #homeimprovement #diy #makestrends #fenestration #glazing #joinery #doubleglazing #windows #fyp #reels #viral","The first two days of any fit are the reveal. The last two are the snags.

Nobody ever talks about the last two days.

🪟  fenora.pro  —  one record for the whole window job","The first two days of any fit are the reveal. The last two are the snags.

Nobody ever talks about the last two days.

🪟  fenora.pro  —  one record for the whole window job","The first two days of any fit are the reveal. The last two are the snags.

Nobody ever talks about the last two days.


— fenora.pro",,08:15,draft,,,,Trade Pain
OL-26,nerd-detail,static,,316 stainless. Say it on the quote. Saves a return visit.,Four seconds of typing. Four hours of not going back.,,,,"Photorealistic extreme detail of a window detail, shallow depth of field, precise and beautiful, neutral daylight. The image should suggest: 316 stainless. say it on the quote. saves a return visit. No text, no logos, no watermarks. Photorealistic editorial photograph, UK domestic architecture, soft overcast British daylight, shot on 35mm, shallow depth of field, muted natural palette of slate grey, birch plywood, anthracite and warm oak. Documentary realism, not glossy advertising. Absolutely no text, no captions, no logos, no watermarks, no UI overlays.",photo-real,,"IG,FB,LI",oneliners,"316 stainless. Say it on the quote. Saves a return visit.

Four seconds of typing. Four hours of not going back.

🪟  fenora.pro  —  one record for the whole window job

#tradeslife #fitterslife #uktrades #funnytrades #fenorapro #constructionuk #renovation #homeimprovement #diy #makestrends #fenestration #glazing #joinery #doubleglazing #windows #fyp #reels #viral #trending","316 stainless. Say it on the quote. Saves a return visit.

Four seconds of typing. Four hours of not going back.

🪟  fenora.pro  —  one record for the whole window job","316 stainless. Say it on the quote. Saves a return visit.

Four seconds of typing. Four hours of not going back.

🪟  fenora.pro  —  one record for the whole window job","316 stainless. Say it on the quote. Saves a return visit.

Four seconds of typing. Four hours of not going back.


— fenora.pro",,08:15,draft,,,,Nerd Detail
OL-27,customer-reality,static,,The customer who says ‘I’ll think about it’ is going to buy this week.,From whoever replies on Thursday.,,,,"Photorealistic candid British domestic scene, a customer mid-conversation or gesturing, natural warm interior light. The image should suggest: the customer who says ‘i’ll think about it’ is going to buy this week. No text, no logos, no watermarks. Photorealistic editorial photograph, UK domestic architecture, soft overcast British daylight, shot on 35mm, shallow depth of field, muted natural palette of slate grey, birch plywood, anthracite and warm oak. Documentary realism, not glossy advertising. Absolutely no text, no captions, no logos, no watermarks, no UI overlays.",photo-real,,"IG,FB,LI",oneliners,"The customer who says ‘I’ll think about it’ is going to buy this week.

From whoever replies on Thursday.

🪟  fenora.pro  —  one record for the whole window job

#tradeslife #fitterslife #uktrades #funnytrades #fenorapro #renovation #homeimprovement #diy #makestrends #fenestration #glazing #joinery #doubleglazing #windows #fyp #reels #viral #trending #explore","The customer who says ‘I’ll think about it’ is going to buy this week.

From whoever replies on Thursday.

🪟  fenora.pro  —  one record for the whole window job","The customer who says ‘I’ll think about it’ is going to buy this week.

From whoever replies on Thursday.

🪟  fenora.pro  —  one record for the whole window job","The customer who says ‘I’ll think about it’ is going to buy this week.

From whoever replies on Thursday.


— fenora.pro",,08:15,draft,,,,Customer Reality
OL-28,trade-pain,static,,The workman is not the problem. The reveal is never the problem.,"The problem is 400mm above your head, hidden, and from 1994.",,,,"Photorealistic candid British trades scene that illustrates the frustration, hi-vis and real materials, overcast daylight, documentary realism. The image should suggest: the workman is not the problem. the reveal is never the problem. No text, no logos, no watermarks. Photorealistic editorial photograph, UK domestic architecture, soft overcast British daylight, shot on 35mm, shallow depth of field, muted natural palette of slate grey, birch plywood, anthracite and warm oak. Documentary realism, not glossy advertising. Absolutely no text, no captions, no logos, no watermarks, no UI overlays.",photo-real,,"IG,FB,LI",oneliners,"The workman is not the problem. The reveal is never the problem.

The problem is 400mm above your head, hidden, and from 1994.

🪟  fenora.pro  —  one record for the whole window job

#tradeslife #fitterslife #uktrades #funnytrades #fenorapro #homeimprovement #diy #makestrends #fenestration #glazing #joinery #doubleglazing #windows #fyp #reels #viral #trending #explore #reelsinstagram","The workman is not the problem. The reveal is never the problem.

The problem is 400mm above your head, hidden, and from 1994.

🪟  fenora.pro  —  one record for the whole window job","The workman is not the problem. The reveal is never the problem.

The problem is 400mm above your head, hidden, and from 1994.

🪟  fenora.pro  —  one record for the whole window job","The workman is not the problem. The reveal is never the problem.

The problem is 400mm above your head, hidden, and from 1994.


— fenora.pro",,08:15,draft,,,,Trade Pain
OL-29,money,static,,Turnover is a vanity metric. Margin held is not.,"Four numbers, one record, zero invention.",,,,"Photorealistic still life of business paperwork, tools and a calculator on a workbench, moody side light. The image should suggest: turnover is a vanity metric. margin held is not. No text, no logos, no watermarks. Clean product photograph of a modern desktop software interface floating at a slight angle, dark charcoal UI with orange accent, crisp data tables and technical window drawings, soft neutral studio background with realistic reflections and shadow. Abstract unreadable micro-text only. No legible words, no logos, no watermarks.",screen-mock,,"IG,FB,LI",oneliners,"Turnover is a vanity metric. Margin held is not.

Four numbers, one record, zero invention.

🪟  fenora.pro  —  one record for the whole window job

#tradeslife #fitterslife #uktrades #funnytrades #fenorapro #diy #makestrends #fenestration #glazing #joinery #doubleglazing #windows #fyp #reels #viral #trending #explore #reelsinstagram #tradeslife","Turnover is a vanity metric. Margin held is not.

Four numbers, one record, zero invention.

🪟  fenora.pro  —  one record for the whole window job","Turnover is a vanity metric. Margin held is not.

Four numbers, one record, zero invention.

🪟  fenora.pro  —  one record for the whole window job","Turnover is a vanity metric. Margin held is not.

Four numbers, one record, zero invention.


— fenora.pro",,08:15,draft,,,,Margin & Money
OL-30,contrarian,static,,“It’ll be fine.”,"In the rare occasion it is not, it is the most expensive sentence in construction.",,,,"Photorealistic conceptual scene with a slightly awkward, thought-provoking composition, British domestic, muted palette. The image should suggest: “it’ll be fine.” No text, no logos, no watermarks. Photorealistic editorial photograph, UK domestic architecture, soft overcast British daylight, shot on 35mm, shallow depth of field, muted natural palette of slate grey, birch plywood, anthracite and warm oak. Documentary realism, not glossy advertising. Absolutely no text, no captions, no logos, no watermarks, no UI overlays.",photo-real,,"IG,FB,LI",oneliners,"“It’ll be fine.”

In the rare occasion it is not, it is the most expensive sentence in construction.

🪟  fenora.pro  —  one record for the whole window job

#tradeslife #fitterslife #uktrades #funnytrades #fenorapro #makestrends #fenestration #glazing #joinery #doubleglazing #windows #fyp #reels #viral #trending #explore #reelsinstagram #tradeslife #tradesmen","“It’ll be fine.”

In the rare occasion it is not, it is the most expensive sentence in construction.

🪟  fenora.pro  —  one record for the whole window job","“It’ll be fine.”

In the rare occasion it is not, it is the most expensive sentence in construction.

🪟  fenora.pro  —  one record for the whole window job","“It’ll be fine.”

In the rare occasion it is not, it is the most expensive sentence in construction.


— fenora.pro",,08:15,draft,,,,Contrarian Takes
OL-31,wip,static,,Specification is ten facts. Nine of them are on the quote already.,The tenth one is the one that saves you.,,,,"Photorealistic workshop or site detail showing precision and process, warm industrial light, documentary. The image should suggest: specification is ten facts. nine of them are on the quote already. No text, no logos, no watermarks. Photorealistic editorial photograph, UK domestic architecture, soft overcast British daylight, shot on 35mm, shallow depth of field, muted natural palette of slate grey, birch plywood, anthracite and warm oak. Documentary realism, not glossy advertising. Absolutely no text, no captions, no logos, no watermarks, no UI overlays.",photo-real,,"IG,FB,LI",oneliners,"Specification is ten facts. Nine of them are on the quote already.

The tenth one is the one that saves you.

🪟  fenora.pro  —  one record for the whole window job

#tradeslife #fitterslife #uktrades #funnytrades #fenorapro #fenestration #glazing #joinery #doubleglazing #windows #fyp #reels #viral #trending #explore #reelsinstagram #tradeslife #tradesmen #builderlife","Specification is ten facts. Nine of them are on the quote already.

The tenth one is the one that saves you.

🪟  fenora.pro  —  one record for the whole window job","Specification is ten facts. Nine of them are on the quote already.

The tenth one is the one that saves you.

🪟  fenora.pro  —  one record for the whole window job","Specification is ten facts. Nine of them are on the quote already.

The tenth one is the one that saves you.


— fenora.pro",,08:15,draft,,,,Behind the Scenes
OL-32,nerd-detail,static,,Nobody ever wanted a mitre on a cill.,Dog ear it. It is on the drawing or it is not.,,,,"Photorealistic extreme detail of a window detail, shallow depth of field, precise and beautiful, neutral daylight. The image should suggest: nobody ever wanted a mitre on a cill. No text, no logos, no watermarks. Photorealistic editorial photograph, UK domestic architecture, soft overcast British daylight, shot on 35mm, shallow depth of field, muted natural palette of slate grey, birch plywood, anthracite and warm oak. Documentary realism, not glossy advertising. Absolutely no text, no captions, no logos, no watermarks, no UI overlays.",photo-real,,"IG,FB,LI",oneliners,"Nobody ever wanted a mitre on a cill.

Dog ear it. It is on the drawing or it is not.

🪟  fenora.pro  —  one record for the whole window job

#tradeslife #fitterslife #uktrades #funnytrades #fenorapro #glazing #joinery #doubleglazing #windows #fyp #reels #viral #trending #explore #reelsinstagram #tradeslife #tradesmen #builderlife #skilledtrades","Nobody ever wanted a mitre on a cill.

Dog ear it. It is on the drawing or it is not.

🪟  fenora.pro  —  one record for the whole window job","Nobody ever wanted a mitre on a cill.

Dog ear it. It is on the drawing or it is not.

🪟  fenora.pro  —  one record for the whole window job","Nobody ever wanted a mitre on a cill.

Dog ear it. It is on the drawing or it is not.


— fenora.pro",,08:15,draft,,,,Nerd Detail
OL-33,customer-reality,static,,The neighbour had the same job done and it was fine.,The neighbour did not have 1938 walls.,,,,"Photorealistic candid British domestic scene, a customer mid-conversation or gesturing, natural warm interior light. The image should suggest: the neighbour had the same job done and it was fine. No text, no logos, no watermarks. Photorealistic editorial photograph, UK domestic architecture, soft overcast British daylight, shot on 35mm, shallow depth of field, muted natural palette of slate grey, birch plywood, anthracite and warm oak. Documentary realism, not glossy advertising. Absolutely no text, no captions, no logos, no watermarks, no UI overlays.",photo-real,,"IG,FB,LI",oneliners,"The neighbour had the same job done and it was fine.

The neighbour did not have 1938 walls.

🪟  fenora.pro  —  one record for the whole window job

#tradeslife #fitterslife #uktrades #funnytrades #fenorapro #joinery #doubleglazing #windows #fyp #reels #viral #trending #explore #reelsinstagram #tradeslife #tradesmen #builderlife #skilledtrades #bluecollar","The neighbour had the same job done and it was fine.

The neighbour did not have 1938 walls.

🪟  fenora.pro  —  one record for the whole window job","The neighbour had the same job done and it was fine.

The neighbour did not have 1938 walls.

🪟  fenora.pro  —  one record for the whole window job","The neighbour had the same job done and it was fine.

The neighbour did not have 1938 walls.


— fenora.pro",,08:15,draft,,,,Customer Reality
OL-34,nerd-detail,static,,A 45° bay loses 30% of its glass.,A 90° box gives you a pier in your living room.,,,,"Photorealistic extreme detail of a window detail, shallow depth of field, precise and beautiful, neutral daylight. The image should suggest: a 45° bay loses 30% of its glass. No text, no logos, no watermarks. Photorealistic editorial photograph, UK domestic architecture, soft overcast British daylight, shot on 35mm, shallow depth of field, muted natural palette of slate grey, birch plywood, anthracite and warm oak. Documentary realism, not glossy advertising. Absolutely no text, no captions, no logos, no watermarks, no UI overlays.",photo-real,,"IG,FB,LI",oneliners,"A 45° bay loses 30% of its glass.

A 90° box gives you a pier in your living room.

🪟  fenora.pro  —  one record for the whole window job

#tradeslife #fitterslife #uktrades #funnytrades #fenorapro #doubleglazing #windows #fyp #reels #viral #trending #explore #reelsinstagram #tradeslife #tradesmen #builderlife #skilledtrades #bluecollar #constructionuk","A 45° bay loses 30% of its glass.

A 90° box gives you a pier in your living room.

🪟  fenora.pro  —  one record for the whole window job","A 45° bay loses 30% of its glass.

A 90° box gives you a pier in your living room.

🪟  fenora.pro  —  one record for the whole window job","A 45° bay loses 30% of its glass.

A 90° box gives you a pier in your living room.


— fenora.pro",,08:15,draft,,,,Nerd Detail
OL-35,customer-reality,static,,“Just tell me what you’d do.”,Best customer in the world. Charge them properly and mean it.,,,,"Photorealistic candid British domestic scene, a customer mid-conversation or gesturing, natural warm interior light. The image should suggest: “just tell me what you’d do.” No text, no logos, no watermarks. Photorealistic editorial photograph, UK domestic architecture, soft overcast British daylight, shot on 35mm, shallow depth of field, muted natural palette of slate grey, birch plywood, anthracite and warm oak. Documentary realism, not glossy advertising. Absolutely no text, no captions, no logos, no watermarks, no UI overlays.",photo-real,,"IG,FB,LI",oneliners,"“Just tell me what you’d do.”

Best customer in the world. Charge them properly and mean it.

🪟  fenora.pro  —  one record for the whole window job

#tradeslife #fitterslife #uktrades #funnytrades #fenorapro #windows #fyp #reels #viral #trending #explore #reelsinstagram #tradeslife #tradesmen #builderlife #skilledtrades #bluecollar #constructionuk #renovation","“Just tell me what you’d do.”

Best customer in the world. Charge them properly and mean it.

🪟  fenora.pro  —  one record for the whole window job","“Just tell me what you’d do.”

Best customer in the world. Charge them properly and mean it.

🪟  fenora.pro  —  one record for the whole window job","“Just tell me what you’d do.”

Best customer in the world. Charge them properly and mean it.


— fenora.pro",,08:15,draft,,,,Customer Reality
OL-36,wip,static,,"Every single load has a weight, a length and a condition.",And every single one has been booked without them.,,,,"Photorealistic workshop or site detail showing precision and process, warm industrial light, documentary. The image should suggest: every single load has a weight, a length and a condition. No text, no logos, no watermarks. Photorealistic candid documentary photograph of a UK tradesperson at work, hi-vis and worn workwear, tools and laser measure in frame, overcast British daylight, van or scaffold hinted in background, slightly chaotic and real, not staged. Muted natural palette, 35mm, shallow depth of field. Absolutely no text, no captions, no logos, no watermarks, no UI overlays.",photo-trades,,"IG,FB,LI",oneliners,"Every single load has a weight, a length and a condition.

And every single one has been booked without them.

🪟  fenora.pro  —  one record for the whole window job

#tradeslife #fitterslife #uktrades #funnytrades #fenorapro #fyp #reels #viral #trending #explore #reelsinstagram #tradeslife #tradesmen #builderlife #skilledtrades #bluecollar #constructionuk #renovation #homeimprovement","Every single load has a weight, a length and a condition.

And every single one has been booked without them.

🪟  fenora.pro  —  one record for the whole window job","Every single load has a weight, a length and a condition.

And every single one has been booked without them.

🪟  fenora.pro  —  one record for the whole window job","Every single load has a weight, a length and a condition.

And every single one has been booked without them.


— fenora.pro",,08:15,draft,,,,Behind the Scenes
OL-37,contrarian,static,,Fitting is not a percentage. It is a programme.,40 minutes or eleven hours. Price it accordingly.,,,,"Photorealistic conceptual scene with a slightly awkward, thought-provoking composition, British domestic, muted palette. The image should suggest: fitting is not a percentage. it is a programme. No text, no logos, no watermarks. Photorealistic candid documentary photograph of a UK tradesperson at work, hi-vis and worn workwear, tools and laser measure in frame, overcast British daylight, van or scaffold hinted in background, slightly chaotic and real, not staged. Muted natural palette, 35mm, shallow depth of field. Absolutely no text, no captions, no logos, no watermarks, no UI overlays.",photo-trades,,"IG,FB,LI",oneliners,"Fitting is not a percentage. It is a programme.

40 minutes or eleven hours. Price it accordingly.

🪟  fenora.pro  —  one record for the whole window job

#tradeslife #fitterslife #uktrades #funnytrades #fenorapro #reels #viral #trending #explore #reelsinstagram #tradeslife #tradesmen #builderlife #skilledtrades #bluecollar #constructionuk #renovation #homeimprovement #diy","Fitting is not a percentage. It is a programme.

40 minutes or eleven hours. Price it accordingly.

🪟  fenora.pro  —  one record for the whole window job","Fitting is not a percentage. It is a programme.

40 minutes or eleven hours. Price it accordingly.

🪟  fenora.pro  —  one record for the whole window job","Fitting is not a percentage. It is a programme.

40 minutes or eleven hours. Price it accordingly.


— fenora.pro",,08:15,draft,,,,Contrarian Takes
OL-38,trade-pain,static,,“Can you take it off the invoice if you sort that?”,Yes. As usual. As always.,,,,"Photorealistic candid British trades scene that illustrates the frustration, hi-vis and real materials, overcast daylight, documentary realism. The image should suggest: “can you take it off the invoice if you sort that?” No text, no logos, no watermarks. Photorealistic editorial photograph, UK domestic architecture, soft overcast British daylight, shot on 35mm, shallow depth of field, muted natural palette of slate grey, birch plywood, anthracite and warm oak. Documentary realism, not glossy advertising. Absolutely no text, no captions, no logos, no watermarks, no UI overlays.",photo-real,,"IG,FB,LI",oneliners,"“Can you take it off the invoice if you sort that?”

Yes. As usual. As always.

🪟  fenora.pro  —  one record for the whole window job

#tradeslife #fitterslife #uktrades #funnytrades #fenorapro #viral #trending #explore #reelsinstagram #tradeslife #tradesmen #builderlife #skilledtrades #bluecollar #constructionuk #renovation #homeimprovement #diy #makestrends","“Can you take it off the invoice if you sort that?”

Yes. As usual. As always.

🪟  fenora.pro  —  one record for the whole window job","“Can you take it off the invoice if you sort that?”

Yes. As usual. As always.

🪟  fenora.pro  —  one record for the whole window job","“Can you take it off the invoice if you sort that?”

Yes. As usual. As always.


— fenora.pro",,08:15,draft,,,,Trade Pain
OL-39,trade-pain,static,,The last two jobs in your diary are the most dangerous ones.,The one you can’t do properly and the one you can’t say no to.,,,,"Photorealistic candid British trades scene that illustrates the frustration, hi-vis and real materials, overcast daylight, documentary realism. The image should suggest: the last two jobs in your diary are the most dangerous ones. No text, no logos, no watermarks. Photorealistic candid documentary photograph of a UK tradesperson at work, hi-vis and worn workwear, tools and laser measure in frame, overcast British daylight, van or scaffold hinted in background, slightly chaotic and real, not staged. Muted natural palette, 35mm, shallow depth of field. Absolutely no text, no captions, no logos, no watermarks, no UI overlays.",photo-trades,,"IG,FB,LI",oneliners,"The last two jobs in your diary are the most dangerous ones.

The one you can’t do properly and the one you can’t say no to.

🪟  fenora.pro  —  one record for the whole window job

#tradeslife #fitterslife #uktrades #funnytrades #fenorapro #trending #explore #reelsinstagram #tradeslife #tradesmen #builderlife #skilledtrades #bluecollar #constructionuk #renovation #homeimprovement #diy #makestrends #fenestration","The last two jobs in your diary are the most dangerous ones.

The one you can’t do properly and the one you can’t say no to.

🪟  fenora.pro  —  one record for the whole window job","The last two jobs in your diary are the most dangerous ones.

The one you can’t do properly and the one you can’t say no to.

🪟  fenora.pro  —  one record for the whole window job","The last two jobs in your diary are the most dangerous ones.

The one you can’t do properly and the one you can’t say no to.


— fenora.pro",,08:15,draft,,,,Trade Pain
OL-40,customer-reality,static,,A colour is not a colour. It is a light and a wall and a time of day.,Open the book in the kitchen. Not the showroom.,,,,"Photorealistic candid British domestic scene, a customer mid-conversation or gesturing, natural warm interior light. The image should suggest: a colour is not a colour. it is a light and a wall and a time of day. No text, no logos, no watermarks. Photorealistic editorial photograph, UK domestic architecture, soft overcast British daylight, shot on 35mm, shallow depth of field, muted natural palette of slate grey, birch plywood, anthracite and warm oak. Documentary realism, not glossy advertising. Absolutely no text, no captions, no logos, no watermarks, no UI overlays.",photo-real,,"IG,FB,LI",oneliners,"A colour is not a colour. It is a light and a wall and a time of day.

Open the book in the kitchen. Not the showroom.

🪟  fenora.pro  —  one record for the whole window job

#tradeslife #fitterslife #uktrades #funnytrades #fenorapro #explore #reelsinstagram #tradeslife #tradesmen #builderlife #skilledtrades #bluecollar #constructionuk #renovation #homeimprovement #diy #makestrends #fenestration #glazing","A colour is not a colour. It is a light and a wall and a time of day.

Open the book in the kitchen. Not the showroom.

🪟  fenora.pro  —  one record for the whole window job","A colour is not a colour. It is a light and a wall and a time of day.

Open the book in the kitchen. Not the showroom.

🪟  fenora.pro  —  one record for the whole window job","A colour is not a colour. It is a light and a wall and a time of day.

Open the book in the kitchen. Not the showroom.


— fenora.pro",,08:15,draft,,,,Customer Reality
OL-41,money,static,,"If you cannot say what the job made you, you are guessing.",And you have been guessing for years.,,,,"Photorealistic still life of business paperwork, tools and a calculator on a workbench, moody side light. The image should suggest: if you cannot say what the job made you, you are guessing. No text, no logos, no watermarks. Photorealistic editorial photograph, UK domestic architecture, soft overcast British daylight, shot on 35mm, shallow depth of field, muted natural palette of slate grey, birch plywood, anthracite and warm oak. Documentary realism, not glossy advertising. Absolutely no text, no captions, no logos, no watermarks, no UI overlays.",photo-real,,"IG,FB,LI",oneliners,"If you cannot say what the job made you, you are guessing.

And you have been guessing for years.

🪟  fenora.pro  —  one record for the whole window job

#tradeslife #fitterslife #uktrades #funnytrades #fenorapro #reelsinstagram #tradeslife #tradesmen #builderlife #skilledtrades #bluecollar #constructionuk #renovation #homeimprovement #diy #makestrends #fenestration #glazing #joinery","If you cannot say what the job made you, you are guessing.

And you have been guessing for years.

🪟  fenora.pro  —  one record for the whole window job","If you cannot say what the job made you, you are guessing.

And you have been guessing for years.

🪟  fenora.pro  —  one record for the whole window job","If you cannot say what the job made you, you are guessing.

And you have been guessing for years.


— fenora.pro",,08:15,draft,,,,Margin & Money
OL-42,nerd-detail,static,,The trimmer. The arch. The eyebrow. The devil's own detail.,Four ways to make an architect cry.,,,,"Photorealistic extreme detail of a window detail, shallow depth of field, precise and beautiful, neutral daylight. The image should suggest: the trimmer. the arch. the eyebrow. the devil's own detail. No text, no logos, no watermarks. Photorealistic editorial photograph, UK domestic architecture, soft overcast British daylight, shot on 35mm, shallow depth of field, muted natural palette of slate grey, birch plywood, anthracite and warm oak. Documentary realism, not glossy advertising. Absolutely no text, no captions, no logos, no watermarks, no UI overlays.",photo-real,,"IG,FB,LI",oneliners,"The trimmer. The arch. The eyebrow. The devil's own detail.

Four ways to make an architect cry.

🪟  fenora.pro  —  one record for the whole window job

#tradeslife #fitterslife #uktrades #funnytrades #fenorapro #tradeslife #tradesmen #builderlife #skilledtrades #bluecollar #constructionuk #renovation #homeimprovement #diy #makestrends #fenestration #glazing #joinery #doubleglazing","The trimmer. The arch. The eyebrow. The devil's own detail.

Four ways to make an architect cry.

🪟  fenora.pro  —  one record for the whole window job","The trimmer. The arch. The eyebrow. The devil's own detail.

Four ways to make an architect cry.

🪟  fenora.pro  —  one record for the whole window job","The trimmer. The arch. The eyebrow. The devil's own detail.

Four ways to make an architect cry.


— fenora.pro",,08:15,draft,,,,Nerd Detail
OL-43,customer-reality,static,,“Can you just do one for now?”,The most expensive sentence in domestic construction.,,,,"Photorealistic candid British domestic scene, a customer mid-conversation or gesturing, natural warm interior light. The image should suggest: “can you just do one for now?” No text, no logos, no watermarks. Photorealistic editorial photograph, UK domestic architecture, soft overcast British daylight, shot on 35mm, shallow depth of field, muted natural palette of slate grey, birch plywood, anthracite and warm oak. Documentary realism, not glossy advertising. Absolutely no text, no captions, no logos, no watermarks, no UI overlays.",photo-real,,"IG,FB,LI",oneliners,"“Can you just do one for now?”

The most expensive sentence in domestic construction.

🪟  fenora.pro  —  one record for the whole window job

#tradeslife #fitterslife #uktrades #funnytrades #fenorapro #tradesmen #builderlife #skilledtrades #bluecollar #constructionuk #renovation #homeimprovement #diy #makestrends #fenestration #glazing #joinery #doubleglazing #windows","“Can you just do one for now?”

The most expensive sentence in domestic construction.

🪟  fenora.pro  —  one record for the whole window job","“Can you just do one for now?”

The most expensive sentence in domestic construction.

🪟  fenora.pro  —  one record for the whole window job","“Can you just do one for now?”

The most expensive sentence in domestic construction.


— fenora.pro",,08:15,draft,,,,Customer Reality
OL-44,contrarian,static,,A survey is not a tape measure. It is an investigation.,And it is the only part of the job nobody wants to pay for.,,,,"Photorealistic conceptual scene with a slightly awkward, thought-provoking composition, British domestic, muted palette. The image should suggest: a survey is not a tape measure. it is an investigation. No text, no logos, no watermarks. Photorealistic candid documentary photograph of a UK tradesperson at work, hi-vis and worn workwear, tools and laser measure in frame, overcast British daylight, van or scaffold hinted in background, slightly chaotic and real, not staged. Muted natural palette, 35mm, shallow depth of field. Absolutely no text, no captions, no logos, no watermarks, no UI overlays.",photo-trades,,"IG,FB,LI",oneliners,"A survey is not a tape measure. It is an investigation.

And it is the only part of the job nobody wants to pay for.

🪟  fenora.pro  —  one record for the whole window job

#tradeslife #fitterslife #uktrades #funnytrades #fenorapro #builderlife #skilledtrades #bluecollar #constructionuk #renovation #homeimprovement #diy #makestrends #fenestration #glazing #joinery #doubleglazing #windows #fyp","A survey is not a tape measure. It is an investigation.

And it is the only part of the job nobody wants to pay for.

🪟  fenora.pro  —  one record for the whole window job","A survey is not a tape measure. It is an investigation.

And it is the only part of the job nobody wants to pay for.

🪟  fenora.pro  —  one record for the whole window job","A survey is not a tape measure. It is an investigation.

And it is the only part of the job nobody wants to pay for.


— fenora.pro",,08:15,draft,,,,Contrarian Takes
OL-45,nerd-detail,static,,The cavity has been packed with foam since 1994.,Every house. Every house. Every single house.,,,,"Photorealistic extreme detail of a window detail, shallow depth of field, precise and beautiful, neutral daylight. The image should suggest: the cavity has been packed with foam since 1994. No text, no logos, no watermarks. Photorealistic editorial photograph, UK domestic architecture, soft overcast British daylight, shot on 35mm, shallow depth of field, muted natural palette of slate grey, birch plywood, anthracite and warm oak. Documentary realism, not glossy advertising. Absolutely no text, no captions, no logos, no watermarks, no UI overlays.",photo-real,,"IG,FB,LI",oneliners,"The cavity has been packed with foam since 1994.

Every house. Every house. Every single house.

🪟  fenora.pro  —  one record for the whole window job

#tradeslife #fitterslife #uktrades #funnytrades #fenorapro #skilledtrades #bluecollar #constructionuk #renovation #homeimprovement #diy #makestrends #fenestration #glazing #joinery #doubleglazing #windows #fyp #reels","The cavity has been packed with foam since 1994.

Every house. Every house. Every single house.

🪟  fenora.pro  —  one record for the whole window job","The cavity has been packed with foam since 1994.

Every house. Every house. Every single house.

🪟  fenora.pro  —  one record for the whole window job","The cavity has been packed with foam since 1994.

Every house. Every house. Every single house.


— fenora.pro",,08:15,draft,,,,Nerd Detail
OL-46,trade-pain,static,,The hardest window to fit is in the easiest room.,It is always the one above the bath.,,,,"Photorealistic candid British trades scene that illustrates the frustration, hi-vis and real materials, overcast daylight, documentary realism. The image should suggest: the hardest window to fit is in the easiest room. No text, no logos, no watermarks. Photorealistic editorial photograph, UK domestic architecture, soft overcast British daylight, shot on 35mm, shallow depth of field, muted natural palette of slate grey, birch plywood, anthracite and warm oak. Documentary realism, not glossy advertising. Absolutely no text, no captions, no logos, no watermarks, no UI overlays.",photo-real,,"IG,FB,LI",oneliners,"The hardest window to fit is in the easiest room.

It is always the one above the bath.

🪟  fenora.pro  —  one record for the whole window job

#tradeslife #fitterslife #uktrades #funnytrades #fenorapro #bluecollar #constructionuk #renovation #homeimprovement #diy #makestrends #fenestration #glazing #joinery #doubleglazing #windows #fyp #reels #viral","The hardest window to fit is in the easiest room.

It is always the one above the bath.

🪟  fenora.pro  —  one record for the whole window job","The hardest window to fit is in the easiest room.

It is always the one above the bath.

🪟  fenora.pro  —  one record for the whole window job","The hardest window to fit is in the easiest room.

It is always the one above the bath.


— fenora.pro",,08:15,draft,,,,Trade Pain
OL-47,customer-reality,static,,“I saw your van.”,Best four pence you will ever spend.,,,,"Photorealistic candid British domestic scene, a customer mid-conversation or gesturing, natural warm interior light. The image should suggest: “i saw your van.” No text, no logos, no watermarks. Photorealistic candid documentary photograph of a UK tradesperson at work, hi-vis and worn workwear, tools and laser measure in frame, overcast British daylight, van or scaffold hinted in background, slightly chaotic and real, not staged. Muted natural palette, 35mm, shallow depth of field. Absolutely no text, no captions, no logos, no watermarks, no UI overlays.",photo-trades,,"IG,FB,LI",oneliners,"“I saw your van.”

Best four pence you will ever spend.

🪟  fenora.pro  —  one record for the whole window job

#tradeslife #fitterslife #uktrades #funnytrades #fenorapro #constructionuk #renovation #homeimprovement #diy #makestrends #fenestration #glazing #joinery #doubleglazing #windows #fyp #reels #viral #trending","“I saw your van.”

Best four pence you will ever spend.

🪟  fenora.pro  —  one record for the whole window job","“I saw your van.”

Best four pence you will ever spend.

🪟  fenora.pro  —  one record for the whole window job","“I saw your van.”

Best four pence you will ever spend.


— fenora.pro",,08:15,draft,,,,Customer Reality
OL-48,contrarian,static,,"One job, typed six times, each slightly different.",Somebody is the person in the middle. You know who.,,,,"Photorealistic conceptual scene with a slightly awkward, thought-provoking composition, British domestic, muted palette. The image should suggest: one job, typed six times, each slightly different. No text, no logos, no watermarks. Photorealistic editorial photograph, UK domestic architecture, soft overcast British daylight, shot on 35mm, shallow depth of field, muted natural palette of slate grey, birch plywood, anthracite and warm oak. Documentary realism, not glossy advertising. Absolutely no text, no captions, no logos, no watermarks, no UI overlays.",photo-real,,"IG,FB,LI",oneliners,"One job, typed six times, each slightly different.

Somebody is the person in the middle. You know who.

🪟  fenora.pro  —  one record for the whole window job

#tradeslife #fitterslife #uktrades #funnytrades #fenorapro #renovation #homeimprovement #diy #makestrends #fenestration #glazing #joinery #doubleglazing #windows #fyp #reels #viral #trending #explore","One job, typed six times, each slightly different.

Somebody is the person in the middle. You know who.

🪟  fenora.pro  —  one record for the whole window job","One job, typed six times, each slightly different.

Somebody is the person in the middle. You know who.

🪟  fenora.pro  —  one record for the whole window job","One job, typed six times, each slightly different.

Somebody is the person in the middle. You know who.


— fenora.pro",,08:15,draft,,,,Contrarian Takes
OL-49,contrarian,static,,"Fit a window you are proud of, not a window you can blame.",The customer will be there for it for twenty years.,,,,"Photorealistic conceptual scene with a slightly awkward, thought-provoking composition, British domestic, muted palette. The image should suggest: fit a window you are proud of, not a window you can blame. No text, no logos, no watermarks. Photorealistic candid documentary photograph of a UK tradesperson at work, hi-vis and worn workwear, tools and laser measure in frame, overcast British daylight, van or scaffold hinted in background, slightly chaotic and real, not staged. Muted natural palette, 35mm, shallow depth of field. Absolutely no text, no captions, no logos, no watermarks, no UI overlays.",photo-trades,,"IG,FB,LI",oneliners,"Fit a window you are proud of, not a window you can blame.

The customer will be there for it for twenty years.

🪟  fenora.pro  —  one record for the whole window job

#tradeslife #fitterslife #uktrades #funnytrades #fenorapro #homeimprovement #diy #makestrends #fenestration #glazing #joinery #doubleglazing #windows #fyp #reels #viral #trending #explore #reelsinstagram","Fit a window you are proud of, not a window you can blame.

The customer will be there for it for twenty years.

🪟  fenora.pro  —  one record for the whole window job","Fit a window you are proud of, not a window you can blame.

The customer will be there for it for twenty years.

🪟  fenora.pro  —  one record for the whole window job","Fit a window you are proud of, not a window you can blame.

The customer will be there for it for twenty years.


— fenora.pro",,08:15,draft,,,,Contrarian Takes
OL-50,contrarian,static,,You are not selling a window. You are selling the room it is in.,Nobody ever remembers a window. They remember a warm lounge.,,,,"Photorealistic conceptual scene with a slightly awkward, thought-provoking composition, British domestic, muted palette. The image should suggest: you are not selling a window. you are selling the room it is in. No text, no logos, no watermarks. Photorealistic editorial photograph, UK domestic architecture, soft overcast British daylight, shot on 35mm, shallow depth of field, muted natural palette of slate grey, birch plywood, anthracite and warm oak. Documentary realism, not glossy advertising. Absolutely no text, no captions, no logos, no watermarks, no UI overlays.",photo-real,,"IG,FB,LI",oneliners,"You are not selling a window. You are selling the room it is in.

Nobody ever remembers a window. They remember a warm lounge.

🪟  fenora.pro  —  one record for the whole window job

#tradeslife #fitterslife #uktrades #funnytrades #fenorapro #diy #makestrends #fenestration #glazing #joinery #doubleglazing #windows #fyp #reels #viral #trending #explore #reelsinstagram #tradeslife","You are not selling a window. You are selling the room it is in.

Nobody ever remembers a window. They remember a warm lounge.

🪟  fenora.pro  —  one record for the whole window job","You are not selling a window. You are selling the room it is in.

Nobody ever remembers a window. They remember a warm lounge.

🪟  fenora.pro  —  one record for the whole window job","You are not selling a window. You are selling the room it is in.

Nobody ever remembers a window. They remember a warm lounge.


— fenora.pro",,08:15,draft,,,,Contrarian Takes
PV-01,trade-pain,reel,,POV: you’ve said “nearly done” twice,"POV: you have said “nearly done” twice.

It is a normal phrase. It means a useful amount of time remains.

Somewhere in a kitchen, a person is saying “they said nearly done, so I’ll put the plates out.”",,,,"Photorealistic 9:16 shot of a tradesperson wiping their forehead, tools in hand, a partly completed window behind, hard afternoon light, long shadows, the exhaustion of a nearly-done day, cinematic Photorealistic candid documentary photograph of a UK tradesperson at work, hi-vis and worn workwear, tools and laser measure in frame, overcast British daylight, van or scaffold hinted in background, slightly chaotic and real, not staged. Muted natural palette, 35mm, shallow depth of field. Absolutely no text, no captions, no logos, no watermarks, no UI overlays.",photo-trades,9:16,"IG,FB,LI",pain,"POV: you’ve said “nearly done” twice

POV: you have said “nearly done” twice.

It is a normal phrase. It means a useful amount of time remains.

Somewhere in a kitchen, a person is saying “they said nearly done, so I’ll put the plates out.”

🪟  fenora.pro  —  one record for the whole window job

#fitterslife #tradeslife #windowfittersofinstagram #uktrades #fenorapro #tradesmen #builderlife #skilledtrades #bluecollar #constructionuk #renovation #homeimprovement #diy #makestrends #fenestration #glazing #joinery #doubleglazing #windows","POV: you’ve said “nearly done” twice

POV: you have said “nearly done” twice.

It is a normal phrase. It means a useful amount of time remains.

Somewhere in a kitchen, a person is saying “they said nearly done, so I’ll put the plates out.”

🪟  fenora.pro  —  one record for the whole window job","POV: you’ve said “nearly done” twice

POV: you have said “nearly done” twice.

It is a normal phrase. It means a useful amount of time remains.

Somewhere in a kitchen, a person is saying “they said nearly done, so I’ll put the plates out.”

🪟  fenora.pro  —  one record for the whole window job","POV: you’ve said “nearly done” twice

POV: you have said “nearly done” twice.

It is a normal phrase. It means a useful amount of time remains.

Somewhere in a kitchen, a person is saying “they said nearly done, so I’ll put the plates out.”


— fenora.pro",,08:15,draft,,,,Trade Pain
PV-02,customer-reality,reel,,POV: the customer asks to see the drawing,"POV: the customer asks to see the drawing.

Ninety per cent of quotes do not have one.

The ones that do get signed, get referred, and get paid. The ones that do not get a fortnight of “we’re just thinking about it” and then a phone call from someone else.",The drawing on the quote. fenora.pro,The drawing on the quote. fenora.pro,,"Photorealistic 9:16 shot from behind a tradesperson holding a tablet showing a technical window drawing, presenting it to a customer, both in a domestic hallway, soft window light, warm and competent, portrait framing Photorealistic candid documentary photograph of a UK tradesperson at work, hi-vis and worn workwear, tools and laser measure in frame, overcast British daylight, van or scaffold hinted in background, slightly chaotic and real, not staged. Muted natural palette, 35mm, shallow depth of field. Absolutely no text, no captions, no logos, no watermarks, no UI overlays.",photo-trades,9:16,"IG,FB,LI",customers,"POV: the customer asks to see the drawing

POV: the customer asks to see the drawing.

Ninety per cent of quotes do not have one.

The ones that do get signed, get referred, and get paid. The ones that do not get a fortnight of “we’re just thinking about it” and then a phone call from someone else.

The drawing on the quote. fenora.pro

🪟  fenora.pro  —  one record for the whole window job

#homeownerlife #homeimprovement #renovationuk #ukhomeowner #fenorapro #builderlife #skilledtrades #bluecollar #constructionuk #renovation #homeimprovement #diy #makestrends #fenestration #glazing #joinery #doubleglazing #windows #fyp","POV: the customer asks to see the drawing

POV: the customer asks to see the drawing.

Ninety per cent of quotes do not have one.

The ones that do get signed, get referred, and get paid. The ones that do not get a fortnight of “we’re just thinking about it” and then a phone call from someone else.

The drawing on the quote. fenora.pro

🪟  fenora.pro  —  one record for the whole window job","POV: the customer asks to see the drawing

POV: the customer asks to see the drawing.

Ninety per cent of quotes do not have one.

The ones that do get signed, get referred, and get paid. The ones that do not get a fortnight of “we’re just thinking about it” and then a phone call from someone else.

The drawing on the quote. fenora.pro

🪟  fenora.pro  —  one record for the whole window job","POV: the customer asks to see the drawing

Ninety per cent of quotes do not have one.

The ones that do get signed, get referred, and get paid. The ones that do not get a fortnight of “we’re just thinking about it” and then a phone call from someone else.

The drawing on the quote. fenora.pro


— fenora.pro",,08:15,draft,,,,Customer Reality
PV-03,trade-pain,reel,,POV: the dog decides it’s their job,"POV: you are forty minutes into a fit. The dog has decided this is now their job.

The dog is friendly. The dog is in the exact spot you need for the next forty minutes.

You have moved that dog. Everyone has moved that dog. It returns. It is a law of physics.",,,,"Photorealistic 9:16 shot of a friendly golden retriever sitting in the exact centre of a work area surrounded by window frames and tools, a tradesperson's legs visible at the edge of frame, comedy, warm indoor light, portrait framing Photorealistic candid documentary photograph of a UK tradesperson at work, hi-vis and worn workwear, tools and laser measure in frame, overcast British daylight, van or scaffold hinted in background, slightly chaotic and real, not staged. Muted natural palette, 35mm, shallow depth of field. Absolutely no text, no captions, no logos, no watermarks, no UI overlays.",photo-trades,9:16,"IG,FB,LI",pain,"POV: the dog decides it’s their job

POV: you are forty minutes into a fit. The dog has decided this is now their job.

The dog is friendly. The dog is in the exact spot you need for the next forty minutes.

You have moved that dog. Everyone has moved that dog. It returns. It is a law of physics.

🪟  fenora.pro  —  one record for the whole window job

#fitterslife #tradeslife #windowfittersofinstagram #uktrades #fenorapro #skilledtrades #bluecollar #constructionuk #renovation #homeimprovement #diy #makestrends #fenestration #glazing #joinery #doubleglazing #windows #fyp #reels","POV: the dog decides it’s their job

POV: you are forty minutes into a fit. The dog has decided this is now their job.

The dog is friendly. The dog is in the exact spot you need for the next forty minutes.

You have moved that dog. Everyone has moved that dog. It returns. It is a law of physics.

🪟  fenora.pro  —  one record for the whole window job","POV: the dog decides it’s their job

POV: you are forty minutes into a fit. The dog has decided this is now their job.

The dog is friendly. The dog is in the exact spot you need for the next forty minutes.

You have moved that dog. Everyone has moved that dog. It returns. It is a law of physics.

🪟  fenora.pro  —  one record for the whole window job","POV: the dog decides it’s their job

POV: you are forty minutes into a fit. The dog has decided this is now their job.

The dog is friendly. The dog is in the exact spot you need for the next forty minutes.

You have moved that dog. Everyone has moved that dog. It returns. It is a law of physics.


— fenora.pro",,08:15,draft,,,,Trade Pain
PV-04,trade-pain,reel,,POV: the reveal is not square,"POV: you put the spirit level on the cill and the bubble looks at you.

Not a long bubble. Not a near-miss. The bubble looks at you like it has opinions.",,,,"Photorealistic 9:16 extreme close-up of a spirit level on a window cill with the bubble pressed hard to one end, a worker's hand resting on the level, cold grey daylight, comedic dread, portrait framing Photorealistic editorial photograph, UK domestic architecture, soft overcast British daylight, shot on 35mm, shallow depth of field, muted natural palette of slate grey, birch plywood, anthracite and warm oak. Documentary realism, not glossy advertising. Absolutely no text, no captions, no logos, no watermarks, no UI overlays.",photo-real,9:16,"IG,FB,LI",nerd,"POV: the reveal is not square

POV: you put the spirit level on the cill and the bubble looks at you.

Not a long bubble. Not a near-miss. The bubble looks at you like it has opinions.

🪟  fenora.pro  —  one record for the whole window job

#windownerd #sashwindows #conservation #windowdetailing #fenorapro #bluecollar #constructionuk #renovation #homeimprovement #diy #makestrends #fenestration #glazing #joinery #doubleglazing #windows #fyp #reels #viral","POV: the reveal is not square

POV: you put the spirit level on the cill and the bubble looks at you.

Not a long bubble. Not a near-miss. The bubble looks at you like it has opinions.

🪟  fenora.pro  —  one record for the whole window job","POV: the reveal is not square

POV: you put the spirit level on the cill and the bubble looks at you.

Not a long bubble. Not a near-miss. The bubble looks at you like it has opinions.

🪟  fenora.pro  —  one record for the whole window job","POV: the reveal is not square

POV: you put the spirit level on the cill and the bubble looks at you.

Not a long bubble. Not a near-miss. The bubble looks at you like it has opinions.


— fenora.pro",,08:15,draft,,,,Trade Pain
PV-05,wip,reel,,POV: you’re the person who found the job on the planning portal,"POV: you are the one who was reading the planning portal at 10pm on a Sunday for absolutely no reason.

You see a single-storey rear extension. Nine casements. A client who has gone quiet. The glass is a nine-day lead time.

And nobody else in the country knows about this yet.",Do that automatically. fenora.pro/job-finder,Do that automatically. fenora.pro/job-finder,,"Photorealistic 9:16 shot of someone at a kitchen table late at night, laptop glow, a mug, a notepad, a phone, moody dark room, the specific loneliness of a good idea found alone, cinematic Clean product photograph of a modern desktop software interface floating at a slight angle, dark charcoal UI with orange accent, crisp data tables and technical window drawings, soft neutral studio background with realistic reflections and shadow. Abstract unreadable micro-text only. No legible words, no logos, no watermarks.",screen-mock,9:16,"IG,FB,LI",planning,"POV: you’re the person who found the job on the planning portal

POV: you are the one who was reading the planning portal at 10pm on a Sunday for absolutely no reason.

You see a single-storey rear extension. Nine casements. A client who has gone quiet. The glass is a nine-day lead time.

And nobody else in the country knows about this yet.

Do that automatically. fenora.pro/job-finder

🪟  fenora.pro  —  one record for the whole window job

#planningpermission #planningapplication #conservationarea #listedbuilding #fenorapro #constructionuk #renovation #homeimprovement #diy #makestrends #fenestration #glazing #joinery #doubleglazing #windows #fyp #reels #viral #trending","POV: you’re the person who found the job on the planning portal

POV: you are the one who was reading the planning portal at 10pm on a Sunday for absolutely no reason.

You see a single-storey rear extension. Nine casements. A client who has gone quiet. The glass is a nine-day lead time.

And nobody else in the country knows about this yet.

Do that automatically. fenora.pro/job-finder

🪟  fenora.pro  —  one record for the whole window job","POV: you’re the person who found the job on the planning portal

POV: you are the one who was reading the planning portal at 10pm on a Sunday for absolutely no reason.

You see a single-storey rear extension. Nine casements. A client who has gone quiet. The glass is a nine-day lead time.

And nobody else in the country knows about this yet.

Do that automatically. fenora.pro/job-finder

🪟  fenora.pro  —  one record for the whole window job","POV: you’re the person who found the job on the planning portal

POV: you are the one who was reading the planning portal at 10pm on a Sunday for absolutely no reason.

You see a single-storey rear extension. Nine casements. A client who has gone quiet. The glass is a nine-day lead time.

And nobody else in the country knows about this yet.

Do that automatically. fenora.pro/job-finder


— fenora.pro",,08:15,draft,,,,Behind the Scenes
PV-06,trade-pain,reel,,POV: the customer is narrating,"POV: the customer is narrating.

Not helping. Narrating. From a chair. With a full understanding of what you are doing and a different understanding of how you are doing it.

“Ooh — that’s clever, that.” Every forty seconds. For three hours.",,,,"Photorealistic 9:16 shot of a customer sitting in an armchair mid-room with a cup of tea, gesturing enthusiastically while a tradesperson works in the background, warm lamp light, comedic, portrait framing Photorealistic candid documentary photograph of a UK tradesperson at work, hi-vis and worn workwear, tools and laser measure in frame, overcast British daylight, van or scaffold hinted in background, slightly chaotic and real, not staged. Muted natural palette, 35mm, shallow depth of field. Absolutely no text, no captions, no logos, no watermarks, no UI overlays.",photo-trades,9:16,"IG,FB,LI",pain,"POV: the customer is narrating

POV: the customer is narrating.

Not helping. Narrating. From a chair. With a full understanding of what you are doing and a different understanding of how you are doing it.

“Ooh — that’s clever, that.” Every forty seconds. For three hours.

🪟  fenora.pro  —  one record for the whole window job

#fitterslife #tradeslife #windowfittersofinstagram #uktrades #fenorapro #renovation #homeimprovement #diy #makestrends #fenestration #glazing #joinery #doubleglazing #windows #fyp #reels #viral #trending #explore","POV: the customer is narrating

POV: the customer is narrating.

Not helping. Narrating. From a chair. With a full understanding of what you are doing and a different understanding of how you are doing it.

“Ooh — that’s clever, that.” Every forty seconds. For three hours.

🪟  fenora.pro  —  one record for the whole window job","POV: the customer is narrating

POV: the customer is narrating.

Not helping. Narrating. From a chair. With a full understanding of what you are doing and a different understanding of how you are doing it.

“Ooh — that’s clever, that.” Every forty seconds. For three hours.

🪟  fenora.pro  —  one record for the whole window job","POV: the customer is narrating

Not helping. Narrating. From a chair. With a full understanding of what you are doing and a different understanding of how you are doing it.

“Ooh — that’s clever, that.” Every forty seconds. For three hours.


— fenora.pro",,08:15,draft,,,,Trade Pain
PV-07,wip,reel,,POV: the whole job on one screen while you’re on site,"POV: you are stood in a customer’s hallway with no signal, and you can see the whole job anyway.

The quote. The drawing. The spec. The variation you flagged yesterday. The delivery date. The balance outstanding.

All of it. On the phone. Working offline.",Works with no signal. fenora.pro,Works with no signal. fenora.pro,,"Photorealistic 9:16 shot of a surveyor standing in a dim hallway holding a phone, screen lighting their face, an offline progress indicator implied, moody and capable, portrait framing Clean product photograph of a modern desktop software interface floating at a slight angle, dark charcoal UI with orange accent, crisp data tables and technical window drawings, soft neutral studio background with realistic reflections and shadow. Abstract unreadable micro-text only. No legible words, no logos, no watermarks.",screen-mock,9:16,"IG,FB,LI",wip,"POV: the whole job on one screen while you’re on site

POV: you are stood in a customer’s hallway with no signal, and you can see the whole job anyway.

The quote. The drawing. The spec. The variation you flagged yesterday. The delivery date. The balance outstanding.

All of it. On the phone. Working offline.

Works with no signal. fenora.pro

🪟  fenora.pro  —  one record for the whole window job

#buildinpublic #saasbuild #logistics #behindthescenes #fenorapro #homeimprovement #diy #makestrends #fenestration #glazing #joinery #doubleglazing #windows #fyp #reels #viral #trending #explore #reelsinstagram","POV: the whole job on one screen while you’re on site

POV: you are stood in a customer’s hallway with no signal, and you can see the whole job anyway.

The quote. The drawing. The spec. The variation you flagged yesterday. The delivery date. The balance outstanding.

All of it. On the phone. Working offline.

Works with no signal. fenora.pro

🪟  fenora.pro  —  one record for the whole window job","POV: the whole job on one screen while you’re on site

POV: you are stood in a customer’s hallway with no signal, and you can see the whole job anyway.

The quote. The drawing. The spec. The variation you flagged yesterday. The delivery date. The balance outstanding.

All of it. On the phone. Working offline.

Works with no signal. fenora.pro

🪟  fenora.pro  —  one record for the whole window job","POV: the whole job on one screen while you’re on site

POV: you are stood in a customer’s hallway with no signal, and you can see the whole job anyway.

The quote. The drawing. The spec. The variation you flagged yesterday. The delivery date. The balance outstanding.

All of it. On the phone. Working offline.

Works with no signal. fenora.pro


— fenora.pro",,08:15,draft,,,,Behind the Scenes
PV-08,money,reel,,POV: the invoice goes out on the same day the job signs,"POV: the customer signs at the door. The invoice is already built. The variation is already priced. The drawings are already attached. The delivery note is already queued.

The office does not have to do anything. The job just… closes.","Signed on the doorstep, invoiced on the spot. fenora.pro","Signed on the doorstep, invoiced on the spot. fenora.pro",,"Photorealistic 9:16 shot of a customer signing a phone at their front door, sunlight behind them, a tradesperson holding the door open, a new window visible in the hall, warm and optimistic, portrait framing Photorealistic candid documentary photograph of a UK tradesperson at work, hi-vis and worn workwear, tools and laser measure in frame, overcast British daylight, van or scaffold hinted in background, slightly chaotic and real, not staged. Muted natural palette, 35mm, shallow depth of field. Absolutely no text, no captions, no logos, no watermarks, no UI overlays.",photo-trades,9:16,"IG,FB,LI",money,"POV: the invoice goes out on the same day the job signs

POV: the customer signs at the door. The invoice is already built. The variation is already priced. The drawings are already attached. The delivery note is already queued.

The office does not have to do anything. The job just… closes.

Signed on the doorstep, invoiced on the spot. fenora.pro

🪟  fenora.pro  —  one record for the whole window job

#smallbusiness #tradesbusiness #margin #quoting #fenorapro #diy #makestrends #fenestration #glazing #joinery #doubleglazing #windows #fyp #reels #viral #trending #explore #reelsinstagram #tradeslife","POV: the invoice goes out on the same day the job signs

POV: the customer signs at the door. The invoice is already built. The variation is already priced. The drawings are already attached. The delivery note is already queued.

The office does not have to do anything. The job just… closes.

Signed on the doorstep, invoiced on the spot. fenora.pro

🪟  fenora.pro  —  one record for the whole window job","POV: the invoice goes out on the same day the job signs

POV: the customer signs at the door. The invoice is already built. The variation is already priced. The drawings are already attached. The delivery note is already queued.

The office does not have to do anything. The job just… closes.

Signed on the doorstep, invoiced on the spot. fenora.pro

🪟  fenora.pro  —  one record for the whole window job","POV: the invoice goes out on the same day the job signs

POV: the customer signs at the door. The invoice is already built. The variation is already priced. The drawings are already attached. The delivery note is already queued.

The office does not have to do anything. The job just… closes.

Signed on the doorstep, invoiced on the spot. fenora.pro


— fenora.pro",,08:15,draft,,,,Margin & Money
MY-01,contrarian,carousel,,Five things a window company believes that are not true,"Slide 1: “A bigger sample wins the job.” Nobody buys a 300mm timber sample. They buy trust, speed and a drawing.

Slide 2: “Cheaper fittings save money.” It costs you a return visit and the job.

Slide 3: “We don’t need a system, we’re only ten people.” Ten people is exactly when a system pays for itself.

Slide 4: “The office can just remember it.” Offices do not remember. They remember until they are on holiday.

Slide 5: “We’ll never be big enough to need this.” This is the reason the big ten are as good as they are.",fenora.pro,fenora.pro,,"Photorealistic conceptual photograph of five ordinary workshop objects arranged in a row on a dark surface — a timber sample, a cheap handle, a spiral notebook, a memory, a small factory gate — minimal, moody, editorial still life Photorealistic editorial photograph, UK domestic architecture, soft overcast British daylight, shot on 35mm, shallow depth of field, muted natural palette of slate grey, birch plywood, anthracite and warm oak. Documentary realism, not glossy advertising. Absolutely no text, no captions, no logos, no watermarks, no UI overlays.",photo-real,,"IG,FB,LI",contrarian,"Five things a window company believes that are not true

Slide 1: “A bigger sample wins the job.” Nobody buys a 300mm timber sample. They buy trust, speed and a drawing.

Slide 2: “Cheaper fittings save money.” It costs you a return visit and the job.

Slide 3: “We don’t need a system, we’re only ten people.” Ten people is exactly when a system pays for itself.

Slide 4: “The office can just remember it.” Offices do not remember. They remember until they are on holiday.

Slide 5: “We’ll never be big enough to need this.” This is the reason the big ten are as good as they are.

fenora.pro

🪟  fenora.pro  —  one record for the whole window job

#tradesindustry #unpopularopinion #buildintrade #tradesuk #fenorapro #tradesmen #builderlife #skilledtrades #bluecollar #constructionuk #renovation #homeimprovement #diy #makestrends #fenestration #glazing #joinery #doubleglazing #windows","Five things a window company believes that are not true

Slide 1: “A bigger sample wins the job.” Nobody buys a 300mm timber sample. They buy trust, speed and a drawing.

Slide 2: “Cheaper fittings save money.” It costs you a return visit and the job.

Slide 3: “We don’t need a system, we’re only ten people.” Ten people is exactly when a system pays for itself.

Slide 4: “The office can just remember it.” Offices do not remember. They remember until they are on holiday.

Slide 5: “We’ll never be big enough to need this.” This is the reason the big ten are as good as they are.

fenora.pro

🪟  fenora.pro  —  one record for the whole window job","Five things a window company believes that are not true

Slide 1: “A bigger sample wins the job.” Nobody buys a 300mm timber sample. They buy trust, speed and a drawing.

Slide 2: “Cheaper fittings save money.” It costs you a return visit and the job.

Slide 3: “We don’t need a system, we’re only ten people.” Ten people is exactly when a system pays for itself.

Slide 4: “The office can just remember it.” Offices do not remember. They remember until they are on holiday.

Slide 5: “We’ll never be big enough to need this.” This is the reason the big ten are as good as they are.

fenora.pro

🪟  fenora.pro  —  one record for the whole window job","Five things a window company believes that are not true

1. “A bigger sample wins the job.” Nobody buys a 300mm timber sample. They buy trust, speed and a drawing.

2. “Cheaper fittings save money.” It costs you a return visit and the job.

3. “We don’t need a system, we’re only ten people.” Ten people is exactly when a system pays for itself.

4. “The office can just remember it.” Offices do not remember. They remember until they are on holiday.

5. “We’ll never be big enough to need this.” This is the reason the big ten are as good as they are.

fenora.pro


— fenora.pro",,08:15,draft,,,,Contrarian Takes
MY-02,nerd-detail,carousel,,Myth: bigger glass means a better window,"Slide 1: “You can have more glass.” Yes. You can also have a weaker frame, a bigger sightline problem and a heavier unit.

Slide 2: Glass area is set by the frame, the bar and the structural requirement — not by ambition.

Slide 3: A 2,180mm frame in a 1,900mm opening is not slim sightlines. It is a structural claim.

Slide 4: The right question is not “how much glass”. It is “how much glass, in what frame, at what sightline, at what weight”.

Slide 5: That is a specification conversation. Not a brochure.",,,,"Photorealistic technical photograph comparing a wide heavily-barred window beside a slim lightly-barred one, the sightline widths clearly visible, a tape measure spanning both, dark neutral background, analytical and clean Clean product photograph of a modern desktop software interface floating at a slight angle, dark charcoal UI with orange accent, crisp data tables and technical window drawings, soft neutral studio background with realistic reflections and shadow. Abstract unreadable micro-text only. No legible words, no logos, no watermarks.",screen-mock,,"IG,FB,LI",nerd,"Myth: bigger glass means a better window

Slide 1: “You can have more glass.” Yes. You can also have a weaker frame, a bigger sightline problem and a heavier unit.

Slide 2: Glass area is set by the frame, the bar and the structural requirement — not by ambition.

Slide 3: A 2,180mm frame in a 1,900mm opening is not slim sightlines. It is a structural claim.

Slide 4: The right question is not “how much glass”. It is “how much glass, in what frame, at what sightline, at what weight”.

Slide 5: That is a specification conversation. Not a brochure.

🪟  fenora.pro  —  one record for the whole window job

#windownerd #sashwindows #conservation #windowdetailing #fenorapro #builderlife #skilledtrades #bluecollar #constructionuk #renovation #homeimprovement #diy #makestrends #fenestration #glazing #joinery #doubleglazing #windows #fyp","Myth: bigger glass means a better window

Slide 1: “You can have more glass.” Yes. You can also have a weaker frame, a bigger sightline problem and a heavier unit.

Slide 2: Glass area is set by the frame, the bar and the structural requirement — not by ambition.

Slide 3: A 2,180mm frame in a 1,900mm opening is not slim sightlines. It is a structural claim.

Slide 4: The right question is not “how much glass”. It is “how much glass, in what frame, at what sightline, at what weight”.

Slide 5: That is a specification conversation. Not a brochure.

🪟  fenora.pro  —  one record for the whole window job","Myth: bigger glass means a better window

Slide 1: “You can have more glass.” Yes. You can also have a weaker frame, a bigger sightline problem and a heavier unit.

Slide 2: Glass area is set by the frame, the bar and the structural requirement — not by ambition.

Slide 3: A 2,180mm frame in a 1,900mm opening is not slim sightlines. It is a structural claim.

Slide 4: The right question is not “how much glass”. It is “how much glass, in what frame, at what sightline, at what weight”.

Slide 5: That is a specification conversation. Not a brochure.

🪟  fenora.pro  —  one record for the whole window job","Myth: bigger glass means a better window

1. “You can have more glass.” Yes. You can also have a weaker frame, a bigger sightline problem and a heavier unit.

2. Glass area is set by the frame, the bar and the structural requirement — not by ambition.

3. A 2,180mm frame in a 1,900mm opening is not slim sightlines. It is a structural claim.

4. The right question is not “how much glass”. It is “how much glass, in what frame, at what sightline, at what weight”.

5. That is a specification conversation. Not a brochure.


— fenora.pro",,08:15,draft,,,,Nerd Detail
MY-03,contrarian,carousel,,Myth: a survey is a tape measure,"Slide 1: The tape tells you the size.

Slide 2: It does not tell you whether the wall is structural.

Slide 3: It does not tell you what the cavity contains.

Slide 4: It does not tell you whether the lintel is original, or whether the render is sound, or whether the floor is in the way, or where the drain is.

Slide 5: It does not tell you what the job is worth.

Slide 6: A number without a survey is a guess with a decimal point.","Surveying, in full. fenora.pro","Surveying, in full. fenora.pro",,"Photorealistic still life of a survey toolkit arranged neatly — tape measure, laser measure, probe, torch, camera, notebook, moisture meter — on a dark bench, overhead dramatic light, forensic and professional Photorealistic editorial photograph, UK domestic architecture, soft overcast British daylight, shot on 35mm, shallow depth of field, muted natural palette of slate grey, birch plywood, anthracite and warm oak. Documentary realism, not glossy advertising. Absolutely no text, no captions, no logos, no watermarks, no UI overlays.",photo-real,,"IG,FB,LI",contrarian,"Myth: a survey is a tape measure

Slide 1: The tape tells you the size.

Slide 2: It does not tell you whether the wall is structural.

Slide 3: It does not tell you what the cavity contains.

Slide 4: It does not tell you whether the lintel is original, or whether the render is sound, or whether the floor is in the way, or where the drain is.

Slide 5: It does not tell you what the job is worth.

Slide 6: A number without a survey is a guess with a decimal point.

Surveying, in full. fenora.pro

🪟  fenora.pro  —  one record for the whole window job

#tradesindustry #unpopularopinion #buildintrade #tradesuk #fenorapro #skilledtrades #bluecollar #constructionuk #renovation #homeimprovement #diy #makestrends #fenestration #glazing #joinery #doubleglazing #windows #fyp #reels","Myth: a survey is a tape measure

Slide 1: The tape tells you the size.

Slide 2: It does not tell you whether the wall is structural.

Slide 3: It does not tell you what the cavity contains.

Slide 4: It does not tell you whether the lintel is original, or whether the render is sound, or whether the floor is in the way, or where the drain is.

Slide 5: It does not tell you what the job is worth.

Slide 6: A number without a survey is a guess with a decimal point.

Surveying, in full. fenora.pro

🪟  fenora.pro  —  one record for the whole window job","Myth: a survey is a tape measure

Slide 1: The tape tells you the size.

Slide 2: It does not tell you whether the wall is structural.

Slide 3: It does not tell you what the cavity contains.

Slide 4: It does not tell you whether the lintel is original, or whether the render is sound, or whether the floor is in the way, or where the drain is.

Slide 5: It does not tell you what the job is worth.

Slide 6: A number without a survey is a guess with a decimal point.

Surveying, in full. fenora.pro

🪟  fenora.pro  —  one record for the whole window job","Myth: a survey is a tape measure

1. The tape tells you the size.

2. It does not tell you whether the wall is structural.

3. It does not tell you what the cavity contains.

4. It does not tell you whether the lintel is original, or whether the render is sound, or whether the floor is in the way, or where the drain is.

5. It does not tell you what the job is worth.

6. A number without a survey is a guess with a decimal point.

Surveying, in full. fenora.pro


— fenora.pro",,08:15,draft,,,,Contrarian Takes
MY-04,contrarian,carousel,,"Myth: the cheapest quote wins the job, so quote low","Slide 1: You quoted low. You won it. You are now three weeks in and you have lost money on it.

Slide 2: You can win the job and still be wrong about it. These are separate events.

Slide 3: The dangerous quote is not the one that loses. It is the one that wins.

Slide 4: A business that prices to win is a business that manufactures loss.

Slide 5: Price the job. Not the competitor. Then win it honestly.",,,The most dangerous quote in any business is the one that wins.,"Photorealistic conceptual photograph of a low printed quote on a desk beside a much higher one, a hand turning the second one over, dramatic side lighting, a sense of a decision being made, editorial still life Photorealistic editorial photograph, UK domestic architecture, soft overcast British daylight, shot on 35mm, shallow depth of field, muted natural palette of slate grey, birch plywood, anthracite and warm oak. Documentary realism, not glossy advertising. Absolutely no text, no captions, no logos, no watermarks, no UI overlays.",photo-real,,"IG,FB,LI",contrarian,"Myth: the cheapest quote wins the job, so quote low

Slide 1: You quoted low. You won it. You are now three weeks in and you have lost money on it.

Slide 2: You can win the job and still be wrong about it. These are separate events.

Slide 3: The dangerous quote is not the one that loses. It is the one that wins.

Slide 4: A business that prices to win is a business that manufactures loss.

Slide 5: Price the job. Not the competitor. Then win it honestly.

🪟  fenora.pro  —  one record for the whole window job

#tradesindustry #unpopularopinion #buildintrade #tradesuk #fenorapro #bluecollar #constructionuk #renovation #homeimprovement #diy #makestrends #fenestration #glazing #joinery #doubleglazing #windows #fyp #reels #viral","Myth: the cheapest quote wins the job, so quote low

Slide 1: You quoted low. You won it. You are now three weeks in and you have lost money on it.

Slide 2: You can win the job and still be wrong about it. These are separate events.

Slide 3: The dangerous quote is not the one that loses. It is the one that wins.

Slide 4: A business that prices to win is a business that manufactures loss.

Slide 5: Price the job. Not the competitor. Then win it honestly.

🪟  fenora.pro  —  one record for the whole window job","Myth: the cheapest quote wins the job, so quote low

Slide 1: You quoted low. You won it. You are now three weeks in and you have lost money on it.

Slide 2: You can win the job and still be wrong about it. These are separate events.

Slide 3: The dangerous quote is not the one that loses. It is the one that wins.

Slide 4: A business that prices to win is a business that manufactures loss.

Slide 5: Price the job. Not the competitor. Then win it honestly.

🪟  fenora.pro  —  one record for the whole window job","The most dangerous quote in any business is the one that wins.

1. You quoted low. You won it. You are now three weeks in and you have lost money on it.

2. You can win the job and still be wrong about it. These are separate events.

3. The dangerous quote is not the one that loses. It is the one that wins.

4. A business that prices to win is a business that manufactures loss.

5. Price the job. Not the competitor. Then win it honestly.


— fenora.pro",,08:15,draft,,,,Contrarian Takes
MY-05,nerd-detail,carousel,,Myth: all double glazing is the same glass,"Slide 1: There is a 2mm difference in cavity width, which is a 12% difference in energy loss.

Slide 2: There is argon and there is air, and it is about 15% of the U-value.

Slide 3: There is warm edge and there is aluminium, and it matters at the perimeter, which is where the loss actually is.

Slide 4: There is a coated face and there is a clear face, and it has to go the right way up or it is worse than nothing.

Slide 5: There is no such thing as a standard sealed unit. Ask for the make-up in millimetres and watch what happens.",,,,"Photorealistic extreme macro photograph of a cutaway sealed glass unit edge showing the warm edge spacer and argon cavity, precision laboratory lighting, beautiful and technical, dark background Photorealistic editorial photograph, UK domestic architecture, soft overcast British daylight, shot on 35mm, shallow depth of field, muted natural palette of slate grey, birch plywood, anthracite and warm oak. Documentary realism, not glossy advertising. Absolutely no text, no captions, no logos, no watermarks, no UI overlays.",photo-real,,"IG,FB,LI",nerd,"Myth: all double glazing is the same glass

Slide 1: There is a 2mm difference in cavity width, which is a 12% difference in energy loss.

Slide 2: There is argon and there is air, and it is about 15% of the U-value.

Slide 3: There is warm edge and there is aluminium, and it matters at the perimeter, which is where the loss actually is.

Slide 4: There is a coated face and there is a clear face, and it has to go the right way up or it is worse than nothing.

Slide 5: There is no such thing as a standard sealed unit. Ask for the make-up in millimetres and watch what happens.

🪟  fenora.pro  —  one record for the whole window job

#windownerd #sashwindows #conservation #windowdetailing #fenorapro #constructionuk #renovation #homeimprovement #diy #makestrends #fenestration #glazing #joinery #doubleglazing #windows #fyp #reels #viral #trending","Myth: all double glazing is the same glass

Slide 1: There is a 2mm difference in cavity width, which is a 12% difference in energy loss.

Slide 2: There is argon and there is air, and it is about 15% of the U-value.

Slide 3: There is warm edge and there is aluminium, and it matters at the perimeter, which is where the loss actually is.

Slide 4: There is a coated face and there is a clear face, and it has to go the right way up or it is worse than nothing.

Slide 5: There is no such thing as a standard sealed unit. Ask for the make-up in millimetres and watch what happens.

🪟  fenora.pro  —  one record for the whole window job","Myth: all double glazing is the same glass

Slide 1: There is a 2mm difference in cavity width, which is a 12% difference in energy loss.

Slide 2: There is argon and there is air, and it is about 15% of the U-value.

Slide 3: There is warm edge and there is aluminium, and it matters at the perimeter, which is where the loss actually is.

Slide 4: There is a coated face and there is a clear face, and it has to go the right way up or it is worse than nothing.

Slide 5: There is no such thing as a standard sealed unit. Ask for the make-up in millimetres and watch what happens.

🪟  fenora.pro  —  one record for the whole window job","Myth: all double glazing is the same glass

1. There is a 2mm difference in cavity width, which is a 12% difference in energy loss.

2. There is argon and there is air, and it is about 15% of the U-value.

3. There is warm edge and there is aluminium, and it matters at the perimeter, which is where the loss actually is.

4. There is a coated face and there is a clear face, and it has to go the right way up or it is worse than nothing.

5. There is no such thing as a standard sealed unit. Ask for the make-up in millimetres and watch what happens.


— fenora.pro",,08:15,draft,,,,Nerd Detail
PO-01,customer-reality,poll,,It’s an easy fit. How long?,"Honest answer, nobody is being fired:",,,,"Photorealistic wide interior of a very complicated UK property renovation — bay, bay return, tall windows, a soffit, a conservatory — a single tradesperson standing at the far end looking at it, comedic scale, overcast light Photorealistic candid documentary photograph of a UK tradesperson at work, hi-vis and worn workwear, tools and laser measure in frame, overcast British daylight, van or scaffold hinted in background, slightly chaotic and real, not staged. Muted natural palette, 35mm, shallow depth of field. Absolutely no text, no captions, no logos, no watermarks, no UI overlays.",photo-trades,,IG,customers,"It’s an easy fit. How long?

Honest answer, nobody is being fired:

🪟  fenora.pro  —  one record for the whole window job

#homeownerlife #homeimprovement #renovationuk #ukhomeowner #fenorapro #tradesmen #builderlife #skilledtrades #bluecollar #constructionuk #renovation #homeimprovement #diy #makestrends #fenestration #glazing #joinery #doubleglazing #windows","It’s an easy fit. How long?

Honest answer, nobody is being fired:

🪟  fenora.pro  —  one record for the whole window job",,,,08:15,draft,,,,Customer Reality
PO-02,trade-pain,poll,,The worst thing a customer can say on site,Be honest. I will not name names. I will think about them though.,,,,"Photorealistic candid shot of a tradesperson's face in profile reacting to something off camera, tools in foreground out of focus, exaggerated deadpan expression, warm light, comedy Photorealistic candid documentary photograph of a UK tradesperson at work, hi-vis and worn workwear, tools and laser measure in frame, overcast British daylight, van or scaffold hinted in background, slightly chaotic and real, not staged. Muted natural palette, 35mm, shallow depth of field. Absolutely no text, no captions, no logos, no watermarks, no UI overlays.",photo-trades,,IG,pain,"The worst thing a customer can say on site

Be honest. I will not name names. I will think about them though.

🪟  fenora.pro  —  one record for the whole window job

#fitterslife #tradeslife #windowfittersofinstagram #uktrades #fenorapro #builderlife #skilledtrades #bluecollar #constructionuk #renovation #homeimprovement #diy #makestrends #fenestration #glazing #joinery #doubleglazing #windows #fyp","The worst thing a customer can say on site

Be honest. I will not name names. I will think about them though.

🪟  fenora.pro  —  one record for the whole window job",,,,08:15,draft,,,,Trade Pain
PO-03,nerd-detail,quiz,,What is this window part called?,"Ten thousand window fitters will get this instantly.

The other ninety thousand will guess. Guess confidently. And be wrong in a way that would have cost them a job.",,,,"Photorealistic macro photograph of an unfamiliar architectural window detail, a soft-edged rectangle at the top of a frame, dramatic raking light, a quiz-style mystery object, dark background, precise Photorealistic editorial photograph, UK domestic architecture, soft overcast British daylight, shot on 35mm, shallow depth of field, muted natural palette of slate grey, birch plywood, anthracite and warm oak. Documentary realism, not glossy advertising. Absolutely no text, no captions, no logos, no watermarks, no UI overlays.",photo-real,,IG,nerd,"What is this window part called?

Ten thousand window fitters will get this instantly.

The other ninety thousand will guess. Guess confidently. And be wrong in a way that would have cost them a job.

🪟  fenora.pro  —  one record for the whole window job

#windownerd #sashwindows #conservation #windowdetailing #fenorapro #skilledtrades #bluecollar #constructionuk #renovation #homeimprovement #diy #makestrends #fenestration #glazing #joinery #doubleglazing #windows #fyp #reels","What is this window part called?

Ten thousand window fitters will get this instantly.

The other ninety thousand will guess. Guess confidently. And be wrong in a way that would have cost them a job.

🪟  fenora.pro  —  one record for the whole window job",,,,08:15,draft,,,,Nerd Detail
PO-04,money,poll,,Where does the margin actually go?,Four places. Pick the one that costs you most.,,,,"Photorealistic conceptual photograph of money represented as small scattered coins on a dark workshop bench among tools, dramatic lighting, abstract and moody, editorial still life Photorealistic editorial photograph, UK domestic architecture, soft overcast British daylight, shot on 35mm, shallow depth of field, muted natural palette of slate grey, birch plywood, anthracite and warm oak. Documentary realism, not glossy advertising. Absolutely no text, no captions, no logos, no watermarks, no UI overlays.",photo-real,,IG,money,"Where does the margin actually go?

Four places. Pick the one that costs you most.

🪟  fenora.pro  —  one record for the whole window job

#smallbusiness #tradesbusiness #margin #quoting #fenorapro #bluecollar #constructionuk #renovation #homeimprovement #diy #makestrends #fenestration #glazing #joinery #doubleglazing #windows #fyp #reels #viral","Where does the margin actually go?

Four places. Pick the one that costs you most.

🪟  fenora.pro  —  one record for the whole window job",,,,08:15,draft,,,,Margin & Money
PO-05,trade-pain,poll,,The wall. Straight or not straight?,Every single fitter has a number. Type yours in the comments. I will start.,,,,"Photorealistic extreme close-up of a rough brick wall with a spirit level laid against it, the bubble clearly not centred, a steel rule in shot, unforgiving flat light, forensic Photorealistic editorial photograph, UK domestic architecture, soft overcast British daylight, shot on 35mm, shallow depth of field, muted natural palette of slate grey, birch plywood, anthracite and warm oak. Documentary realism, not glossy advertising. Absolutely no text, no captions, no logos, no watermarks, no UI overlays.",photo-real,,IG,pain,"The wall. Straight or not straight?

Every single fitter has a number. Type yours in the comments. I will start.

🪟  fenora.pro  —  one record for the whole window job

#fitterslife #tradeslife #windowfittersofinstagram #uktrades #fenorapro #constructionuk #renovation #homeimprovement #diy #makestrends #fenestration #glazing #joinery #doubleglazing #windows #fyp #reels #viral #trending","The wall. Straight or not straight?

Every single fitter has a number. Type yours in the comments. I will start.

🪟  fenora.pro  —  one record for the whole window job",,,,08:15,draft,,,,Trade Pain
PO-06,planning,poll,,The most realistic planning description,"A. “Alterations to the front elevation comprising replacement fenestration.”
B. “Replacement of uPVC windows with uPVC windows.”
C. “The windows have gone a bit yellow.”
D. All of the above, in one application.",,,,"Photorealistic flat lay of three official-looking planning documents and one handwritten note, a pair of reading glasses, a highlighter, desk lamp, dry and comic, overhead warm light Photorealistic editorial photograph, UK domestic architecture, soft overcast British daylight, shot on 35mm, shallow depth of field, muted natural palette of slate grey, birch plywood, anthracite and warm oak. Documentary realism, not glossy advertising. Absolutely no text, no captions, no logos, no watermarks, no UI overlays.",photo-real,,IG,planning,"The most realistic planning description

A. “Alterations to the front elevation comprising replacement fenestration.”
B. “Replacement of uPVC windows with uPVC windows.”
C. “The windows have gone a bit yellow.”
D. All of the above, in one application.

🪟  fenora.pro  —  one record for the whole window job

#planningpermission #planningapplication #conservationarea #listedbuilding #fenorapro #renovation #homeimprovement #diy #makestrends #fenestration #glazing #joinery #doubleglazing #windows #fyp #reels #viral #trending #explore","The most realistic planning description

A. “Alterations to the front elevation comprising replacement fenestration.”
B. “Replacement of uPVC windows with uPVC windows.”
C. “The windows have gone a bit yellow.”
D. All of the above, in one application.

🪟  fenora.pro  —  one record for the whole window job",,,,08:15,draft,,,,Planning Apps
ST-01,wip,story,,6am. First van out.,"Story only. No caption. Just the shot.

Ask the story poll at the end: ‘what’s the first job?’",,,,"Photorealistic vertical 9:16 photograph of a work van at a trade yard at dawn, headlights on, mist, loading door open, condensation on the glass, blue hour light, atmospheric and cinematic, no people Photorealistic candid documentary photograph of a UK tradesperson at work, hi-vis and worn workwear, tools and laser measure in frame, overcast British daylight, van or scaffold hinted in background, slightly chaotic and real, not staged. Muted natural palette, 35mm, shallow depth of field. Absolutely no text, no captions, no logos, no watermarks, no UI overlays.",photo-trades,9:16,IG,wip,"6am. First van out.

Story only. No caption. Just the shot.

Ask the story poll at the end: ‘what’s the first job?’

🪟  fenora.pro  —  one record for the whole window job

#buildinpublic #saasbuild #logistics #behindthescenes #fenorapro #tradesmen #builderlife #skilledtrades #bluecollar #constructionuk #renovation #homeimprovement #diy #makestrends #fenestration #glazing #joinery #doubleglazing #windows","6am. First van out.

Story only. No caption. Just the shot.

Ask the story poll at the end: ‘what’s the first job?’

🪟  fenora.pro  —  one record for the whole window job",,,,08:15,draft,,,,Behind the Scenes
ST-02,trade-pain,story,,"The reveal, before.","Story. Photo of the opening, no caption.

Sticker poll: ‘square or not square’",,,,"Photorealistic vertical 9:16 photograph of an empty, unprepared UK window opening before any fitting, raw brick, old plaster, damp evidence, a spirit level and tape left leaning against the wall, morning light pouring in, atmospheric Photorealistic editorial photograph, UK domestic architecture, soft overcast British daylight, shot on 35mm, shallow depth of field, muted natural palette of slate grey, birch plywood, anthracite and warm oak. Documentary realism, not glossy advertising. Absolutely no text, no captions, no logos, no watermarks, no UI overlays.",photo-real,9:16,IG,pain,"The reveal, before.

Story. Photo of the opening, no caption.

Sticker poll: ‘square or not square’

🪟  fenora.pro  —  one record for the whole window job

#fitterslife #tradeslife #windowfittersofinstagram #uktrades #fenorapro #builderlife #skilledtrades #bluecollar #constructionuk #renovation #homeimprovement #diy #makestrends #fenestration #glazing #joinery #doubleglazing #windows #fyp","The reveal, before.

Story. Photo of the opening, no caption.

Sticker poll: ‘square or not square’

🪟  fenora.pro  —  one record for the whole window job",,,,08:15,draft,,,,Trade Pain
ST-03,planning,story,,A planning approval landed last night.,"Story only.

Link sticker to the job finder.",Find yours. fenora.pro/job-finder,Find yours. fenora.pro/job-finder,,"Photorealistic vertical 9:16 phone-in-hand shot at 10pm showing a planning approval notification, a laptop blurred behind, dark room, single warm lamp, the thrill of a quiet win, cinematic Clean product photograph of a modern desktop software interface floating at a slight angle, dark charcoal UI with orange accent, crisp data tables and technical window drawings, soft neutral studio background with realistic reflections and shadow. Abstract unreadable micro-text only. No legible words, no logos, no watermarks.",screen-mock,9:16,IG,planning,"A planning approval landed last night.

Story only.

Link sticker to the job finder.

Find yours. fenora.pro/job-finder

🪟  fenora.pro  —  one record for the whole window job

#planningpermission #planningapplication #conservationarea #listedbuilding #fenorapro #skilledtrades #bluecollar #constructionuk #renovation #homeimprovement #diy #makestrends #fenestration #glazing #joinery #doubleglazing #windows #fyp #reels","A planning approval landed last night.

Story only.

Link sticker to the job finder.

Find yours. fenora.pro/job-finder

🪟  fenora.pro  —  one record for the whole window job",,,,08:15,draft,,,,Planning Apps
ST-04,team,story,,The office at 5pm.,"Story. No caption.

Sticker: poll ‘should we still be here?’ — obviously yes.",,,,"Photorealistic vertical 9:16 photograph of a small trade office at dusk with one person still working, a monitor showing a quote, a window sample, warm lamp light against a blue window, atmospheric Photorealistic editorial photograph, UK domestic architecture, soft overcast British daylight, shot on 35mm, shallow depth of field, muted natural palette of slate grey, birch plywood, anthracite and warm oak. Documentary realism, not glossy advertising. Absolutely no text, no captions, no logos, no watermarks, no UI overlays.",photo-real,9:16,IG,team,"The office at 5pm.

Story. No caption.

Sticker: poll ‘should we still be here?’ — obviously yes.

🪟  fenora.pro  —  one record for the whole window job

#teambuilding #tradespeople #apprentice #teamwork #fenorapro #bluecollar #constructionuk #renovation #homeimprovement #diy #makestrends #fenestration #glazing #joinery #doubleglazing #windows #fyp #reels #viral","The office at 5pm.

Story. No caption.

Sticker: poll ‘should we still be here?’ — obviously yes.

🪟  fenora.pro  —  one record for the whole window job",,,,08:15,draft,,,,Team & People
SS-01,trade-pain,static,winter,Winter. Which means it is a reveals-and-architraves season.,"October to February is not a quiet season. It is a weird season.

Nobody can see the opening. Nobody can see the brickwork. Nobody wants an open room. Everybody is cold, in a hurry, and asking for the work to be done before Christmas, which means it will be done after Christmas.",,,,"Photorealistic photograph of a UK semi-detached house in winter, snow or frost, windows lit from inside, scaffolding up, a fitter's van parked, bare trees, blue hour, cold and quiet, documentary Photorealistic editorial photograph, UK domestic architecture, soft overcast British daylight, shot on 35mm, shallow depth of field, muted natural palette of slate grey, birch plywood, anthracite and warm oak. Documentary realism, not glossy advertising. Absolutely no text, no captions, no logos, no watermarks, no UI overlays.",photo-real,,"IG,FB,LI",pain,"Winter. Which means it is a reveals-and-architraves season.

October to February is not a quiet season. It is a weird season.

Nobody can see the opening. Nobody can see the brickwork. Nobody wants an open room. Everybody is cold, in a hurry, and asking for the work to be done before Christmas, which means it will be done after Christmas.

🪟  fenora.pro  —  one record for the whole window job

#fitterslife #tradeslife #windowfittersofinstagram #uktrades #fenorapro #tradesmen #builderlife #skilledtrades #bluecollar #constructionuk #renovation #homeimprovement #diy #makestrends #fenestration #glazing #joinery #doubleglazing #windows","Winter. Which means it is a reveals-and-architraves season.

October to February is not a quiet season. It is a weird season.

Nobody can see the opening. Nobody can see the brickwork. Nobody wants an open room. Everybody is cold, in a hurry, and asking for the work to be done before Christmas, which means it will be done after Christmas.

🪟  fenora.pro  —  one record for the whole window job","Winter. Which means it is a reveals-and-architraves season.

October to February is not a quiet season. It is a weird season.

Nobody can see the opening. Nobody can see the brickwork. Nobody wants an open room. Everybody is cold, in a hurry, and asking for the work to be done before Christmas, which means it will be done after Christmas.

🪟  fenora.pro  —  one record for the whole window job","Winter. Which means it is a reveals-and-architraves season.

October to February is not a quiet season. It is a weird season.

Nobody can see the opening. Nobody can see the brickwork. Nobody wants an open room. Everybody is cold, in a hurry, and asking for the work to be done before Christmas, which means it will be done after Christmas.


— fenora.pro",,08:15,draft,,,,Trade Pain
SS-02,customer-reality,static,winter,"The January resolution: draughts, not windows","Every January, a quarter of the country decides the solution to a cold room is a £40 roll of brush sealer off the internet.

Sometimes that is exactly right and I am happy for them.

More often the problem is the cavity, the fireplace, the floor and the 1974 extension, and the roll of sealer is going to cost them the price of a door and give them back four months.",,,,"Photorealistic interior of a UK living room in winter with a lit fire, condensation on a cold window, a half-used roll of draught excluder on the cill, cosy but subtly hopeless, warm interior against cold blue window light Photorealistic editorial photograph, UK domestic architecture, soft overcast British daylight, shot on 35mm, shallow depth of field, muted natural palette of slate grey, birch plywood, anthracite and warm oak. Documentary realism, not glossy advertising. Absolutely no text, no captions, no logos, no watermarks, no UI overlays.",photo-real,,"IG,FB,LI",customers,"The January resolution: draughts, not windows

Every January, a quarter of the country decides the solution to a cold room is a £40 roll of brush sealer off the internet.

Sometimes that is exactly right and I am happy for them.

More often the problem is the cavity, the fireplace, the floor and the 1974 extension, and the roll of sealer is going to cost them the price of a door and give them back four months.

🪟  fenora.pro  —  one record for the whole window job

#homeownerlife #homeimprovement #renovationuk #ukhomeowner #fenorapro #builderlife #skilledtrades #bluecollar #constructionuk #renovation #homeimprovement #diy #makestrends #fenestration #glazing #joinery #doubleglazing #windows #fyp","The January resolution: draughts, not windows

Every January, a quarter of the country decides the solution to a cold room is a £40 roll of brush sealer off the internet.

Sometimes that is exactly right and I am happy for them.

More often the problem is the cavity, the fireplace, the floor and the 1974 extension, and the roll of sealer is going to cost them the price of a door and give them back four months.

🪟  fenora.pro  —  one record for the whole window job","The January resolution: draughts, not windows

Every January, a quarter of the country decides the solution to a cold room is a £40 roll of brush sealer off the internet.

Sometimes that is exactly right and I am happy for them.

More often the problem is the cavity, the fireplace, the floor and the 1974 extension, and the roll of sealer is going to cost them the price of a door and give them back four months.

🪟  fenora.pro  —  one record for the whole window job","The January resolution: draughts, not windows

Every January, a quarter of the country decides the solution to a cold room is a £40 roll of brush sealer off the internet.

Sometimes that is exactly right and I am happy for them.

More often the problem is the cavity, the fireplace, the floor and the 1974 extension, and the roll of sealer is going to cost them the price of a door and give them back four months.


— fenora.pro",,08:15,draft,,,,Customer Reality
SS-03,trade-pain,static,winter,Wet week. The trade does not stop.,"The trade does not stop in the wet.

The trade stops when it is unsafe, when the glass will not go in safely, or when the customer has decided that nobody should be having a bad day on their account.

That is three days a year, optimistically, and about a fortnight if you include weekends.",,,,"Photorealistic photograph of tradespeople in waterproofs carrying a window frame through heavy rain on a wet UK street, splash on the pavement, hi-vis saturated, dramatic grey light, determination, documentary Photorealistic candid documentary photograph of a UK tradesperson at work, hi-vis and worn workwear, tools and laser measure in frame, overcast British daylight, van or scaffold hinted in background, slightly chaotic and real, not staged. Muted natural palette, 35mm, shallow depth of field. Absolutely no text, no captions, no logos, no watermarks, no UI overlays.",photo-trades,,"IG,FB,LI",pain,"Wet week. The trade does not stop.

The trade does not stop in the wet.

The trade stops when it is unsafe, when the glass will not go in safely, or when the customer has decided that nobody should be having a bad day on their account.

That is three days a year, optimistically, and about a fortnight if you include weekends.

🪟  fenora.pro  —  one record for the whole window job

#fitterslife #tradeslife #windowfittersofinstagram #uktrades #fenorapro #skilledtrades #bluecollar #constructionuk #renovation #homeimprovement #diy #makestrends #fenestration #glazing #joinery #doubleglazing #windows #fyp #reels","Wet week. The trade does not stop.

The trade does not stop in the wet.

The trade stops when it is unsafe, when the glass will not go in safely, or when the customer has decided that nobody should be having a bad day on their account.

That is three days a year, optimistically, and about a fortnight if you include weekends.

🪟  fenora.pro  —  one record for the whole window job","Wet week. The trade does not stop.

The trade does not stop in the wet.

The trade stops when it is unsafe, when the glass will not go in safely, or when the customer has decided that nobody should be having a bad day on their account.

That is three days a year, optimistically, and about a fortnight if you include weekends.

🪟  fenora.pro  —  one record for the whole window job","Wet week. The trade does not stop.

The trade does not stop in the wet.

The trade stops when it is unsafe, when the glass will not go in safely, or when the customer has decided that nobody should be having a bad day on their account.

That is three days a year, optimistically, and about a fortnight if you include weekends.


— fenora.pro",,08:15,draft,,,,Trade Pain
SS-04,planning,static,spring,Spring. This is when the applications land.,"Spring is when the planning applications arrive.

Winter is for research. Spring is for validation. Summer is for the scaffold going up and the whole street finding out at once.

The jobs that get quoted in April are the jobs that get installed in July, and the ones that get installed in July are the ones whose survey you did in April, properly, with a drawing.",,,,"Photorealistic aerial photograph of a UK residential street in spring with blossom, scaffolding rising on several houses, a skip, trades vans, bright green trees, fresh and busy, documentary Photorealistic editorial photograph, UK domestic architecture, soft overcast British daylight, shot on 35mm, shallow depth of field, muted natural palette of slate grey, birch plywood, anthracite and warm oak. Documentary realism, not glossy advertising. Absolutely no text, no captions, no logos, no watermarks, no UI overlays.",photo-real,,"IG,FB,LI",planning,"Spring. This is when the applications land.

Spring is when the planning applications arrive.

Winter is for research. Spring is for validation. Summer is for the scaffold going up and the whole street finding out at once.

The jobs that get quoted in April are the jobs that get installed in July, and the ones that get installed in July are the ones whose survey you did in April, properly, with a drawing.

🪟  fenora.pro  —  one record for the whole window job

#planningpermission #planningapplication #conservationarea #listedbuilding #fenorapro #bluecollar #constructionuk #renovation #homeimprovement #diy #makestrends #fenestration #glazing #joinery #doubleglazing #windows #fyp #reels #viral","Spring. This is when the applications land.

Spring is when the planning applications arrive.

Winter is for research. Spring is for validation. Summer is for the scaffold going up and the whole street finding out at once.

The jobs that get quoted in April are the jobs that get installed in July, and the ones that get installed in July are the ones whose survey you did in April, properly, with a drawing.

🪟  fenora.pro  —  one record for the whole window job","Spring. This is when the applications land.

Spring is when the planning applications arrive.

Winter is for research. Spring is for validation. Summer is for the scaffold going up and the whole street finding out at once.

The jobs that get quoted in April are the jobs that get installed in July, and the ones that get installed in July are the ones whose survey you did in April, properly, with a drawing.

🪟  fenora.pro  —  one record for the whole window job","Spring. This is when the applications land.

Spring is when the planning applications arrive.

Winter is for research. Spring is for validation. Summer is for the scaffold going up and the whole street finding out at once.

The jobs that get quoted in April are the jobs that get installed in July, and the ones that get installed in July are the ones whose survey you did in April, properly, with a drawing.


— fenora.pro",,08:15,draft,,,,Planning Apps
SS-05,money,static,winter,Year end. The accounts do not fix themselves.,"Year end is when everybody discovers the same thing at the same time.

The job that was quoted at forty per cent. The variation nobody invoiced. The retention nobody chased. The customer who paid in March. The skip hire in November that was still on an account that was closed.

None of this is a bookkeeping problem. It is a records problem, and it was a records problem in March.",,,,"Photorealistic photograph of an accountant's desk at year end: stacks of invoices, a calculator, a ledger, a cold coffee, a laptop, low evening light, a sense of dread and accumulation, muted, documentary Photorealistic editorial photograph, UK domestic architecture, soft overcast British daylight, shot on 35mm, shallow depth of field, muted natural palette of slate grey, birch plywood, anthracite and warm oak. Documentary realism, not glossy advertising. Absolutely no text, no captions, no logos, no watermarks, no UI overlays.",photo-real,,"IG,FB,LI",money,"Year end. The accounts do not fix themselves.

Year end is when everybody discovers the same thing at the same time.

The job that was quoted at forty per cent. The variation nobody invoiced. The retention nobody chased. The customer who paid in March. The skip hire in November that was still on an account that was closed.

None of this is a bookkeeping problem. It is a records problem, and it was a records problem in March.

🪟  fenora.pro  —  one record for the whole window job

#smallbusiness #tradesbusiness #margin #quoting #fenorapro #constructionuk #renovation #homeimprovement #diy #makestrends #fenestration #glazing #joinery #doubleglazing #windows #fyp #reels #viral #trending","Year end. The accounts do not fix themselves.

Year end is when everybody discovers the same thing at the same time.

The job that was quoted at forty per cent. The variation nobody invoiced. The retention nobody chased. The customer who paid in March. The skip hire in November that was still on an account that was closed.

None of this is a bookkeeping problem. It is a records problem, and it was a records problem in March.

🪟  fenora.pro  —  one record for the whole window job","Year end. The accounts do not fix themselves.

Year end is when everybody discovers the same thing at the same time.

The job that was quoted at forty per cent. The variation nobody invoiced. The retention nobody chased. The customer who paid in March. The skip hire in November that was still on an account that was closed.

None of this is a bookkeeping problem. It is a records problem, and it was a records problem in March.

🪟  fenora.pro  —  one record for the whole window job","Year end. The accounts do not fix themselves.

Year end is when everybody discovers the same thing at the same time.

The job that was quoted at forty per cent. The variation nobody invoiced. The retention nobody chased. The customer who paid in March. The skip hire in November that was still on an account that was closed.

None of this is a bookkeeping problem. It is a records problem, and it was a records problem in March.


— fenora.pro",,08:15,draft,,,,Margin & Money
LL-01,contrarian,text,,"The window industry has a data problem, not a sales problem","Nobody in UK window manufacturing is short of work.

What they are short of is certainty. Certainty about what was quoted. What was surveyed. What was ordered. What was made. What was delivered. What was paid.

Six organisations, six systems, and one person — usually the most overloaded person in the company — responsible for the integrity of the whole chain.

The remake rate in this industry is a direct, measurable function of how many systems a job passes through. It is not a quality problem. Quality is the best part of this trade. It is a reconciliation problem.

The fix is not better salespeople or better ads. It is one record that carries the specification, the price, the evidence and the history from enquiry to final invoice, written once and read everywhere.

It is not glamorous. It is the whole thing.",One record for the whole job. fenora.pro,One record for the whole job. fenora.pro,The window industry does not have a sales problem. It has a reconciliation problem.,"Clean abstract architectural photograph: a single continuous line of light running through a dark industrial space, one beam, unbroken, minimal, high contrast, editorial, no text Photorealistic editorial photograph, UK domestic architecture, soft overcast British daylight, shot on 35mm, shallow depth of field, muted natural palette of slate grey, birch plywood, anthracite and warm oak. Documentary realism, not glossy advertising. Absolutely no text, no captions, no logos, no watermarks, no UI overlays.",photo-real,,"LI,IG,FB",contrarian,"The window industry has a data problem, not a sales problem

Nobody in UK window manufacturing is short of work.

What they are short of is certainty. Certainty about what was quoted. What was surveyed. What was ordered. What was made. What was delivered. What was paid.

Six organisations, six systems, and one person — usually the most overloaded person in the company — responsible for the integrity of the whole chain.

The remake rate in this industry is a direct, measurable function of how many systems a job passes through. It is not a quality problem. Quality is the best part of this trade. It is a reconciliation problem.

The fix is not better salespeople or better ads. It is one record that carries the specification, the price, the evidence and the history from enquiry to final invoice, written once and read everywhere.

It is not glamorous. It is the whole thing.

One record for the whole job. fenora.pro

🪟  fenora.pro  —  one record for the whole window job

#tradesindustry #unpopularopinion #buildintrade #tradesuk #fenorapro #tradesmen #builderlife #skilledtrades #bluecollar #constructionuk #renovation #homeimprovement #diy #makestrends #fenestration #glazing #joinery #doubleglazing #windows","The window industry has a data problem, not a sales problem

Nobody in UK window manufacturing is short of work.

What they are short of is certainty. Certainty about what was quoted. What was surveyed. What was ordered. What was made. What was delivered. What was paid.

Six organisations, six systems, and one person — usually the most overloaded person in the company — responsible for the integrity of the whole chain.

The remake rate in this industry is a direct, measurable function of how many systems a job passes through. It is not a quality problem. Quality is the best part of this trade. It is a reconciliation problem.

The fix is not better salespeople or better ads. It is one record that carries the specification, the price, the evidence and the history from enquiry to final invoice, written once and read everywhere.

It is not glamorous. It is the whole thing.

One record for the whole job. fenora.pro

🪟  fenora.pro  —  one record for the whole window job","The window industry has a data problem, not a sales problem

Nobody in UK window manufacturing is short of work.

What they are short of is certainty. Certainty about what was quoted. What was surveyed. What was ordered. What was made. What was delivered. What was paid.

Six organisations, six systems, and one person — usually the most overloaded person in the company — responsible for the integrity of the whole chain.

The remake rate in this industry is a direct, measurable function of how many systems a job passes through. It is not a quality problem. Quality is the best part of this trade. It is a reconciliation problem.

The fix is not better salespeople or better ads. It is one record that carries the specification, the price, the evidence and the history from enquiry to final invoice, written once and read everywhere.

It is not glamorous. It is the whole thing.

One record for the whole job. fenora.pro

🪟  fenora.pro  —  one record for the whole window job","The window industry does not have a sales problem. It has a reconciliation problem.

Nobody in UK window manufacturing is short of work.

What they are short of is certainty. Certainty about what was quoted. What was surveyed. What was ordered. What was made. What was delivered. What was paid.

Six organisations, six systems, and one person — usually the most overloaded person in the company — responsible for the integrity of the whole chain.

The remake rate in this industry is a direct, measurable function of how many systems a job passes through. It is not a quality problem. Quality is the best part of this trade. It is a reconciliation problem.

The fix is not better salespeople or better ads. It is one record that carries the specification, the price, the evidence and the history from enquiry to final invoice, written once and read everywhere.

It is not glamorous. It is the whole thing.

One record for the whole job. fenora.pro


— fenora.pro",,08:15,draft,,,,Contrarian Takes
LL-02,wip,text,,We built a job finder because nobody else bothered,"There is a public register of every planning application in the United Kingdom. It is free. It is searchable. It contains, in plain English, what people are applying to build on specific addresses.

Roughly one in six of those applications includes window or door work worth quoting.

Almost nobody is using it. The reason is not a lack of access — it is that turning a PDF into a lead, and a lead into a survey, and a survey into a quote requires a person with a highlighter and a lot of free time.

We built it into the platform instead. Search by radius, by application type, by date. Flag conservation area, Article 4 and listed status. Estimate units and likely specification. Add it to the pipeline as a real record with the address and the works attached.

The interesting part is not the search. It is that the job arrives in the system already connected to surveying, configuring, quoting and delivery, so nobody has to rebuild it in six other tools.

If you install windows, this is a free, permanent, uncrowded pipeline in your own area. It has been sitting there the entire time.",Planning job finder. fenora.pro/job-finder,Planning job finder. fenora.pro/job-finder,"There is a free, public, permanent pipeline of window work sitting in your area, and almost nobody is using it.","Clean conceptual photograph of a satellite-style map glowing on a dark screen with location pins, abstract, minimal, high contrast, no legible text, editorial technology photography Clean product photograph of a modern desktop software interface floating at a slight angle, dark charcoal UI with orange accent, crisp data tables and technical window drawings, soft neutral studio background with realistic reflections and shadow. Abstract unreadable micro-text only. No legible words, no logos, no watermarks.",screen-mock,,"LI,IG,FB",planning,"We built a job finder because nobody else bothered

There is a public register of every planning application in the United Kingdom. It is free. It is searchable. It contains, in plain English, what people are applying to build on specific addresses.

Roughly one in six of those applications includes window or door work worth quoting.

Almost nobody is using it. The reason is not a lack of access — it is that turning a PDF into a lead, and a lead into a survey, and a survey into a quote requires a person with a highlighter and a lot of free time.

We built it into the platform instead. Search by radius, by application type, by date. Flag conservation area, Article 4 and listed status. Estimate units and likely specification. Add it to the pipeline as a real record with the address and the works attached.

The interesting part is not the search. It is that the job arrives in the system already connected to surveying, configuring, quoting and delivery, so nobody has to rebuild it in six other tools.

If you install windows, this is a free, permanent, uncrowded pipeline in your own area. It has been sitting there the entire time.

Planning job finder. fenora.pro/job-finder

🪟  fenora.pro  —  one record for the whole window job

#planningpermission #planningapplication #conservationarea #listedbuilding #fenorapro #builderlife #skilledtrades #bluecollar #constructionuk #renovation #homeimprovement #diy #makestrends #fenestration #glazing #joinery #doubleglazing #windows #fyp","We built a job finder because nobody else bothered

There is a public register of every planning application in the United Kingdom. It is free. It is searchable. It contains, in plain English, what people are applying to build on specific addresses.

Roughly one in six of those applications includes window or door work worth quoting.

Almost nobody is using it. The reason is not a lack of access — it is that turning a PDF into a lead, and a lead into a survey, and a survey into a quote requires a person with a highlighter and a lot of free time.

We built it into the platform instead. Search by radius, by application type, by date. Flag conservation area, Article 4 and listed status. Estimate units and likely specification. Add it to the pipeline as a real record with the address and the works attached.

The interesting part is not the search. It is that the job arrives in the system already connected to surveying, configuring, quoting and delivery, so nobody has to rebuild it in six other tools.

If you install windows, this is a free, permanent, uncrowded pipeline in your own area. It has been sitting there the entire time.

Planning job finder. fenora.pro/job-finder

🪟  fenora.pro  —  one record for the whole window job","We built a job finder because nobody else bothered

There is a public register of every planning application in the United Kingdom. It is free. It is searchable. It contains, in plain English, what people are applying to build on specific addresses.

Roughly one in six of those applications includes window or door work worth quoting.

Almost nobody is using it. The reason is not a lack of access — it is that turning a PDF into a lead, and a lead into a survey, and a survey into a quote requires a person with a highlighter and a lot of free time.

We built it into the platform instead. Search by radius, by application type, by date. Flag conservation area, Article 4 and listed status. Estimate units and likely specification. Add it to the pipeline as a real record with the address and the works attached.

The interesting part is not the search. It is that the job arrives in the system already connected to surveying, configuring, quoting and delivery, so nobody has to rebuild it in six other tools.

If you install windows, this is a free, permanent, uncrowded pipeline in your own area. It has been sitting there the entire time.

Planning job finder. fenora.pro/job-finder

🪟  fenora.pro  —  one record for the whole window job","There is a free, public, permanent pipeline of window work sitting in your area, and almost nobody is using it.

There is a public register of every planning application in the United Kingdom. It is free. It is searchable. It contains, in plain English, what people are applying to build on specific addresses.

Roughly one in six of those applications includes window or door work worth quoting.

Almost nobody is using it. The reason is not a lack of access — it is that turning a PDF into a lead, and a lead into a survey, and a survey into a quote requires a person with a highlighter and a lot of free time.

We built it into the platform instead. Search by radius, by application type, by date. Flag conservation area, Article 4 and listed status. Estimate units and likely specification. Add it to the pipeline as a real record with the address and the works attached.

The interesting part is not the search. It is that the job arrives in the system already connected to surveying, configuring, quoting and delivery, so nobody has to rebuild it in six other tools.

If you install windows, this is a free, permanent, uncrowded pipeline in your own area. It has been sitting there the entire time.

Planning job finder. fenora.pro/job-finder


— fenora.pro",,08:15,draft,,,,Behind the Scenes
LL-03,build-in-public,text,,Why we will not publish a customer testimonial,"We could have a wall of them tomorrow. That was available to us on day one.

The reason we have not is that every customer we have is a window business, and a window business that publishes its own margin, its own remake rate and its own quoting failures to a software vendor's website has taken a risk it did not need to take.

So we will not ask.

What we will publish instead is four measures: time to quote, remakes, margin held against margin quoted, and re-entries per job. Real businesses, real figures, agreed in writing before anything goes on the site.

We have none of those published yet. Not because we do not track them, but because we do not have permission from the right number of people.

That is a slower way to build trust. It is also the only way that survives a reference call.",The four measures we hold ourselves to. fenora.pro,The four measures we hold ourselves to. fenora.pro,Every SaaS company has customer testimonials available on day one. Here is why we have not used one.,"Clean minimal photograph of an empty presentation board or blank wall in a workshop, single shaft of light, nothing on it, honest, muted, no text, no logos, editorial Photorealistic editorial photograph, UK domestic architecture, soft overcast British daylight, shot on 35mm, shallow depth of field, muted natural palette of slate grey, birch plywood, anthracite and warm oak. Documentary realism, not glossy advertising. Absolutely no text, no captions, no logos, no watermarks, no UI overlays.",photo-real,,"LI,IG,FB",build,"Why we will not publish a customer testimonial

We could have a wall of them tomorrow. That was available to us on day one.

The reason we have not is that every customer we have is a window business, and a window business that publishes its own margin, its own remake rate and its own quoting failures to a software vendor's website has taken a risk it did not need to take.

So we will not ask.

What we will publish instead is four measures: time to quote, remakes, margin held against margin quoted, and re-entries per job. Real businesses, real figures, agreed in writing before anything goes on the site.

We have none of those published yet. Not because we do not track them, but because we do not have permission from the right number of people.

That is a slower way to build trust. It is also the only way that survives a reference call.

The four measures we hold ourselves to. fenora.pro

🪟  fenora.pro  —  one record for the whole window job

#buildinpublic #indiehacker #saasfounder #startuplife #fenorapro #skilledtrades #bluecollar #constructionuk #renovation #homeimprovement #diy #makestrends #fenestration #glazing #joinery #doubleglazing #windows #fyp #reels","Why we will not publish a customer testimonial

We could have a wall of them tomorrow. That was available to us on day one.

The reason we have not is that every customer we have is a window business, and a window business that publishes its own margin, its own remake rate and its own quoting failures to a software vendor's website has taken a risk it did not need to take.

So we will not ask.

What we will publish instead is four measures: time to quote, remakes, margin held against margin quoted, and re-entries per job. Real businesses, real figures, agreed in writing before anything goes on the site.

We have none of those published yet. Not because we do not track them, but because we do not have permission from the right number of people.

That is a slower way to build trust. It is also the only way that survives a reference call.

The four measures we hold ourselves to. fenora.pro

🪟  fenora.pro  —  one record for the whole window job","Why we will not publish a customer testimonial

We could have a wall of them tomorrow. That was available to us on day one.

The reason we have not is that every customer we have is a window business, and a window business that publishes its own margin, its own remake rate and its own quoting failures to a software vendor's website has taken a risk it did not need to take.

So we will not ask.

What we will publish instead is four measures: time to quote, remakes, margin held against margin quoted, and re-entries per job. Real businesses, real figures, agreed in writing before anything goes on the site.

We have none of those published yet. Not because we do not track them, but because we do not have permission from the right number of people.

That is a slower way to build trust. It is also the only way that survives a reference call.

The four measures we hold ourselves to. fenora.pro

🪟  fenora.pro  —  one record for the whole window job","Every SaaS company has customer testimonials available on day one. Here is why we have not used one.

We could have a wall of them tomorrow. That was available to us on day one.

The reason we have not is that every customer we have is a window business, and a window business that publishes its own margin, its own remake rate and its own quoting failures to a software vendor's website has taken a risk it did not need to take.

So we will not ask.

What we will publish instead is four measures: time to quote, remakes, margin held against margin quoted, and re-entries per job. Real businesses, real figures, agreed in writing before anything goes on the site.

We have none of those published yet. Not because we do not track them, but because we do not have permission from the right number of people.

That is a slower way to build trust. It is also the only way that survives a reference call.

The four measures we hold ourselves to. fenora.pro


— fenora.pro",,08:15,draft,,,,Build In Public
LL-04,money,text,,Window businesses do not lose money in the factory,"They lose it in four places that almost nobody writes down.

One: the survey. An opening comes in 9mm out, it becomes a wedge, a second visit and a morning, and it is absorbed because the quote was a lump sum with a fitting percentage buried inside it.

Two: the office. The specification is re-keyed between systems, and once it is re-keyed it belongs to whoever keyed it last.

Three: the second visit. “Just while you're here” has no scope, no price and no owner, and it is the single most expensive sentence in domestic construction.

Four: delivery. A 2,180mm frame on an unsuitable vehicle becomes two vans, and two vans are rarely in anybody's model.

None of this is a manufacturing problem. The manufacturing in this industry is genuinely world class.

It is a data problem, and data problems are cheap to fix and expensive to ignore.",Price the fitting. Carry the variation. fenora.pro,Price the fitting. Carry the variation. fenora.pro,"The best manufacturing in the industry, undone by four data problems that cost less to fix than a single remake.","Clean conceptual photograph of a single candle-lit workspace in a large dark industrial hall, one desk, everything else in shadow, minimal, high contrast, editorial, no text Photorealistic editorial photograph, UK domestic architecture, soft overcast British daylight, shot on 35mm, shallow depth of field, muted natural palette of slate grey, birch plywood, anthracite and warm oak. Documentary realism, not glossy advertising. Absolutely no text, no captions, no logos, no watermarks, no UI overlays.",photo-real,,"LI,IG,FB",money,"Window businesses do not lose money in the factory

They lose it in four places that almost nobody writes down.

One: the survey. An opening comes in 9mm out, it becomes a wedge, a second visit and a morning, and it is absorbed because the quote was a lump sum with a fitting percentage buried inside it.

Two: the office. The specification is re-keyed between systems, and once it is re-keyed it belongs to whoever keyed it last.

Three: the second visit. “Just while you're here” has no scope, no price and no owner, and it is the single most expensive sentence in domestic construction.

Four: delivery. A 2,180mm frame on an unsuitable vehicle becomes two vans, and two vans are rarely in anybody's model.

None of this is a manufacturing problem. The manufacturing in this industry is genuinely world class.

It is a data problem, and data problems are cheap to fix and expensive to ignore.

Price the fitting. Carry the variation. fenora.pro

🪟  fenora.pro  —  one record for the whole window job

#smallbusiness #tradesbusiness #margin #quoting #fenorapro #bluecollar #constructionuk #renovation #homeimprovement #diy #makestrends #fenestration #glazing #joinery #doubleglazing #windows #fyp #reels #viral","Window businesses do not lose money in the factory

They lose it in four places that almost nobody writes down.

One: the survey. An opening comes in 9mm out, it becomes a wedge, a second visit and a morning, and it is absorbed because the quote was a lump sum with a fitting percentage buried inside it.

Two: the office. The specification is re-keyed between systems, and once it is re-keyed it belongs to whoever keyed it last.

Three: the second visit. “Just while you're here” has no scope, no price and no owner, and it is the single most expensive sentence in domestic construction.

Four: delivery. A 2,180mm frame on an unsuitable vehicle becomes two vans, and two vans are rarely in anybody's model.

None of this is a manufacturing problem. The manufacturing in this industry is genuinely world class.

It is a data problem, and data problems are cheap to fix and expensive to ignore.

Price the fitting. Carry the variation. fenora.pro

🪟  fenora.pro  —  one record for the whole window job","Window businesses do not lose money in the factory

They lose it in four places that almost nobody writes down.

One: the survey. An opening comes in 9mm out, it becomes a wedge, a second visit and a morning, and it is absorbed because the quote was a lump sum with a fitting percentage buried inside it.

Two: the office. The specification is re-keyed between systems, and once it is re-keyed it belongs to whoever keyed it last.

Three: the second visit. “Just while you're here” has no scope, no price and no owner, and it is the single most expensive sentence in domestic construction.

Four: delivery. A 2,180mm frame on an unsuitable vehicle becomes two vans, and two vans are rarely in anybody's model.

None of this is a manufacturing problem. The manufacturing in this industry is genuinely world class.

It is a data problem, and data problems are cheap to fix and expensive to ignore.

Price the fitting. Carry the variation. fenora.pro

🪟  fenora.pro  —  one record for the whole window job","The best manufacturing in the industry, undone by four data problems that cost less to fix than a single remake.

They lose it in four places that almost nobody writes down.

One: the survey. An opening comes in 9mm out, it becomes a wedge, a second visit and a morning, and it is absorbed because the quote was a lump sum with a fitting percentage buried inside it.

Two: the office. The specification is re-keyed between systems, and once it is re-keyed it belongs to whoever keyed it last.

Three: the second visit. “Just while you're here” has no scope, no price and no owner, and it is the single most expensive sentence in domestic construction.

Four: delivery. A 2,180mm frame on an unsuitable vehicle becomes two vans, and two vans are rarely in anybody's model.

None of this is a manufacturing problem. The manufacturing in this industry is genuinely world class.

It is a data problem, and data problems are cheap to fix and expensive to ignore.

Price the fitting. Carry the variation. fenora.pro


— fenora.pro",,08:15,draft,,,,Margin & Money
LL-05,contrarian,text,,The spreadsheet is not a cheap version of quoting software,"It is a shared, mutable document with no version history, no permissions, no validation and no relationship to anything else in the business.

Every modification overwrites the last. Two people cannot work in it at once. Nothing enforces that a width is a number. Nothing knows that opening W0.2 belongs to a survey that belongs to a job that belongs to a customer.

And the cell that somebody changed last Thursday — the one that moves a casement from 1200 to 1186 — has no record of who changed it, when, or why, and by the time anybody notices, the frame is on a van.

A spreadsheet is a genuinely useful tool. It is a terrible system of record.

The distinction matters because most small businesses have quietly decided that the spreadsheet is the system. It is not the system. It is the place the data goes to get lost.",No spreadsheets. One record. fenora.pro,No spreadsheets. One record. fenora.pro,A spreadsheet is not a cheap version of quoting software. It is a system of record with none of the guarantees of one.,"Clean conceptual still life: a crumpled printed spreadsheet on a dark desk with a pen resting on one altered cell, a magnifying glass, a single hard light source, moody, editorial, no legible text Photorealistic editorial photograph, UK domestic architecture, soft overcast British daylight, shot on 35mm, shallow depth of field, muted natural palette of slate grey, birch plywood, anthracite and warm oak. Documentary realism, not glossy advertising. Absolutely no text, no captions, no logos, no watermarks, no UI overlays.",photo-real,,"LI,IG,FB",contrarian,"The spreadsheet is not a cheap version of quoting software

It is a shared, mutable document with no version history, no permissions, no validation and no relationship to anything else in the business.

Every modification overwrites the last. Two people cannot work in it at once. Nothing enforces that a width is a number. Nothing knows that opening W0.2 belongs to a survey that belongs to a job that belongs to a customer.

And the cell that somebody changed last Thursday — the one that moves a casement from 1200 to 1186 — has no record of who changed it, when, or why, and by the time anybody notices, the frame is on a van.

A spreadsheet is a genuinely useful tool. It is a terrible system of record.

The distinction matters because most small businesses have quietly decided that the spreadsheet is the system. It is not the system. It is the place the data goes to get lost.

No spreadsheets. One record. fenora.pro

🪟  fenora.pro  —  one record for the whole window job

#tradesindustry #unpopularopinion #buildintrade #tradesuk #fenorapro #constructionuk #renovation #homeimprovement #diy #makestrends #fenestration #glazing #joinery #doubleglazing #windows #fyp #reels #viral #trending","The spreadsheet is not a cheap version of quoting software

It is a shared, mutable document with no version history, no permissions, no validation and no relationship to anything else in the business.

Every modification overwrites the last. Two people cannot work in it at once. Nothing enforces that a width is a number. Nothing knows that opening W0.2 belongs to a survey that belongs to a job that belongs to a customer.

And the cell that somebody changed last Thursday — the one that moves a casement from 1200 to 1186 — has no record of who changed it, when, or why, and by the time anybody notices, the frame is on a van.

A spreadsheet is a genuinely useful tool. It is a terrible system of record.

The distinction matters because most small businesses have quietly decided that the spreadsheet is the system. It is not the system. It is the place the data goes to get lost.

No spreadsheets. One record. fenora.pro

🪟  fenora.pro  —  one record for the whole window job","The spreadsheet is not a cheap version of quoting software

It is a shared, mutable document with no version history, no permissions, no validation and no relationship to anything else in the business.

Every modification overwrites the last. Two people cannot work in it at once. Nothing enforces that a width is a number. Nothing knows that opening W0.2 belongs to a survey that belongs to a job that belongs to a customer.

And the cell that somebody changed last Thursday — the one that moves a casement from 1200 to 1186 — has no record of who changed it, when, or why, and by the time anybody notices, the frame is on a van.

A spreadsheet is a genuinely useful tool. It is a terrible system of record.

The distinction matters because most small businesses have quietly decided that the spreadsheet is the system. It is not the system. It is the place the data goes to get lost.

No spreadsheets. One record. fenora.pro

🪟  fenora.pro  —  one record for the whole window job","A spreadsheet is not a cheap version of quoting software. It is a system of record with none of the guarantees of one.

It is a shared, mutable document with no version history, no permissions, no validation and no relationship to anything else in the business.

Every modification overwrites the last. Two people cannot work in it at once. Nothing enforces that a width is a number. Nothing knows that opening W0.2 belongs to a survey that belongs to a job that belongs to a customer.

And the cell that somebody changed last Thursday — the one that moves a casement from 1200 to 1186 — has no record of who changed it, when, or why, and by the time anybody notices, the frame is on a van.

A spreadsheet is a genuinely useful tool. It is a terrible system of record.

The distinction matters because most small businesses have quietly decided that the spreadsheet is the system. It is not the system. It is the place the data goes to get lost.

No spreadsheets. One record. fenora.pro


— fenora.pro",,08:15,draft,,,,Contrarian Takes
